Crash Id,Calendar Year,FDOT Crash Number,Reporting Agency Case Number,Reporting Agency Type,FDOT Managing District,County Name,Crash Date,Crash Time,Day,DHSMV City,Crash Report City Code,In Town,On Roadway Name,Int Roadway Name,Reference Distance (Miles),Reference Direction,Officer Latitude,Officer Longitude,FDOT Latitude,FDOT Longitude,FDOT Roadway,Nearest Inventory MP,Nearest Node From Crash,State Road #,US Highway,Crash Side of Road,Accident Lane Number,Travel Direction Vehicle 1,FDOT Road Category,DHSMV Road System Id,Relation to Junction,Crash Harmful Event Location,Intersection Type,Shoulder Type,FDOT Roadway SKID Test Result,FDOT Roadway SKID Test Date,Functional Class,RCI Surface Width,RCI Shoulder Type First,RCI Shoulder Width First,RCI Shoulder Type Second,RCI Shoulder Width Second,RCI Shoulder Type Third,RCI Shoulder Width Third,RCI Median Width,Avg Daily Traffic,AADT Source,RCI Avg Per Truck Traffic,RCI Horiz Curve Condition,Posted Speed Limit,Highest Injury in Crash,CAR Status Code,Alcohols/Drug Involved,Site Location,Lighting,Weather,Road Surface,Roadway Grade,Roadway Alignment,Traffic Way Vehicle 1,Traffic Way Vehicle 2,Traffic Control Vehicle 1,Traffic Control Vehicle 2,Count of Lanes,Road Condition 1,Road Condition 2,Road Condition 3,Environment Condition 1,Environment Condition 2,Environment Condition 3,Crash Harmful Event,Manner of Collision,Vehicle Movement,Driver Action Vehicle 1,Driver Action Vehicle 2,Location Within Workzone,Type of Workzone,Workers Present in Workzone,Law Enforcement Present in Workzone,School Bus Related,Count of Nonfatal Injuries,Count of Traffic Fatalities,Count of Serious Injuries,Count of Pedestrians,Count of Drivers,Count of Bicyclists,Count of Vehicles,Count of Persons,Wrong Way,Workzone Inv,Commercial Vehicle Inv,Intersection Inv,Lane Departure,Speeding,Agressive Driving,Impaired Driver,Impaired Pedestrian,Impaired Bicyclist,Distracted Driver,Speeding or Aggressive Driving,Pedestrian Related,Bicyclist Related,Pedestrian or Bicyclist Related,Motorcycle Inv,No Belt,No Belt - Ages 1-4,No Belt - Ages 5-12,No Belt - Ages 13-17,Driver - Ages Teen,Driver - Ages 65 plus,Driver - Ages 65-69,Driver - Ages 70-74,Driver - Ages 75-79,Driver - Ages 80 plus,ARBM Latitude,ARBM Longitude,UTM Zone 17N X,UTM Zone 17N Y,ARBM Side of Road,Urban Rural Indicator,GIS Street Source,Extract Date,OBJECTID,x,y
2020883619490,2020,883619490,FHPD20OFF048887,FLORIDA HIGHWAY PATROL,05 FIFTH,ORANGE,"July 19, 2020",1640,MONDAY,7546 ORLANDO,0746,N,SR 50,HIAWASSEE RD,0.019,W,28.55199,-81.47578,28.5520627,-81.4761367,75050000,11.082,02138,SR 50,,R RIGHT,S SIDE OF ROAD,E EAST,30 URBAN 6+LN 2WY DIVD RASD,03 STATE,01 NON-JUNCTION,03 SHOULDER,01 NOT AT INTERSECTION,03 CURB,44,"April 1, 2018",14 URBAN PRIN ART OTHER,36,PAVED,4,CURB&GUTTER,2,,0,28,46000,RCI,4.6,,45,2 POSSIBLE INJURY,31 Q/C COMPLETED - LOC VERIFIED,0 NO,03 INFLUENCED BY INTERSECTION,01 DAYLIGHT,01 CLEAR,01 DRY,01 LEVEL,1 STRAIGHT,"TWO-WAY, DIVIDED, POSITIVE MED",,NO CONTROLS,NOT CODED,6,NONE,NOT CODED,NOT CODED,NONE,NOT CODED,NOT CODED,34 TRAFFIC SIGN SUPPORT,77 OTHER (SEE NARRATIVE),16 LEAVING TRAFFIC LANE,OPERATED MV IN CARLESS OR NEGL,NOT CODED,00 NOT CODED,00 NOT CODED,00 NOT CODED,00 NOT CODED,01 NO,1,0,0,0,1,0,1,1,N,N,N,Y,N,N,N,N,N,N,Y,N,N,N,N,N,N,N,N,N,N,N,N,N,N,N,28.551981962,-81.476166284,453422.571601,3158443.213839,R,,ARBM15Q1R2,"June 10, 2023",2400449,-9069885.691709865,3318746.6991808894
2020883621510,2020,883621510,FHPD20OFF044093,FLORIDA HIGHWAY PATROL,05 FIFTH,ORANGE,"June 30, 2020",0715,WEDNESDAY,"7500 UNINCORPORATED, ORANGE",0700,N,SR 552,SR 551,0.019,W,28.5161971,-81.2898396,28.5158319,-81.2899941,75012000,2.62,04717,SR 552,,R RIGHT,2 THRU LANE 2,E EAST,20 URBAN 4-5LN 2WY DIVD RASD,03 STATE,03 INTERSECTION-RELATED,01 ON ROADWAY,01 NOT AT INTERSECTION,03 CURB,36,"February 11, 2020",16 URBAN MINOR ART,22,CURB&GUTTER,2,,0,,0,30,35000,RCI,2.6,2D10,45,1 NO INJURY,31 Q/C COMPLETED - LOC VERIFIED,0 NO,03 INFLUENCED BY INTERSECTION,01 DAYLIGHT,01 CLEAR,01 DRY,01 LEVEL,1 STRAIGHT,"TWO-WAY, DIVIDED, POSITIVE MED","TWO-WAY, DIVIDED, POSITIVE MED",NO CONTROLS,NO CONTROLS,4,NONE,NOT CODED,NOT CODED,NONE,NOT CODED,NOT CODED,14 MOTOR VEHICLE IN TRANSPORT,01 FRONT TO REAR,01 STRAIGHT AHEAD,OPERATED MV IN CARLESS OR NEGL,NO CONTRIBUTING ACTION,00 NOT CODED,00 NOT CODED,00 NOT CODED,00 NOT CODED,01 NO,0,0,0,0,2,0,2,2,N,N,N,Y,N,N,N,N,N,N,Y,N,N,N,N,N,N,N,N,N,N,N,N,N,N,N,28.515684413,-81.28990994,471632.107485,3154363.789532,R,,ARBM15Q1R2,"June 10, 2023",2400451,-9049151.724165058,3314147.4236559337
2020883840430,2020,883840430,FHPD20OFF066738,FLORIDA HIGHWAY PATROL,05 FIFTH,ORANGE,"September 27, 2020",1440,MONDAY,7546 ORLANDO,0746,N,SR 436,SR 50,0.005,S,28.5563226,-81.3107559,28.5572075,-81.3107733,75003000,7.308,04792,SR 436,,R RIGHT,1 THRU LANE 1,N NORTH,30 URBAN 6+LN 2WY DIVD RASD,03 STATE,03 INTERSECTION-RELATED,01 ON ROADWAY,01 NOT AT INTERSECTION,03 CURB,40,"March 2, 2020",14 URBAN PRIN ART OTHER,33,CURB&GUTTER,2,,0,,0,25,64500,RCI,4.2,,45,2 POSSIBLE INJURY,31 Q/C COMPLETED - LOC VERIFIED,0 NO,03 INFLUENCED BY INTERSECTION,02 DUSK,03 RAIN,02 WET,01 LEVEL,1 STRAIGHT,"TWO-WAY, DIVIDED, POSITIVE MED","TWO-WAY, DIVIDED, POSITIVE MED",NO CONTROLS,NO CONTROLS,6,NONE,NOT CODED,NOT CODED,NONE,NOT CODED,NOT CODED,14 MOTOR VEHICLE IN TRANSPORT,03 ANGLE,06 CHANGING LANES,OPERATED MV IN CARLESS OR NEGL,NO CONTRIBUTING ACTION,00 NOT CODED,00 NOT CODED,00 NOT CODED,00 NOT CODED,01 NO,3,0,0,0,3,0,3,4,N,N,N,Y,N,N,N,N,N,N,Y,N,N,N,N,N,N,N,N,N,Y,N,N,N,N,N,28.55722956,-81.310706911,469609.022136,3158971.449004,R,,ARBM15Q1R2,"June 10, 2023",2400455,-9051466.833252097,3319411.7560299085
2020883840450,2020,883840450,FHPD20OFF066879,FLORIDA HIGHWAY PATROL,05 FIFTH,ORANGE,"September 27, 2020",2046,MONDAY,7546 ORLANDO,0746,N,SR 50,CR 13,0.005,W,28.5535841,-81.1066966,28.5533824,-81.105923,75060000,18.041,02171,SR 50,,R RIGHT,1 THRU LANE 1,E EAST,23 SUBURBAN 4-5LN 2WY DIVD RASD,03 STATE,03 INTERSECTION-RELATED,01 ON ROADWAY,02 FOUR-WAY INTERSECTION,02 UNPAVED,36,"September 9, 2019",14 URBAN PRIN ART OTHER,24,PAVED,4,LAWN,6,,0,21,29167,RCI,4.1,,45,2 POSSIBLE INJURY,31 Q/C COMPLETED - LOC VERIFIED,0 NO,03 INFLUENCED BY INTERSECTION,02 DUSK,02 CLOUDY,02 WET,01 LEVEL,1 STRAIGHT,"TWO-WAY, DIVIDED, POSITIVE MED","TWO-WAY, DIVIDED, POSITIVE MED",TRAFFIC CONTROL SIGNAL,TRAFFIC CONTROL SIGNAL,4,NONE,NOT CODED,NOT CODED,NONE,NOT CODED,NOT CODED,14 MOTOR VEHICLE IN TRANSPORT,01 FRONT TO REAR,01 STRAIGHT AHEAD,OPERATED MV IN CARLESS OR NEGL,NO CONTRIBUTING ACTION,00 NOT CODED,00 NOT CODED,00 NOT CODED,00 NOT CODED,01 NO,2,0,0,0,2,0,2,5,N,N,N,Y,N,N,N,N,N,N,Y,N,N,N,N,N,N,N,N,N,N,N,N,N,N,N,28.553356614,-81.1060532,489626.330549,3158507.585075,R,,ARBM15Q1R2,"June 10, 2023",2400456,-9028684.87981245,3318920.9142868933
2020883621530,2020,883621530,FHPD20OFF044357,FLORIDA HIGHWAY PATROL,05 FIFTH,ORANGE,"July 1, 2020",0613,THURSDAY,"7500 UNINCORPORATED, ORANGE",0700,N,SR 50,SHEPARD RD,0,,28.55899,-81.1243599,28.5589542,-81.124008,75060000,16.877,05219,SR 50,,R RIGHT,2 THRU LANE 2,N NORTH,23 SUBURBAN 4-5LN 2WY DIVD RASD,03 STATE,02 INTERSECTION,01 ON ROADWAY,03 T-INTERSECTION,02 UNPAVED,36,"September 9, 2019",14 URBAN PRIN ART OTHER,24,PAVED,4,LAWN,6,,0,21,29167,RCI,4.1,,45,3 NO-INCAPACITATING INJURY,31 Q/C COMPLETED - LOC VERIFIED,0 NO,02 AT INTERSECTION,03 DAWN,01 CLEAR,01 DRY,01 LEVEL,1 STRAIGHT,"TWO-WAY, NOT DIVIDED","TWO-WAY, DIVIDED, POSITIVE MED",STOP SIGN,NO CONTROLS,4,NONE,NOT CODED,NOT CODED,NONE,NOT CODED,NOT CODED,14 MOTOR VEHICLE IN TRANSPORT,03 ANGLE,03 TURNING LEFT,FAILED TO YIELD RIGHT-OF-WAY,NO CONTRIBUTING ACTION,00 NOT CODED,00 NOT CODED,00 NOT CODED,00 NOT CODED,01 NO,1,0,0,0,2,0,2,2,N,N,N,Y,N,N,N,N,N,N,Y,N,N,N,N,N,N,N,N,N,N,N,N,N,N,N,28.558919511,-81.124133708,487858.409652,3159125.564771,R,,ARBM15Q1R2,"June 10, 2023",2400464,-9030697.593207847,3319625.9403247843
2020883621800,2020,883621800,FHPD20OFF057763,FLORIDA HIGHWAY PATROL,05 FIFTH,ORANGE,"August 24, 2020",0610,TUESDAY,"7500 UNINCORPORATED, ORANGE",0700,N,SR 417,NARCOOSSEE RD,0,,28.40133,-81.24441,28.4013242,-81.2447181,75301012,0,03661,SR 417,,L LEFT,X RAMP,S SOUTH,08 RAMP RURAL,04 COUNTY,02 INTERSECTION,01 ON ROADWAY,02 FOUR-WAY INTERSECTION,03 CURB,0,"December 31, 2000",,15,CURB&GUTTER,2,,0,,0,,6300,RCI,4.1,,,1 NO INJURY,31 Q/C COMPLETED - LOC VERIFIED,0 NO,07 ENTRANCE RAMP,03 DAWN,01 CLEAR,01 DRY,01 LEVEL,1 STRAIGHT,"TWO-WAY, DIVIDED, POSITIVE MED","TWO-WAY, DIVIDED, POSITIVE MED",TRAFFIC CONTROL SIGNAL,TRAFFIC CONTROL SIGNAL,1,NONE,NOT CODED,NOT CODED,NONE,NOT CODED,NOT CODED,14 MOTOR VEHICLE IN TRANSPORT,03 ANGLE,01 STRAIGHT AHEAD,OPERATED MV IN CARLESS OR NEGL,NO CONTRIBUTING ACTION,00 NOT CODED,00 NOT CODED,00 NOT CODED,00 NOT CODED,01 NO,0,0,0,0,2,0,2,2,N,N,N,N,N,N,N,N,N,N,Y,N,N,N,N,N,N,N,N,N,N,N,N,N,N,N,28.401283139,-81.244713918,476028.7918,3141680.2105,O,,ARBM15Q1R2,"June 10, 2023",2400467,-9044120.524204524,3299661.9370582476
2020883274640,2020,883274640,FHPD20OFF047959,FLORIDA HIGHWAY PATROL,05 FIFTH,ORANGE,"July 15, 2020",1545,THURSDAY,7554 WINTER PARK,0754,N,I 4,MM 88,0.095,S,28.5996851,-81.3861442,28.6079126,-81.3864457,75280000,22.435,00401,SR 400,I 4,R RIGHT,3 THRU LANE 3,E EAST,01 INTERSTATE URBAN,01 INTERSTATE,01 NON-JUNCTION,01 ON ROADWAY,01 NOT AT INTERSECTION,01 PAVED,27,"September 16, 2014",11 URBAN PRIN ART INT.,36,PAVED WARN,10,LAWN,2,,0,16,172500,RCI,6.8,0D15,50,1 NO INJURY,31 Q/C COMPLETED - LOC VERIFIED,0 NO,01 NOT AT INTERSECTION/RRX/BRIDGE,01 DAYLIGHT,01 CLEAR,01 DRY,01 LEVEL,1 STRAIGHT,"TWO-WAY, DIVIDED, POSITIVE MED","TWO-WAY, DIVIDED, POSITIVE MED",NO CONTROLS,NO CONTROLS,6,NONE,NOT CODED,NOT CODED,NONE,NOT CODED,NOT CODED,14 MOTOR VEHICLE IN TRANSPORT,01 FRONT TO REAR,01 STRAIGHT AHEAD,OPERATED MV IN CARLESS OR NEGL,NO CONTRIBUTING ACTION,00 NOT CODED,00 NOT CODED,00 NOT CODED,00 NOT CODED,01 NO,0,0,0,0,3,0,3,3,N,N,N,N,N,N,N,N,N,N,N,N,N,N,N,N,N,N,N,N,N,N,N,N,N,N,28.607927894,-81.386417755,462221.633092,3164609.649077,R,,ARBM15Q1R2,"June 10, 2023",2400752,-9059894.92849641,3325838.736392254
2020883400750,2020,883400750,FHPD20OFF057134,FLORIDA HIGHWAY PATROL,05 FIFTH,ORANGE,"August 21, 2020",1628,SATURDAY,7533 ORLANDO TRANSIT AUTHORITY,0733,N,SR 414,HAWTHORN AVE,0.189,S,28.64846,-81.51661,28.6473914,-81.5150266,75340000,4.332,04557,SR 414,,M MEDIAN,M MIDDLE,E EAST,03 TOLL ROAD URBAN,06 TURNPIKE/TOLL,01 NON-JUNCTION,03 SHOULDER,01 NOT AT INTERSECTION,01 PAVED,39,"March 2, 2020",12 URBAN PRIN ART EXPR.,36,PAVED,4,VALLEY GUTR,2,,0,26,36500,RCI,3.8,1D22,65,2 POSSIBLE INJURY,31 Q/C COMPLETED - LOC VERIFIED,0 NO,01 NOT AT INTERSECTION/RRX/BRIDGE,01 DAYLIGHT,03 RAIN,02 WET,01 LEVEL,1 STRAIGHT,"TWO-WAY, DIVIDED, POSITIVE MED",,NO CONTROLS,NOT CODED,6,NONE,NOT CODED,NOT CODED,NONE,NOT CODED,NOT CODED,30 CONCRETE TRAFFIC BARRIER,77 OTHER (SEE NARRATIVE),01 STRAIGHT AHEAD,DROVE TOO FAST FOR CONDITIONS,NOT CODED,00 NOT CODED,00 NOT CODED,00 NOT CODED,00 NOT CODED,01 NO,1,0,0,0,1,0,1,1,N,N,N,N,Y,Y,N,N,N,N,Y,Y,N,N,N,N,N,N,N,N,N,N,N,N,N,N,28.642340474,-81.501719645,450964.928778,3168463.969923,R,,ARBM15Q1R2,"June 10, 2023",2400792,-9072730.280046467,3330202.953695011
2020883400760,2020,883400760,FHPD20OFF057146,FLORIDA HIGHWAY PATROL,05 FIFTH,ORANGE,"August 21, 2020",1724,SATURDAY,7533 ORLANDO TRANSIT AUTHORITY,0733,N,SR 414,HAWTHORN AVE,0.189,S,28.64846,-81.51661,28.6473914,-81.5150266,75340000,4.332,04557,SR 414,,R RIGHT,R RIGHT TURN,E EAST,03 TOLL ROAD URBAN,06 TURNPIKE/TOLL,01 NON-JUNCTION,01 ON ROADWAY,01 NOT AT INTERSECTION,01 PAVED,39,"March 2, 2020",12 URBAN PRIN ART EXPR.,36,PAVED,4,VALLEY GUTR,2,,0,26,36500,RCI,3.8,1D22,65,1 NO INJURY,31 Q/C COMPLETED - LOC VERIFIED,0 NO,01 NOT AT INTERSECTION/RRX/BRIDGE,01 DAYLIGHT,03 RAIN,02 WET,01 LEVEL,1 STRAIGHT,"TWO-WAY, DIVIDED, POSITIVE MED","TWO-WAY, DIVIDED, POSITIVE MED",NO CONTROLS,NO CONTROLS,6,NONE,NOT CODED,NOT CODED,NONE,NOT CODED,NOT CODED,14 MOTOR VEHICLE IN TRANSPORT,"04 SIDESWIPE, SAME DIRECTION",06 CHANGING LANES,FAILED TO KEEP IN PROPER LANE,NO CONTRIBUTING ACTION,00 NOT CODED,00 NOT CODED,00 NOT CODED,00 NOT CODED,01 NO,0,0,0,0,2,0,2,7,N,N,N,N,Y,N,N,N,N,N,Y,N,N,N,N,N,N,N,N,N,N,N,N,N,N,N,28.642340474,-81.501719645,450964.928778,3168463.969923,R,,ARBM15Q1R2,"June 10, 2023",2400793,-9072730.280046467,3330202.953695011
2020883111940,2020,883111940,FHPD20OFF049437,FLORIDA HIGHWAY PATROL,05 FIFTH,ORANGE,"July 22, 2020",0828,THURSDAY,"7500 UNINCORPORATED, ORANGE",0700,N,I 4,SR 423,0.5,N,28.6125162,-81.3867091,28.6135392,-81.3864841,75280000,22.822,00408,SR 400,I 4,L LEFT,4 THRU LANE 4,W WEST,01 INTERSTATE URBAN,01 INTERSTATE,01 NON-JUNCTION,01 ON ROADWAY,01 NOT AT INTERSECTION,01 PAVED,27,"September 16, 2014",11 URBAN PRIN ART INT.,48,PAVED WARN,10,LAWN,2,,0,16,172500,RCI,6.8,,55,1 NO INJURY,31 Q/C COMPLETED - LOC VERIFIED,0 NO,01 NOT AT INTERSECTION/RRX/BRIDGE,01 DAYLIGHT,01 CLEAR,01 DRY,01 LEVEL,1 STRAIGHT,"TWO-WAY, DIVIDED, POSITIVE MED","TWO-WAY, DIVIDED, POSITIVE MED",NO CONTROLS,NO CONTROLS,7,NONE,NOT CODED,NOT CODED,NONE,NOT CODED,NOT CODED,14 MOTOR VEHICLE IN TRANSPORT,"04 SIDESWIPE, SAME DIRECTION",06 CHANGING LANES,SWERVED OR AVOIDED:  DUE TO WI,NO CONTRIBUTING ACTION,00 NOT CODED,00 NOT CODED,00 NOT CODED,00 NOT CODED,01 NO,0,0,0,0,2,0,2,4,N,N,Y,N,Y,N,N,N,N,N,N,N,N,N,N,N,N,N,N,N,N,N,N,N,N,N,28.613563371,-81.386698727,462196.181308,3165234.072014,L,,ARBM15Q1R2,"June 10, 2023",2400817,-9059926.206163269,3326553.33185147
2020883111960,2020,883111960,FHPD20OFF050628,FLORIDA HIGHWAY PATROL,05 FIFTH,ORANGE,"July 27, 2020",1048,TUESDAY,"7500 UNINCORPORATED, ORANGE",0700,N,I 4,SR 426,0.3,N,28.5950496,-81.3845519,0,0,75280000,21.65,00398,SR 400,I 4,L LEFT,S SIDE OF ROAD,W WEST,01 INTERSTATE URBAN,01 INTERSTATE,01 NON-JUNCTION,06 GORE,01 NOT AT INTERSECTION,01 PAVED,25,"September 16, 2014",11 URBAN PRIN ART INT.,48,PAVED,10,LAWN,2,,0,25,135500,RCI,6.8,3D0000,50,2 POSSIBLE INJURY,31 Q/C COMPLETED - LOC VERIFIED,0 NO,01 NOT AT INTERSECTION/RRX/BRIDGE,01 DAYLIGHT,02 CLOUDY,01 DRY,01 LEVEL,1 STRAIGHT,"TWO-WAY, DIVIDED, POSITIVE MED",,NO CONTROLS,NOT CODED,8,NONE,NOT CODED,NOT CODED,NONE,NOT CODED,NOT CODED,19 IMPACT ATTENUATOR/CRASH CUSION,77 OTHER (SEE NARRATIVE),01 STRAIGHT AHEAD,SWERVED OR AVOIDED:  DUE TO WI,NOT CODED,00 NOT CODED,00 NOT CODED,00 NOT CODED,00 NOT CODED,01 NO,1,0,0,0,1,0,1,1,N,N,N,N,Y,N,N,N,N,N,N,N,N,N,N,N,N,N,N,N,N,N,N,N,N,N,28.59659758,-81.38581795,462276.227382,3163354.216599,L,,ARBM15Q1R2,"June 10, 2023",2400819,-9059828.158405315,3324402.1340875947
2020883111970,2020,883111970,FHPD20OFF052665,FLORIDA HIGHWAY PATROL,05 FIFTH,ORANGE,"August 4, 2020",1100,WEDNESDAY,7540 MAITLAND,0740,N,I 4,SR 414,0.75,S,28.6201594,-81.3865257,28.6205204,-81.3865157,75280000,23.302,00406,SR 400,I 4,R RIGHT,S SIDE OF ROAD,E EAST,01 INTERSTATE URBAN,01 INTERSTATE,01 NON-JUNCTION,03 SHOULDER,01 NOT AT INTERSECTION,01 PAVED,27,"September 16, 2014",11 URBAN PRIN ART INT.,48,PAVED WARN,10,LAWN,2,,0,16,172500,RCI,6.8,,55,2 POSSIBLE INJURY,31 Q/C COMPLETED - LOC VERIFIED,0 NO,01 NOT AT INTERSECTION/RRX/BRIDGE,01 DAYLIGHT,01 CLEAR,01 DRY,01 LEVEL,1 STRAIGHT,"TWO-WAY, DIVIDED, POSITIVE MED",,NO CONTROLS,NOT CODED,8,NONE,NOT CODED,NOT CODED,NONE,NOT CODED,NOT CODED,"39 OTHER FIXED OBJECT (WALL, BUIL",77 OTHER (SEE NARRATIVE),01 STRAIGHT AHEAD,OVER-CORRECTING/OVERSTEERING,NOT CODED,00 NOT CODED,00 NOT CODED,00 NOT CODED,00 NOT CODED,01 NO,1,0,0,0,1,0,1,1,N,N,N,N,Y,N,N,N,N,N,N,N,N,N,N,N,N,N,N,N,N,N,N,N,N,N,28.620536455,-81.386516887,462216.454285,3166006.538335,R,,ARBM15Q1R2,"June 10, 2023",2400820,-9059905.963813106,3327437.5932446737
2020883112220,2020,883112220,FHPD20OFF065146,FLORIDA HIGHWAY PATROL,05 FIFTH,ORANGE,"September 21, 2020",0928,TUESDAY,"7500 UNINCORPORATED, ORANGE",0700,N,I 4,SR 423,0.25,S,28.5987684,-81.3861742,28.6020962,-81.3862661,75280000,22.035,00399,SR 400,I 4,R RIGHT,2 THRU LANE 2,E EAST,01 INTERSTATE URBAN,01 INTERSTATE,01 NON-JUNCTION,01 ON ROADWAY,01 NOT AT INTERSECTION,01 PAVED,25,"September 16, 2014",11 URBAN PRIN ART INT.,36,PAVED,10,LAWN,2,,0,16,135500,RCI,6.8,,50,1 NO INJURY,31 Q/C COMPLETED - LOC VERIFIED,0 NO,01 NOT AT INTERSECTION/RRX/BRIDGE,01 DAYLIGHT,01 CLEAR,01 DRY,01 LEVEL,1 STRAIGHT,"TWO-WAY, DIVIDED, POSITIVE MED","TWO-WAY, DIVIDED, POSITIVE MED",NO CONTROLS,NO CONTROLS,7,NONE,NOT CODED,NOT CODED,NONE,NOT CODED,NOT CODED,14 MOTOR VEHICLE IN TRANSPORT,01 FRONT TO REAR,01 STRAIGHT AHEAD,OPERATED MV IN CARLESS OR NEGL,NO CONTRIBUTING ACTION,00 NOT CODED,00 NOT CODED,00 NOT CODED,00 NOT CODED,01 NO,0,0,0,0,2,0,2,2,N,N,N,N,N,N,N,N,N,N,Y,N,N,N,N,N,N,N,N,N,N,N,N,N,N,N,28.602111747,-81.386245602,462236.38423,3163965.24521,R,,ARBM15Q1R2,"June 10, 2023",2400831,-9059875.764495457,3325101.271417901
2020883112250,2020,883112250,FHPD20OFF059698,FLORIDA HIGHWAY PATROL,05 FIFTH,ORANGE,"August 31, 2020",1413,TUESDAY,7546 ORLANDO,0746,N,US 441,CLARCONA OCOEE RD,0.057,N,28.6133266,-81.4333628,28.61328,-81.433146,75020000,4.892,00605,SR 500,US 441,L LEFT,1 THRU LANE 1,S SOUTH,20 URBAN 4-5LN 2WY DIVD RASD,02 U.S.,01 NON-JUNCTION,01 ON ROADWAY,01 NOT AT INTERSECTION,03 CURB,40,"January 22, 2020",14 URBAN PRIN ART OTHER,23,CURB&GUTTER,2,,0,,0,20,31500,RCI,4.6,0D3000,45,1 NO INJURY,31 Q/C COMPLETED - LOC VERIFIED,0 NO,01 NOT AT INTERSECTION/RRX/BRIDGE,01 DAYLIGHT,01 CLEAR,01 DRY,01 LEVEL,1 STRAIGHT,"TWO-WAY, DIVIDED, POSITIVE MED","TWO-WAY, DIVIDED, POSITIVE MED",TRAFFIC CONTROL SIGNAL,TRAFFIC CONTROL SIGNAL,4,NONE,NOT CODED,NOT CODED,NONE,NOT CODED,NOT CODED,14 MOTOR VEHICLE IN TRANSPORT,"04 SIDESWIPE, SAME DIRECTION",06 CHANGING LANES,IMPROPER PASSING,NO CONTRIBUTING ACTION,00 NOT CODED,00 NOT CODED,00 NOT CODED,00 NOT CODED,01 NO,0,0,0,0,2,0,2,2,N,N,N,N,Y,N,N,N,N,N,Y,N,N,N,N,N,N,N,N,N,N,N,N,N,N,N,28.613271913,-81.433302977,457639.969796,3165217.396074,L,,ARBM15Q1R2,"June 10, 2023",2400833,-9065114.169095296,3326516.37306648
2020883654480,2020,883654480,FHPD20OFF059923,FLORIDA HIGHWAY PATROL,05 FIFTH,ORANGE,"September 1, 2020",1447,WEDNESDAY,7546 ORLANDO,0746,N,US 441,LAQUINTA DR,0.005,S,28.44069,-81.40353,0,0,75010000,6.39,00503,SR 500,US 17,R RIGHT,2 THRU LANE 2,N NORTH,30 URBAN 6+LN 2WY DIVD RASD,02 U.S.,01 NON-JUNCTION,01 ON ROADWAY,01 NOT AT INTERSECTION,03 CURB,38,"March 1, 2020",14 URBAN PRIN ART OTHER,30,CURB&GUTTER,2,,0,,0,15,67000,RCI,6.9,,45,4 INCAPACITATING INJURY,31 Q/C COMPLETED - LOC VERIFIED,0 NO,03 INFLUENCED BY INTERSECTION,01 DAYLIGHT,01 CLEAR,01 DRY,01 LEVEL,1 STRAIGHT,"TWO-WAY, DIVIDED, POSITIVE MED","TWO-WAY, DIVIDED, POSITIVE MED",NO CONTROLS,NO CONTROLS,6,NONE,NOT CODED,NOT CODED,NONE,NOT CODED,NOT CODED,14 MOTOR VEHICLE IN TRANSPORT,01 FRONT TO REAR,01 STRAIGHT AHEAD,OPERATED MV IN CARLESS OR NEGL,NO CONTRIBUTING ACTION,00 NOT CODED,00 NOT CODED,00 NOT CODED,00 NOT CODED,01 NO,1,0,1,0,3,0,3,4,N,N,N,Y,N,N,N,N,N,N,Y,N,N,N,N,N,N,N,N,N,Y,N,N,N,N,N,28.440620863,-81.403483252,460490.868229,3146080.02446,R,,ARBM15Q1R2,"June 10, 2023",2400862,-9061794.650885006,3304641.110444313
2020883654500,2020,883654500,FHPD20OFF060406,FLORIDA HIGHWAY PATROL,05 FIFTH,ORANGE,"September 3, 2020",1300,FRIDAY,7546 ORLANDO,0746,N,ORANGE AVE,SR 482,0.019,N,28.45091,-81.3637499,28.450976,-81.3636181,75002000,6.874,05607,SR 482,,T SIDE RD LEFT,2 THRU LANE 2,N NORTH,23 SUBURBAN 4-5LN 2WY DIVD RASD,04 COUNTY,01 NON-JUNCTION,01 ON ROADWAY,01 NOT AT INTERSECTION,03 CURB,36,"March 3, 2020",16 URBAN MINOR ART,20,PAVED,6,VALLEY GUTR,3,,0,22,42000,RCI,11.4,,45,2 POSSIBLE INJURY,31 Q/C COMPLETED - LOC VERIFIED,0 NO,03 INFLUENCED BY INTERSECTION,01 DAYLIGHT,01 CLEAR,01 DRY,01 LEVEL,1 STRAIGHT,"TWO-WAY, DIVIDED, POSITIVE MED","TWO-WAY, DIVIDED, POSITIVE MED",NO CONTROLS,NO CONTROLS,4,NONE,NOT CODED,NOT CODED,NONE,NOT CODED,NOT CODED,14 MOTOR VEHICLE IN TRANSPORT,01 FRONT TO REAR,10 MAKING U-TURN,IMPROPER TURN,NO CONTRIBUTING ACTION,00 NOT CODED,00 NOT CODED,00 NOT CODED,00 NOT CODED,01 NO,2,0,0,0,2,0,2,4,N,N,Y,Y,N,N,N,N,N,N,Y,N,N,N,N,N,N,N,N,N,N,Y,N,Y,N,N,28.451054677,-81.363617025,464398.098916,3147223.473981,L,,ARBM15Q1R2,"June 10, 2023",2400863,-9057356.76156576,3305962.081522684