Crash Id,Calendar Year,FDOT Crash Number,Reporting Agency Case Number,Reporting Agency Type,FDOT Managing District,County Name,Crash Date,Crash Time,Day,DHSMV City,Crash Report City Code,In Town,On Roadway Name,Int Roadway Name,Reference Distance (Miles),Reference Direction,Officer Latitude,Officer Longitude,FDOT Latitude,FDOT Longitude,FDOT Roadway,Nearest Inventory MP,Nearest Node From Crash,State Road #,US Highway,Crash Side of Road,Accident Lane Number,Travel Direction Vehicle 1,FDOT Road Category,DHSMV Road System Id,Relation to Junction,Crash Harmful Event Location,Intersection Type,Shoulder Type,FDOT Roadway SKID Test Result,FDOT Roadway SKID Test Date,Functional Class,RCI Surface Width,RCI Shoulder Type First,RCI Shoulder Width First,RCI Shoulder Type Second,RCI Shoulder Width Second,RCI Shoulder Type Third,RCI Shoulder Width Third,RCI Median Width,Avg Daily Traffic,AADT Source,RCI Avg Per Truck Traffic,RCI Horiz Curve Condition,Posted Speed Limit,Highest Injury in Crash,CAR Status Code,Alcohols/Drug Involved,Site Location,Lighting,Weather,Road Surface,Roadway Grade,Roadway Alignment,Traffic Way Vehicle 1,Traffic Way Vehicle 2,Traffic Control Vehicle 1,Traffic Control Vehicle 2,Count of Lanes,Road Condition 1,Road Condition 2,Road Condition 3,Environment Condition 1,Environment Condition 2,Environment Condition 3,Crash Harmful Event,Manner of Collision,Vehicle Movement,Driver Action Vehicle 1,Driver Action Vehicle 2,Location Within Workzone,Type of Workzone,Workers Present in Workzone,Law Enforcement Present in Workzone,School Bus Related,Count of Nonfatal Injuries,Count of Traffic Fatalities,Count of Serious Injuries,Count of Pedestrians,Count of Drivers,Count of Bicyclists,Count of Vehicles,Count of Persons,Wrong Way,Workzone Inv,Commercial Vehicle Inv,Intersection Inv,Lane Departure,Speeding,Agressive Driving,Impaired Driver,Impaired Pedestrian,Impaired Bicyclist,Distracted Driver,Speeding or Aggressive Driving,Pedestrian Related,Bicyclist Related,Pedestrian or Bicyclist Related,Motorcycle Inv,No Belt,No Belt - Ages 1-4,No Belt - Ages 5-12,No Belt - Ages 13-17,Driver - Ages Teen,Driver - Ages 65 plus,Driver - Ages 65-69,Driver - Ages 70-74,Driver - Ages 75-79,Driver - Ages 80 plus,ARBM Latitude,ARBM Longitude,UTM Zone 17N X,UTM Zone 17N Y,ARBM Side of Road,Urban Rural Indicator,GIS Street Source,Extract Date,OBJECTID,x,y
2020883826700,2020,883826700,FHPD20OFF064875,FLORIDA HIGHWAY PATROL,05 FIFTH,ORANGE,"September 20, 2020",0611,MONDAY,7546 ORLANDO,0746,N,LANCASTER RD,SR 527,0.009,W,28.4654891,-81.3680376,28.4662884,-81.3676436,75040000,8.682,00699,SR 527,,T SIDE RD LEFT,R RIGHT TURN,E EAST,24 SUBURBAN 4-5LN 2WY DIVD PAVD,05 LOCAL,03 INTERSECTION-RELATED,01 ON ROADWAY,01 NOT AT INTERSECTION,03 CURB,32,"September 9, 2019",14 URBAN PRIN ART OTHER,20,PAVED,4,LAWN,6,,0,10,41000,RCI,6.9,3D0000,45,4 INCAPACITATING INJURY,31 Q/C COMPLETED - LOC VERIFIED,0 NO,03 INFLUENCED BY INTERSECTION,05 DARK-NOT LIGHTED,01 CLEAR,01 DRY,01 LEVEL,1 STRAIGHT,"TWO-WAY, NOT DIVIDED","TWO-WAY, NOT DIVIDED",NO CONTROLS,NO CONTROLS,4,NONE,NOT CODED,NOT CODED,NONE,NOT CODED,NOT CODED,14 MOTOR VEHICLE IN TRANSPORT,03 ANGLE,05 TURNING RIGHT,OTHER CONTRIBUTING ACTION,NO CONTRIBUTING ACTION,00 NOT CODED,00 NOT CODED,00 NOT CODED,00 NOT CODED,01 NO,1,0,1,0,2,0,2,3,N,N,N,Y,N,N,N,N,N,N,N,N,N,N,N,N,Y,N,N,N,N,N,N,N,N,N,28.466287409,-81.36764082,464009.284446,3148912.211752,C,,ARBM15Q1R2,"June 10, 2023",2405356,-9057804.6885486,3307890.852554146
2020883826710,2020,883826710,FHPD20OFF064897,FLORIDA HIGHWAY PATROL,05 FIFTH,ORANGE,"September 20, 2020",0805,MONDAY,7546 ORLANDO,0746,N,SR 527,SR 482,0.009,N,28.45091,-81.3637499,0,0,75040000,7.629,05607,SR 527,,L LEFT,1 THRU LANE 1,S SOUTH,21 URBAN 4-5LN 2WY DIVD PAVD,03 STATE,01 NON-JUNCTION,01 ON ROADWAY,01 NOT AT INTERSECTION,03 CURB,37,"January 11, 1983",14 URBAN PRIN ART OTHER,20,CURB&GUTTER,2,,0,,0,15,41000,RCI,6.9,6D0000,40,4 INCAPACITATING INJURY,31 Q/C COMPLETED - LOC VERIFIED,0 NO,03 INFLUENCED BY INTERSECTION,01 DAYLIGHT,01 CLEAR,01 DRY,01 LEVEL,1 STRAIGHT,"TWO-WAY, DIVIDED, POSITIVE MED","TWO-WAY, DIVIDED, POSITIVE MED",NO CONTROLS,NO CONTROLS,4,NONE,NOT CODED,NOT CODED,NONE,NOT CODED,NOT CODED,14 MOTOR VEHICLE IN TRANSPORT,"04 SIDESWIPE, SAME DIRECTION",06 CHANGING LANES,FAILED TO YIELD RIGHT-OF-WAY,NO CONTRIBUTING ACTION,00 NOT CODED,00 NOT CODED,00 NOT CODED,00 NOT CODED,01 NO,1,0,1,0,3,0,3,5,N,N,N,Y,N,N,N,N,N,N,N,N,N,N,N,N,N,N,N,N,N,N,N,N,N,N,28.451397466,-81.363804031,464379.903892,3147261.50474,C,,ARBM15Q1R2,"June 10, 2023",2405357,-9057377.578875521,3306005.4823583243
2020882964920,2020,882964920,FHPK20OFF043513,FLORIDA HIGHWAY PATROL,08 TURNPIKE,ORANGE,"September 24, 2020",1418,FRIDAY,7546 ORLANDO,0746,N,SR 91,SR 528,0.5,N,28.4407245,-81.4145913,28.4395312,-81.4134872,75470000,6.906,08915,SR 91,,L LEFT,S SIDE OF ROAD,S SOUTH,03 TOLL ROAD URBAN,06 TURNPIKE/TOLL,01 NON-JUNCTION,02 OFF ROADWAY,01 NOT AT INTERSECTION,01 PAVED,40,"November 11, 2019",12 URBAN PRIN ART EXPR.,48,PAVED WARN,10,LAWN,12,,0,26,112000,RCI,17.8,,70,1 NO INJURY,31 Q/C COMPLETED - LOC VERIFIED,0 NO,01 NOT AT INTERSECTION/RRX/BRIDGE,01 DAYLIGHT,01 CLEAR,01 DRY,01 LEVEL,1 STRAIGHT,"TWO-WAY, DIVIDED, POSITIVE MED",,NO CONTROLS,NOT CODED,8,NONE,NOT CODED,NOT CODED,NONE,NOT CODED,NOT CODED,33 UTILITY POLE/LIGHT SUPPORT,77 OTHER (SEE NARRATIVE),01 STRAIGHT AHEAD,NO CONTRIBUTING ACTION,NOT CODED,00 NOT CODED,00 NOT CODED,00 NOT CODED,00 NOT CODED,01 NO,0,0,0,0,1,0,1,1,N,N,N,N,Y,N,N,N,N,N,N,N,N,N,N,N,N,N,N,N,N,N,N,N,N,N,28.439399414,-81.413660245,459493.861114,3145948.092067,L,,ARBM15Q1R2,"June 10, 2023",2405656,-9062927.548840627,3304486.4776366693
2020882964950,2020,882964950,FHPK20OFF044210,FLORIDA HIGHWAY PATROL,08 TURNPIKE,ORANGE,"September 27, 2020",1736,MONDAY,7550 WINDERMERE,0750,N,SR 91,SR 408,0.25,N,28.5221699,-81.50923,28.5332342,-81.5275683,75470153,0.223,04079,SR 91,,L LEFT,X RAMP,W WEST,08 RAMP RURAL,06 TURNPIKE/TOLL,14 ENTRANCE/EXIT RAMP,02 OFF ROADWAY,77 OTHER (SEE NARRATIVE),01 PAVED,0,"December 31, 2000",,16,PAVED,6,,0,,0,,3700,RCI,17.8,,,1 NO INJURY,31 Q/C COMPLETED - LOC VERIFIED,0 NO,08 EXIT RAMP,01 DAYLIGHT,03 RAIN,02 WET,01 LEVEL,3 CURVE LEFT,ONE-WAY TRAFFICWAY,,NO CONTROLS,NOT CODED,1,"RD SURFC (WET, ICY, SNOW, ETC)",NOT CODED,NOT CODED,WEATHER CONDITIONS,NOT CODED,NOT CODED,27 GUARDRAIL FACE,77 OTHER (SEE NARRATIVE),01 STRAIGHT AHEAD,DROVE TOO FAST FOR CONDITIONS,NOT CODED,00 NOT CODED,00 NOT CODED,00 NOT CODED,00 NOT CODED,01 NO,0,0,0,0,1,0,1,1,N,N,N,N,Y,Y,N,N,N,N,N,Y,N,N,N,N,N,N,N,N,N,N,N,N,N,N,28.53328123,-81.527608683,448381.411149,3156392.493466,O,,ARBM15Q1R2,"June 10, 2023",2405657,-9075612.235018292,3316376.9244622258
2020882964960,2020,882964960,FHPK20OFF044221,FLORIDA HIGHWAY PATROL,08 TURNPIKE,ORANGE,"September 27, 2020",1820,MONDAY,7542 OCOEE,0742,N,SR 91,SR 408,0.25,E,28.5354667,-81.5286772,28.5358997,-81.5275434,75470150,0.25,08843,SR 91,,R RIGHT,X RAMP,W WEST,08 RAMP RURAL,06 TURNPIKE/TOLL,14 ENTRANCE/EXIT RAMP,02 OFF ROADWAY,77 OTHER (SEE NARRATIVE),01 PAVED,0,"December 31, 2000",,24,PAVED,10,LAWN,10,,0,,22500,RCI,17.8,,,1 NO INJURY,31 Q/C COMPLETED - LOC VERIFIED,0 NO,07 ENTRANCE RAMP,01 DAYLIGHT,03 RAIN,02 WET,01 LEVEL,2 CURVE RIGHT,ONE-WAY TRAFFICWAY,,NO CONTROLS,NOT CODED,2,"RD SURFC (WET, ICY, SNOW, ETC)",NOT CODED,NOT CODED,WEATHER CONDITIONS,NOT CODED,NOT CODED,01 OVERTURN/ROLLOVER,77 OTHER (SEE NARRATIVE),01 STRAIGHT AHEAD,NO CONTRIBUTING ACTION,NOT CODED,00 NOT CODED,00 NOT CODED,00 NOT CODED,00 NOT CODED,01 NO,0,0,0,0,1,0,1,1,N,N,N,N,Y,N,N,N,N,N,N,N,N,N,N,N,N,N,N,N,N,N,N,N,N,N,28.535864612,-81.52762518,448381.056105,3156678.704056,O,,ARBM15Q1R2,"June 10, 2023",2405658,-9075614.071488222,3316704.2680538893
2020883204380,2020,883204380,FHPD20OFF044240,FLORIDA HIGHWAY PATROL,05 FIFTH,ORANGE,"June 30, 2020",1636,WEDNESDAY,"7500 UNINCORPORATED, ORANGE",0700,N,SR 50,CRICKET CLUB CIR,0.022,E,28.56576,-81.1973598,0,0,75060000,12.28,03490,SR 50,,L LEFT,3 THRU LANE 3,S SOUTH,30 URBAN 6+LN 2WY DIVD RASD,03 STATE,02 INTERSECTION,01 ON ROADWAY,03 T-INTERSECTION,03 CURB,39,"September 9, 2019",14 URBAN PRIN ART OTHER,36,PAVED,4,CURB&GUTTER,2,,0,34,48000,RCI,2.9,,45,1 NO INJURY,31 Q/C COMPLETED - LOC VERIFIED,0 NO,04 DRIVEWAY ACCESS,01 DAYLIGHT,03 RAIN,02 WET,01 LEVEL,1 STRAIGHT,"TWO-WAY, NOT DIVIDED","TWO-WAY, DIVIDED, POSITIVE MED",STOP SIGN,NO CONTROLS,6,NONE,NOT CODED,NOT CODED,NONE,NOT CODED,NOT CODED,14 MOTOR VEHICLE IN TRANSPORT,03 ANGLE,05 TURNING RIGHT,RAN STOP SIGN,NO CONTRIBUTING ACTION,00 NOT CODED,00 NOT CODED,00 NOT CODED,00 NOT CODED,01 NO,0,0,0,0,2,0,2,2,N,N,N,N,N,N,N,N,N,N,Y,N,N,N,N,N,N,N,N,N,N,N,N,N,N,N,28.565907843,-81.198674021,480568.848773,3159909.583131,L,,ARBM15Q1R2,"June 10, 2023",2405680,-9038995.38531845,3320511.6744963764
2020883156740,2020,883156740,FHPD20OFF067037,FLORIDA HIGHWAY PATROL,05 FIFTH,ORANGE,"September 28, 2020",1545,TUESDAY,7533 ORLANDO TRANSIT AUTHORITY,0733,N,SR 429,WEST RD,0.057,S,28.59816,-81.5522299,28.6010572,-81.5445269,75320000,33.626,04688,SR 429,,R RIGHT,1 THRU LANE 1,N NORTH,03 TOLL ROAD URBAN,06 TURNPIKE/TOLL,01 NON-JUNCTION,01 ON ROADWAY,01 NOT AT INTERSECTION,01 PAVED,37,"November 11, 2019",12 URBAN PRIN ART EXPR.,24,PAVED WARN,8,VALLEY GUTR,3,LAWN,5,56,74500,RCI,4.6,,70,1 NO INJURY,31 Q/C COMPLETED - LOC VERIFIED,0 NO,01 NOT AT INTERSECTION/RRX/BRIDGE,01 DAYLIGHT,03 RAIN,02 WET,01 LEVEL,1 STRAIGHT,"TWO-WAY, DIVIDED, POSITIVE MED","TWO-WAY, DIVIDED, POSITIVE MED",NO CONTROLS,NO CONTROLS,4,NONE,NOT CODED,NOT CODED,NONE,NOT CODED,NOT CODED,14 MOTOR VEHICLE IN TRANSPORT,01 FRONT TO REAR,01 STRAIGHT AHEAD,OPERATED MV IN CARLESS OR NEGL,NO CONTRIBUTING ACTION,00 NOT CODED,00 NOT CODED,00 NOT CODED,00 NOT CODED,01 NO,0,0,0,0,3,0,4,5,N,N,N,N,N,N,N,N,N,N,N,N,N,N,N,N,N,N,N,N,Y,N,N,N,N,N,28.601049997,-81.544595178,446753.636316,3163907.82398,R,,ARBM15Q1R2,"June 10, 2023",2405693,-9077503.163848756,3324966.6494581085
2020883658200,2020,883658200,FHPD20OFF053726,FLORIDA HIGHWAY PATROL,05 FIFTH,ORANGE,"August 8, 2020",1311,SUNDAY,7546 ORLANDO,0746,N,ORANGE AVE,OAK RIDGE RD,0,,28.4728299,-81.36924,28.4732077,-81.3693382,75040101,0.811,00724,SR 527,,I INTERSECTION,M MIDDLE,W WEST,40 URBAN ONE WAY,03 STATE,02 INTERSECTION,01 ON ROADWAY,02 FOUR-WAY INTERSECTION,03 CURB,30,"September 9, 2019",14 URBAN PRIN ART OTHER,24,CURB&GUTTER,4,CURB&GUTTER,2,,0,,23000,RCI,6,,35,4 INCAPACITATING INJURY,31 Q/C COMPLETED - LOC VERIFIED,0 NO,02 AT INTERSECTION,01 DAYLIGHT,01 CLEAR,01 DRY,01 LEVEL,1 STRAIGHT,"TWO-WAY, NOT DIVIDED",ONE-WAY TRAFFICWAY,TRAFFIC CONTROL SIGNAL,TRAFFIC CONTROL SIGNAL,2,NONE,NOT CODED,NOT CODED,NONE,NOT CODED,NOT CODED,14 MOTOR VEHICLE IN TRANSPORT,03 ANGLE,01 STRAIGHT AHEAD,OTHER CONTRIBUTING ACTION,OTHER CONTRIBUTING ACTION,00 NOT CODED,00 NOT CODED,00 NOT CODED,00 NOT CODED,01 NO,2,0,1,0,2,0,2,2,N,N,N,Y,N,N,N,N,N,N,N,N,N,N,N,N,N,N,N,N,N,N,N,N,N,N,28.473206115,-81.369336798,463845.60831,3149679.202719,O,,ARBM15Q1R2,"June 10, 2023",2405872,-9057993.484032301,3308766.9920827714
2020883716430,2020,883716430,FHPD20OFF047924,FLORIDA HIGHWAY PATROL,05 FIFTH,ORANGE,"July 15, 2020",1345,THURSDAY,7546 ORLANDO,0746,N,SR 423,DIPLOMAT CIR,0.004,N,28.6067673,-81.3879725,28.6075368,-81.3885784,75190000,8.404,01761,SR 423,,R RIGHT,1 THRU LANE 1,E EAST,30 URBAN 6+LN 2WY DIVD RASD,03 STATE,01 NON-JUNCTION,01 ON ROADWAY,01 NOT AT INTERSECTION,03 CURB,37,"September 8, 2019",14 URBAN PRIN ART OTHER,33,CURB&GUTTER,2,,0,,0,15,42000,RCI,7.1,,35,1 NO INJURY,31 Q/C COMPLETED - LOC VERIFIED,0 NO,01 NOT AT INTERSECTION/RRX/BRIDGE,01 DAYLIGHT,01 CLEAR,01 DRY,01 LEVEL,1 STRAIGHT,"TWO-WAY, DIVIDED, POSITIVE MED","TWO-WAY, DIVIDED, POSITIVE MED",NO CONTROLS,NO CONTROLS,6,NONE,NOT CODED,NOT CODED,NONE,NOT CODED,NOT CODED,14 MOTOR VEHICLE IN TRANSPORT,"04 SIDESWIPE, SAME DIRECTION",10 MAKING U-TURN,OPERATED MV IN CARLESS OR NEGL,NO CONTRIBUTING ACTION,00 NOT CODED,00 NOT CODED,00 NOT CODED,00 NOT CODED,01 NO,0,0,0,0,2,0,2,2,N,N,N,N,Y,N,N,N,N,N,N,N,N,N,N,N,N,N,N,N,N,N,N,N,N,N,28.607298185,-81.388444481,462023.260838,3164540.52742,R,,ARBM15Q1R2,"June 10, 2023",2405882,-9060120.542760188,3325758.8896707147
2020883873260,2020,883873260,FHPD20OFF065923,FLORIDA HIGHWAY PATROL,05 FIFTH,ORANGE,"September 24, 2020",1355,FRIDAY,7546 ORLANDO,0746,N,SR 50,SR 408,0.009,E,28.56538,-81.1927079,28.5653344,-81.1907939,75060000,12.75,02790,SR 50,,L LEFT,R RIGHT TURN,W WEST,30 URBAN 6+LN 2WY DIVD RASD,03 STATE,14 ENTRANCE/EXIT RAMP,01 ON ROADWAY,01 NOT AT INTERSECTION,03 CURB,39,"September 9, 2019",14 URBAN PRIN ART OTHER,36,PAVED,4,CURB&GUTTER,2,,0,34,43000,RCI,5.1,,45,2 POSSIBLE INJURY,31 Q/C COMPLETED - LOC VERIFIED,0 NO,03 INFLUENCED BY INTERSECTION,01 DAYLIGHT,01 CLEAR,01 DRY,01 LEVEL,1 STRAIGHT,"TWO-WAY, DIVIDED, POSITIVE MED","TWO-WAY, DIVIDED, POSITIVE MED",NO CONTROLS,NO CONTROLS,6,NONE,NOT CODED,NOT CODED,NONE,NOT CODED,NOT CODED,14 MOTOR VEHICLE IN TRANSPORT,01 FRONT TO REAR,01 STRAIGHT AHEAD,NO CONTRIBUTING ACTION,NO CONTRIBUTING ACTION,00 NOT CODED,00 NOT CODED,00 NOT CODED,00 NOT CODED,01 NO,2,0,0,0,3,0,3,3,N,N,N,Y,N,N,N,N,N,N,N,N,N,N,N,N,N,N,N,N,N,N,N,N,N,N,28.565384645,-81.190978698,481321.392737,3159850.397117,L,,ARBM15Q1R2,"June 10, 2023",2405890,-9038138.74572957,3320445.359938597
2020883089640,2020,883089640,FHPD20OFF044127,FLORIDA HIGHWAY PATROL,05 FIFTH,ORANGE,"June 30, 2020",1107,WEDNESDAY,7554 WINTER PARK,0754,N,I 4,SR 426,0.189,S,28.6055899,-81.3863599,28.5914443,-81.380046,75280000,21.161,00394,SR 400,I 4,L LEFT,1 THRU LANE 1,W WEST,01 INTERSTATE URBAN,01 INTERSTATE,01 NON-JUNCTION,01 ON ROADWAY,01 NOT AT INTERSECTION,01 PAVED,25,"September 16, 2014",11 URBAN PRIN ART INT.,48,PAVED,10,LAWN,2,,0,12,162500,RCI,6.8,,50,3 NO-INCAPACITATING INJURY,31 Q/C COMPLETED - LOC VERIFIED,0 NO,01 NOT AT INTERSECTION/RRX/BRIDGE,01 DAYLIGHT,02 CLOUDY,01 DRY,01 LEVEL,1 STRAIGHT,"TWO-WAY, DIVIDED, POSITIVE MED","TWO-WAY, DIVIDED, POSITIVE MED",NO CONTROLS,NO CONTROLS,8,NONE,NOT CODED,NOT CODED,NONE,NOT CODED,NOT CODED,14 MOTOR VEHICLE IN TRANSPORT,01 FRONT TO REAR,01 STRAIGHT AHEAD,OPERATED MV IN CARLESS OR NEGL,NO CONTRIBUTING ACTION,04 ACTIVITY AREA,03 WORK ON SHOULDER OR MEDIAN,02 YES,01 NO,01 NO,2,0,0,0,5,0,5,6,N,Y,N,N,N,N,N,N,N,N,Y,N,N,N,N,N,N,N,N,N,N,Y,N,Y,N,N,28.59144523,-81.380334421,462810.576274,3162781.691979,L,,ARBM15Q1R2,"June 10, 2023",2406160,-9059217.734554848,3323748.9044205006
2020883153670,2020,883153670,FHPK20OFF035723,FLORIDA HIGHWAY PATROL,08 TURNPIKE,ORANGE,"August 12, 2020",1742,THURSDAY,7546 ORLANDO,0746,N,SR 91,MILE MARKER #255,0,,28.4306252,-81.405342,28.425439,-81.3974957,75470000,5.514,08810,SR 91,,R RIGHT,3 THRU LANE 3,N NORTH,03 TOLL ROAD URBAN,03 STATE,01 NON-JUNCTION,01 ON ROADWAY,01 NOT AT INTERSECTION,01 PAVED,30,"March 15, 2017",12 URBAN PRIN ART EXPR.,24,PAVED WARN,10,LAWN,12,,0,40,77400,RCI,17.8,1D0000,70,1 NO INJURY,31 Q/C COMPLETED - LOC VERIFIED,0 NO,01 NOT AT INTERSECTION/RRX/BRIDGE,01 DAYLIGHT,01 CLEAR,01 DRY,01 LEVEL,1 STRAIGHT,"TWO-WAY, DIVIDED, POSITIVE MED","TWO-WAY, DIVIDED, POSITIVE MED",NO CONTROLS,NO CONTROLS,4,NONE,NOT CODED,NOT CODED,NONE,NOT CODED,NOT CODED,14 MOTOR VEHICLE IN TRANSPORT,01 FRONT TO REAR,01 STRAIGHT AHEAD,OPERATED MV IN CARLESS OR NEGL,NO CONTRIBUTING ACTION,00 NOT CODED,00 NOT CODED,00 NOT CODED,00 NOT CODED,01 NO,0,0,0,0,2,0,2,2,N,N,N,N,N,N,N,N,N,N,Y,N,N,N,N,N,N,N,N,N,N,N,N,N,N,N,28.425412926,-81.397456297,461075.468964,3144393.26984,R,,ARBM15Q1R2,"June 10, 2023",2406234,-9061123.732958846,3302715.9458638006
2020883153680,2020,883153680,FHPK20OFF036826,FLORIDA HIGHWAY PATROL,08 TURNPIKE,ORANGE,"August 18, 2020",1933,WEDNESDAY,7546 ORLANDO,0746,N,SR 91,MILE MARKER 259 ENT RAMP,0,,28.475361,-81.4477658,28.4825452,-81.4452636,75470144,0,00463,SR 91,,L LEFT,X RAMP,S SOUTH,08 RAMP RURAL,06 TURNPIKE/TOLL,14 ENTRANCE/EXIT RAMP,01 ON ROADWAY,01 NOT AT INTERSECTION,01 PAVED,0,"December 31, 2000",,16,PAVED,4,LAWN,2,,0,,16000,RCI,17.8,,,1 NO INJURY,31 Q/C COMPLETED - LOC VERIFIED,0 NO,07 ENTRANCE RAMP,01 DAYLIGHT,01 CLEAR,01 DRY,01 LEVEL,2 CURVE RIGHT,ONE-WAY TRAFFICWAY,"TWO-WAY, DIVIDED, POSITIVE MED",NO CONTROLS,NO CONTROLS,1,NONE,NOT CODED,NOT CODED,NONE,NOT CODED,NOT CODED,14 MOTOR VEHICLE IN TRANSPORT,"04 SIDESWIPE, SAME DIRECTION",06 CHANGING LANES,OTHER CONTRIBUTING ACTION,NO CONTRIBUTING ACTION,00 NOT CODED,00 NOT CODED,00 NOT CODED,00 NOT CODED,01 NO,0,0,0,0,2,0,2,2,N,N,N,N,Y,N,N,N,N,N,Y,N,N,N,N,N,N,N,N,N,N,N,N,N,N,N,28.482542449,-81.445265396,456416.7129,3150738.7162,O,,ARBM15Q1R2,"June 10, 2023",2406235,-9066445.819343004,3309949.3748195623
2020883153720,2020,883153720,FHPK20OFF039165,FLORIDA HIGHWAY PATROL,08 TURNPIKE,ORANGE,"August 31, 2020",2037,TUESDAY,7546 ORLANDO,0746,N,SR 91,MILE MARKER 267 ENT RAMP,0,,28.5479298,-81.5542809,28.5449777,-81.5541514,75470161,0.667,03701,SR 91,,L LEFT,X RAMP,S SOUTH,08 RAMP RURAL,06 TURNPIKE/TOLL,14 ENTRANCE/EXIT RAMP,01 ON ROADWAY,01 NOT AT INTERSECTION,01 PAVED,0,"December 31, 2000",,24,PAVED,12,,0,,0,,12500,RCI,17.8,,,1 NO INJURY,31 Q/C COMPLETED - LOC VERIFIED,0 NO,07 ENTRANCE RAMP,04 DARK-LIGHTED,01 CLEAR,01 DRY,01 LEVEL,1 STRAIGHT,ONE-WAY TRAFFICWAY,ONE-WAY TRAFFICWAY,NO CONTROLS,NO CONTROLS,2,NONE,NOT CODED,NOT CODED,NONE,NOT CODED,NOT CODED,14 MOTOR VEHICLE IN TRANSPORT,01 FRONT TO REAR,01 STRAIGHT AHEAD,OPERATED MV IN CARLESS OR NEGL,NO CONTRIBUTING ACTION,00 NOT CODED,00 NOT CODED,00 NOT CODED,00 NOT CODED,01 NO,0,0,0,0,2,0,2,2,N,N,N,N,N,N,N,N,N,N,N,N,N,N,N,N,N,N,N,N,N,N,N,N,N,N,28.545007842,-81.554049795,445800.504332,3157703.310468,O,,ARBM15Q1R2,"June 10, 2023",2406236,-9078555.647056397,3317862.882666804
2020883171370,2020,883171370,FHPD20OFF058765,FLORIDA HIGHWAY PATROL,05 FIFTH,ORANGE,"August 27, 2020",2025,FRIDAY,7546 ORLANDO,0746,N,I 4,SR 535,0.005,E,28.3790404,-81.5038946,28.3786197,-81.5045346,75280081,0.167,01276,SR 400,I 4,L LEFT,X RAMP,W WEST,07 RAMP URBAN,01 INTERSTATE,03 INTERSECTION-RELATED,01 ON ROADWAY,01 NOT AT INTERSECTION,01 PAVED,0,"December 31, 2000",,24,PAVED,8,LAWN,12,,0,,22000,RCI,6.9,,,2 POSSIBLE INJURY,31 Q/C COMPLETED - LOC VERIFIED,0 NO,08 EXIT RAMP,03 DAWN,01 CLEAR,01 DRY,01 LEVEL,1 STRAIGHT,ONE-WAY TRAFFICWAY,ONE-WAY TRAFFICWAY,TRAFFIC CONTROL SIGNAL,TRAFFIC CONTROL SIGNAL,2,NONE,NOT CODED,NOT CODED,NONE,NOT CODED,NOT CODED,14 MOTOR VEHICLE IN TRANSPORT,01 FRONT TO REAR,01 STRAIGHT AHEAD,OTHER CONTRIBUTING ACTION,NO CONTRIBUTING ACTION,00 NOT CODED,00 NOT CODED,00 NOT CODED,00 NOT CODED,01 NO,5,0,0,0,2,0,2,7,N,N,N,N,N,N,N,N,N,N,N,N,N,N,N,N,N,N,N,N,N,N,N,N,N,N,28.378638449,-81.504515611,450568.872137,3139250.691613,O,,ARBM15Q1R2,"June 10, 2023",2406257,-9073041.52468652,3296796.522173517
2020883171400,2020,883171400,FHPD20OFF061697,FLORIDA HIGHWAY PATROL,05 FIFTH,ORANGE,"September 8, 2020",1550,WEDNESDAY,7546 ORLANDO,0746,N,I 4,SR 535,0.038,S,28.3738361,-81.5062666,28.3787078,-81.502979,75280082,0.18,00327,SR 400,I 4,R RIGHT,X RAMP,E EAST,07 RAMP URBAN,01 INTERSTATE,14 ENTRANCE/EXIT RAMP,02 OFF ROADWAY,77 OTHER (SEE NARRATIVE),01 PAVED,0,"December 31, 2000",,15,PAVED,5,LAWN,12,,0,,15500,RCI,6.9,,,1 NO INJURY,31 Q/C COMPLETED - LOC VERIFIED,0 NO,07 ENTRANCE RAMP,01 DAYLIGHT,03 RAIN,02 WET,01 LEVEL,2 CURVE RIGHT,ONE-WAY TRAFFICWAY,,NO CONTROLS,NOT CODED,1,NONE,NOT CODED,NOT CODED,WEATHER CONDITIONS,NOT CODED,NOT CODED,01 OVERTURN/ROLLOVER,77 OTHER (SEE NARRATIVE),15 NEGOTIATING A CURVE,DROVE TOO FAST FOR CONDITIONS,NOT CODED,00 NOT CODED,00 NOT CODED,00 NOT CODED,00 NOT CODED,01 NO,0,0,0,0,1,0,1,1,N,N,N,N,Y,Y,N,N,N,N,N,Y,N,N,N,N,N,N,N,N,N,N,N,N,N,N,28.37870801,-81.502986277,450718.746566,3139257.771705,O,,ARBM15Q1R2,"June 10, 2023",2406260,-9072871.279902352,3296805.323429063