Crash Id,Calendar Year,FDOT Crash Number,Reporting Agency Case Number,Reporting Agency Type,FDOT Managing District,County Name,Crash Date,Crash Time,Day,DHSMV City,Crash Report City Code,In Town,On Roadway Name,Int Roadway Name,Reference Distance (Miles),Reference Direction,Officer Latitude,Officer Longitude,FDOT Latitude,FDOT Longitude,FDOT Roadway,Nearest Inventory MP,Nearest Node From Crash,State Road #,US Highway,Crash Side of Road,Accident Lane Number,Travel Direction Vehicle 1,FDOT Road Category,DHSMV Road System Id,Relation to Junction,Crash Harmful Event Location,Intersection Type,Shoulder Type,FDOT Roadway SKID Test Result,FDOT Roadway SKID Test Date,Functional Class,RCI Surface Width,RCI Shoulder Type First,RCI Shoulder Width First,RCI Shoulder Type Second,RCI Shoulder Width Second,RCI Shoulder Type Third,RCI Shoulder Width Third,RCI Median Width,Avg Daily Traffic,AADT Source,RCI Avg Per Truck Traffic,RCI Horiz Curve Condition,Posted Speed Limit,Highest Injury in Crash,CAR Status Code,Alcohols/Drug Involved,Site Location,Lighting,Weather,Road Surface,Roadway Grade,Roadway Alignment,Traffic Way Vehicle 1,Traffic Way Vehicle 2,Traffic Control Vehicle 1,Traffic Control Vehicle 2,Count of Lanes,Road Condition 1,Road Condition 2,Road Condition 3,Environment Condition 1,Environment Condition 2,Environment Condition 3,Crash Harmful Event,Manner of Collision,Vehicle Movement,Driver Action Vehicle 1,Driver Action Vehicle 2,Location Within Workzone,Type of Workzone,Workers Present in Workzone,Law Enforcement Present in Workzone,School Bus Related,Count of Nonfatal Injuries,Count of Traffic Fatalities,Count of Serious Injuries,Count of Pedestrians,Count of Drivers,Count of Bicyclists,Count of Vehicles,Count of Persons,Wrong Way,Workzone Inv,Commercial Vehicle Inv,Intersection Inv,Lane Departure,Speeding,Agressive Driving,Impaired Driver,Impaired Pedestrian,Impaired Bicyclist,Distracted Driver,Speeding or Aggressive Driving,Pedestrian Related,Bicyclist Related,Pedestrian or Bicyclist Related,Motorcycle Inv,No Belt,No Belt - Ages 1-4,No Belt - Ages 5-12,No Belt - Ages 13-17,Driver - Ages Teen,Driver - Ages 65 plus,Driver - Ages 65-69,Driver - Ages 70-74,Driver - Ages 75-79,Driver - Ages 80 plus,ARBM Latitude,ARBM Longitude,UTM Zone 17N X,UTM Zone 17N Y,ARBM Side of Road,Urban Rural Indicator,GIS Street Source,Extract Date,OBJECTID,x,y
2020883380560,2020,883380560,FHPD20OFF044343,FLORIDA HIGHWAY PATROL,05 FIFTH,ORANGE,"July 1, 2020",0000,THURSDAY,7546 ORLANDO,0746,N,SR 434,SCIENCE DR,0.019,S,28.58315,-81.2076299,28.5829582,-81.2077266,75037000,1.109,00894,SR 434,,M MEDIAN,M MIDDLE,N NORTH,30 URBAN 6+LN 2WY DIVD RASD,03 STATE,01 NON-JUNCTION,04 MEDIAN,01 NOT AT INTERSECTION,03 CURB,38,"September 9, 2019",14 URBAN PRIN ART OTHER,33,PAVED,4,CURB&GUTTER,2,,0,28,48000,RCI,2.8,,45,1 NO INJURY,31 Q/C COMPLETED - LOC VERIFIED,1 ALC,03 INFLUENCED BY INTERSECTION,04 DARK-LIGHTED,01 CLEAR,01 DRY,01 LEVEL,1 STRAIGHT,"TWO-WAY, DIVIDED, POSITIVE MED",,NO CONTROLS,NOT CODED,6,NONE,NOT CODED,NOT CODED,NONE,NOT CODED,NOT CODED,34 TRAFFIC SIGN SUPPORT,77 OTHER (SEE NARRATIVE),16 LEAVING TRAFFIC LANE,OPERATED MV IN CARLESS OR NEGL,NOT CODED,00 NOT CODED,00 NOT CODED,00 NOT CODED,00 NOT CODED,01 NO,0,0,0,0,1,0,1,2,N,N,N,Y,N,N,N,Y,N,N,Y,N,N,N,N,N,N,N,N,N,Y,N,N,N,N,N,28.582976122,-81.207627974,479696.390028,3161801.974437,R,,ARBM15Q1R2,"June 10, 2023",2406931,-9039992.135270994,3322675.236743318
2020883380570,2020,883380570,FHPD20OFF044577,FLORIDA HIGHWAY PATROL,05 FIFTH,ORANGE,"July 2, 2020",0020,FRIDAY,7554 WINTER PARK,0754,N,SR 436,ALOMA AVE,0.25,N,28.6023099,-81.3072599,28.6085039,-81.307891,75003000,10.888,00890,SR 436,,R RIGHT,S SIDE OF ROAD,N NORTH,30 URBAN 6+LN 2WY DIVD RASD,03 STATE,01 NON-JUNCTION,02 OFF ROADWAY,01 NOT AT INTERSECTION,03 CURB,38,"March 2, 2020",14 URBAN PRIN ART OTHER,38,CURB&GUTTER,2,,0,,0,23,61000,RCI,2.1,2D0000,50,2 POSSIBLE INJURY,31 Q/C COMPLETED - LOC VERIFIED,1 ALC,01 NOT AT INTERSECTION/RRX/BRIDGE,04 DARK-LIGHTED,01 CLEAR,01 DRY,01 LEVEL,1 STRAIGHT,"TWO-WAY, DIVIDED, POSITIVE MED",,NO CONTROLS,NOT CODED,6,NONE,NOT CODED,NOT CODED,NONE,NOT CODED,NOT CODED,33 UTILITY POLE/LIGHT SUPPORT,77 OTHER (SEE NARRATIVE),16 LEAVING TRAFFIC LANE,OPERATED MV IN CARLESS OR NEGL,NOT CODED,00 NOT CODED,00 NOT CODED,00 NOT CODED,00 NOT CODED,01 NO,1,0,0,0,1,0,1,1,N,N,N,N,Y,N,N,Y,N,N,Y,N,N,N,N,N,N,N,N,N,N,N,N,N,N,N,28.608536411,-81.30782365,469905.652443,3164654.77417,R,,ARBM15Q1R2,"June 10, 2023",2406932,-9051145.870303938,3325915.8965233006
2020883840270,2020,883840270,FHPD20OFF060446,FLORIDA HIGHWAY PATROL,05 FIFTH,ORANGE,"September 3, 2020",1453,FRIDAY,7546 ORLANDO,0746,N,SR 482,SKYVIEW DR,0.019,W,28.4504569,-81.3984139,28.450406,-81.3981347,75002000,4.773,05601,SR 482,,L LEFT,2 THRU LANE 2,W WEST,30 URBAN 6+LN 2WY DIVD RASD,03 STATE,03 INTERSECTION-RELATED,01 ON ROADWAY,02 FOUR-WAY INTERSECTION,03 CURB,35,"March 3, 2020",16 URBAN MINOR ART,37,PAVED,2,CURB&GUTTER,2,,0,20,42000,RCI,11.4,,45,1 NO INJURY,31 Q/C COMPLETED - LOC VERIFIED,0 NO,01 NOT AT INTERSECTION/RRX/BRIDGE,01 DAYLIGHT,01 CLEAR,01 DRY,01 LEVEL,1 STRAIGHT,"TWO-WAY, DIVIDED, POSITIVE MED","TWO-WAY, DIVIDED, POSITIVE MED",NO CONTROLS,NO CONTROLS,6,NONE,NOT CODED,NOT CODED,NONE,NOT CODED,NOT CODED,14 MOTOR VEHICLE IN TRANSPORT,01 FRONT TO REAR,01 STRAIGHT AHEAD,OPERATED MV IN CARLESS OR NEGL,NO CONTRIBUTING ACTION,00 NOT CODED,00 NOT CODED,00 NOT CODED,00 NOT CODED,01 NO,0,0,0,0,2,0,2,4,N,N,N,N,N,N,N,N,N,N,Y,N,N,N,N,N,N,N,N,N,Y,N,N,N,N,N,28.450471151,-81.398208517,461010.988204,3147169.555991,L,,ARBM15Q1R2,"June 10, 2023",2406990,-9061207.469883481,3305888.2007629136
2020883840310,2020,883840310,FHPD20OFF061426,FLORIDA HIGHWAY PATROL,05 FIFTH,ORANGE,"September 7, 2020",1427,TUESDAY,7546 ORLANDO,0746,N,SR 551,SR 552,0.038,S,28.514441,-81.2896408,28.5151002,-81.289731,75200000,2.682,02085,SR 551,,R RIGHT,1 THRU LANE 1,N NORTH,20 URBAN 4-5LN 2WY DIVD RASD,03 STATE,03 INTERSECTION-RELATED,01 ON ROADWAY,01 NOT AT INTERSECTION,03 CURB,29,"February 11, 2020",16 URBAN MINOR ART,26,CURB&GUTTER,4,CURB&GUTTER,2,,0,22,43500,RCI,4.6,,45,1 NO INJURY,31 Q/C COMPLETED - LOC VERIFIED,0 NO,03 INFLUENCED BY INTERSECTION,01 DAYLIGHT,01 CLEAR,01 DRY,01 LEVEL,1 STRAIGHT,"TWO-WAY, DIVIDED, POSITIVE MED","TWO-WAY, DIVIDED, POSITIVE MED",TRAFFIC CONTROL SIGNAL,TRAFFIC CONTROL SIGNAL,4,NONE,NOT CODED,NOT CODED,NONE,NOT CODED,NOT CODED,14 MOTOR VEHICLE IN TRANSPORT,01 FRONT TO REAR,01 STRAIGHT AHEAD,OPERATED MV IN CARLESS OR NEGL,NO CONTRIBUTING ACTION,00 NOT CODED,00 NOT CODED,00 NOT CODED,00 NOT CODED,01 NO,0,0,0,0,2,0,2,2,N,N,N,Y,N,N,N,N,N,N,N,N,N,N,N,N,N,N,N,N,N,N,N,N,N,N,28.514698182,-81.289656918,471656.602258,3154254.470946,R,,ARBM15Q1R2,"June 10, 2023",2406991,-9049123.55787927,3314022.4801073344
2020883811080,2020,883811080,FHPD20OFF062696,FLORIDA HIGHWAY PATROL,05 FIFTH,ORANGE,"September 12, 2020",0225,SUNDAY,7546 ORLANDO,0746,N,SR 436,SANTA ROSA DR,0.001,S,28.5555644,-81.3108609,0,0,75003000,7.22,00880,SR 436,,L LEFT,3 THRU LANE 3,S SOUTH,30 URBAN 6+LN 2WY DIVD RASD,03 STATE,03 INTERSECTION-RELATED,01 ON ROADWAY,01 NOT AT INTERSECTION,03 CURB,40,"March 2, 2020",14 URBAN PRIN ART OTHER,33,CURB&GUTTER,2,,0,,0,25,64500,RCI,4.2,,45,4 INCAPACITATING INJURY,31 Q/C COMPLETED - LOC VERIFIED,0 NO,03 INFLUENCED BY INTERSECTION,04 DARK-LIGHTED,02 CLOUDY,02 WET,01 LEVEL,1 STRAIGHT,"TWO-WAY, DIVIDED, POSITIVE MED",,NO CONTROLS,NOT CODED,6,NONE,NOT CODED,NOT CODED,NONE,NOT CODED,NOT CODED,10 PEDESTRIAN,77 OTHER (SEE NARRATIVE),77 OTHER (SEE NARRATIVE),NOT CODED,NOT CODED,00 NOT CODED,00 NOT CODED,00 NOT CODED,00 NOT CODED,01 NO,1,0,1,1,0,0,1,1,N,N,N,Y,N,N,N,N,N,N,N,N,Y,N,Y,N,N,N,N,N,N,N,N,N,N,N,28.555955924,-81.310863024,469593.386255,3158830.388739,L,,ARBM15Q1R2,"June 10, 2023",2406995,-9051484.211649042,3319250.338176422
2020883877000,2020,883877000,FHPD20OFF059166,FLORIDA HIGHWAY PATROL,05 FIFTH,ORANGE,"August 29, 2020",1440,SUNDAY,7546 ORLANDO,0746,N,ORANGE BLOSSOM TRL US 4,CONSULATE DR,0.011,S,28.42829,-81.4047199,28.4280255,-81.4047154,75010000,5.516,01834,SR 500,US 17,R RIGHT,3 THRU LANE 3,N NORTH,30 URBAN 6+LN 2WY DIVD RASD,02 U.S.,01 NON-JUNCTION,01 ON ROADWAY,01 NOT AT INTERSECTION,01 PAVED,38,"March 1, 2020",14 URBAN PRIN ART OTHER,32,CURB&GUTTER,2,,0,,0,27,40500,RCI,7.8,,45,3 NO-INCAPACITATING INJURY,31 Q/C COMPLETED - LOC VERIFIED,0 NO,03 INFLUENCED BY INTERSECTION,01 DAYLIGHT,01 CLEAR,01 DRY,01 LEVEL,1 STRAIGHT,"TWO-WAY, DIVIDED, POSITIVE MED","TWO-WAY, DIVIDED, POSITIVE MED",NO CONTROLS,NO CONTROLS,6,NONE,NOT CODED,NOT CODED,NONE,NOT CODED,NOT CODED,14 MOTOR VEHICLE IN TRANSPORT,01 FRONT TO REAR,01 STRAIGHT AHEAD,OPERATED MV IN CARLESS OR NEGL,NO CONTRIBUTING ACTION,00 NOT CODED,00 NOT CODED,00 NOT CODED,00 NOT CODED,01 NO,1,0,0,0,2,0,2,5,N,N,N,Y,N,N,N,N,N,N,Y,N,N,N,N,N,N,N,N,N,N,N,N,N,N,N,28.428034311,-81.404716887,460365.379478,3144686.045636,C,,ARBM15Q1R2,"June 10, 2023",2407020,-9061931.97849845,3303047.7657780596
2020883653960,2020,883653960,FHPD20OFF044714,FLORIDA HIGHWAY PATROL,05 FIFTH,ORANGE,"July 2, 2020",1545,FRIDAY,7546 ORLANDO,0746,N,SR 482,GOLDEN SKY LN,0.019,W,28.4505799,-81.39377,0,0,75002000,5.026,02723,SR 482,,R RIGHT,1 THRU LANE 1,E EAST,30 URBAN 6+LN 2WY DIVD RASD,03 STATE,01 NON-JUNCTION,01 ON ROADWAY,01 NOT AT INTERSECTION,03 CURB,35,"March 3, 2020",16 URBAN MINOR ART,37,PAVED,2,CURB&GUTTER,2,,0,30,42000,RCI,11.4,,55,4 INCAPACITATING INJURY,31 Q/C COMPLETED - LOC VERIFIED,0 NO,03 INFLUENCED BY INTERSECTION,01 DAYLIGHT,02 CLOUDY,01 DRY,01 LEVEL,1 STRAIGHT,"TWO-WAY, DIVIDED, POSITIVE MED","TWO-WAY, DIVIDED, POSITIVE MED",TRAFFIC CONTROL SIGNAL,TRAFFIC CONTROL SIGNAL,6,NONE,NOT CODED,NOT CODED,NONE,NOT CODED,NOT CODED,14 MOTOR VEHICLE IN TRANSPORT,01 FRONT TO REAR,01 STRAIGHT AHEAD,OPERATED MV IN CARLESS OR NEGL,NO CONTRIBUTING ACTION,00 NOT CODED,00 NOT CODED,00 NOT CODED,00 NOT CODED,01 NO,2,0,1,0,3,0,3,3,N,N,N,Y,N,N,N,N,N,N,Y,N,N,N,N,N,N,N,N,N,N,N,N,N,N,N,28.450575226,-81.39398107,461424.943328,3147179.722529,R,,ARBM15Q1R2,"June 10, 2023",2407041,-9060736.872533197,3305901.377635751
2020883669370,2020,883669370,FHPD20OFF049419,FLORIDA HIGHWAY PATROL,05 FIFTH,ORANGE,"July 22, 2020",0331,THURSDAY,"7500 UNINCORPORATED, ORANGE",0700,N,SR 552,SR 551,0.008,E,28.5156697,-81.289559,28.5156515,-81.2897349,75200000,2.72,02086,SR 551,,S SIDE RD RIGHT,2 THRU LANE 2,W WEST,20 URBAN 4-5LN 2WY DIVD RASD,03 STATE,01 NON-JUNCTION,01 ON ROADWAY,01 NOT AT INTERSECTION,03 CURB,36,"February 11, 2020",16 URBAN MINOR ART,26,PAVED,4,CURB&GUTTER,2,,0,22,43500,RCI,4.6,,45,1 NO INJURY,31 Q/C COMPLETED - LOC VERIFIED,0 NO,03 INFLUENCED BY INTERSECTION,04 DARK-LIGHTED,01 CLEAR,01 DRY,01 LEVEL,1 STRAIGHT,"TWO-WAY, DIVIDED, POSITIVE MED","TWO-WAY, DIVIDED, POSITIVE MED",NO CONTROLS,TRAFFIC CONTROL SIGNAL,4,NONE,NOT CODED,NOT CODED,NONE,NOT CODED,NOT CODED,14 MOTOR VEHICLE IN TRANSPORT,01 FRONT TO REAR,01 STRAIGHT AHEAD,OPERATED MV IN CARLESS OR NEGL,NO CONTRIBUTING ACTION,00 NOT CODED,00 NOT CODED,00 NOT CODED,00 NOT CODED,01 NO,0,0,0,0,2,0,2,2,N,N,N,Y,N,N,N,N,N,N,N,N,N,N,N,N,N,N,N,N,N,N,N,N,N,N,28.515252731,-81.289656919,471656.750486,3154315.906172,R,,ARBM15Q1R2,"June 10, 2023",2407042,-9049123.557961594,3314092.7346552066
2020883649700,2020,883649700,FHPD20OFF053614,FLORIDA HIGHWAY PATROL,05 FIFTH,ORANGE,"August 7, 2020",1104,SATURDAY,7546 ORLANDO,0746,N,SR 551,YUCATAN DR,0.019,S,28.544074,-81.2858383,28.5451846,-81.2858341,75200000,4.841,02096,SR 551,,L LEFT,2 THRU LANE 2,S SOUTH,21 URBAN 4-5LN 2WY DIVD PAVD,03 STATE,01 NON-JUNCTION,01 ON ROADWAY,01 NOT AT INTERSECTION,03 CURB,29,"February 11, 2020",16 URBAN MINOR ART,26,CURB&GUTTER,2,,0,,0,14,36500,RCI,5.8,,45,1 NO INJURY,31 Q/C COMPLETED - LOC VERIFIED,0 NO,01 NOT AT INTERSECTION/RRX/BRIDGE,04 DARK-LIGHTED,01 CLEAR,01 DRY,01 LEVEL,1 STRAIGHT,"TWO-WAY, NOT DIV, W/CONT LTURN","TWO-WAY, NOT DIV, W/CONT LTURN",NO CONTROLS,NO CONTROLS,4,NONE,NOT CODED,NOT CODED,NONE,NOT CODED,NOT CODED,14 MOTOR VEHICLE IN TRANSPORT,01 FRONT TO REAR,01 STRAIGHT AHEAD,NOT CODED,NO CONTRIBUTING ACTION,00 NOT CODED,00 NOT CODED,00 NOT CODED,00 NOT CODED,01 NO,0,0,0,0,1,0,2,2,N,N,N,N,N,N,N,N,N,N,N,N,N,N,N,N,N,N,N,N,N,N,N,N,N,N,28.544959451,-81.285838428,472038.237579,3157606.053742,C,,ARBM15Q1R2,"June 10, 2023",2407048,-9048698.485494338,3317856.751119918
2020883649730,2020,883649730,FHPD20OFF053859,FLORIDA HIGHWAY PATROL,05 FIFTH,ORANGE,"August 8, 2020",2045,SUNDAY,7546 ORLANDO,0746,N,SR 551,SR 50,0.002,N,28.568874,-81.2861526,28.5682624,-81.2861036,75200000,6.432,05159,SR 551,,L LEFT,2 THRU LANE 2,S SOUTH,20 URBAN 4-5LN 2WY DIVD RASD,03 STATE,01 NON-JUNCTION,01 ON ROADWAY,01 NOT AT INTERSECTION,03 CURB,29,"February 11, 2020",16 URBAN MINOR ART,26,CURB&GUTTER,2,,0,,0,16,34000,RCI,2.2,,45,1 NO INJURY,31 Q/C COMPLETED - LOC VERIFIED,0 NO,03 INFLUENCED BY INTERSECTION,04 DARK-LIGHTED,03 RAIN,02 WET,01 LEVEL,1 STRAIGHT,"TWO-WAY, DIVIDED, POSITIVE MED","TWO-WAY, DIVIDED, POSITIVE MED",NO CONTROLS,NO CONTROLS,4,NONE,NOT CODED,NOT CODED,NONE,NOT CODED,NOT CODED,14 MOTOR VEHICLE IN TRANSPORT,01 FRONT TO REAR,01 STRAIGHT AHEAD,NOT CODED,NO CONTRIBUTING ACTION,00 NOT CODED,00 NOT CODED,00 NOT CODED,00 NOT CODED,01 NO,0,0,0,0,1,0,2,1,N,N,N,Y,N,N,N,N,N,N,N,N,N,N,N,N,N,N,N,N,N,N,N,N,N,N,28.568158593,-81.28617672,472011.280936,3160176.247605,L,,ARBM15Q1R2,"June 10, 2023",2407049,-9048736.144162474,3320796.957579964
2020883137880,2020,883137880,FHPD20OFF055172,FLORIDA HIGHWAY PATROL,05 FIFTH,ORANGE,"August 14, 2020",0005,SATURDAY,7546 ORLANDO,0746,N,I 4,SR 535,1,S,28.3664532,-81.5143682,28.3655986,-81.515117,75280000,1.612,02338,SR 400,I 4,R RIGHT,2 THRU LANE 2,E EAST,01 INTERSTATE URBAN,01 INTERSTATE,01 NON-JUNCTION,01 ON ROADWAY,01 NOT AT INTERSECTION,01 PAVED,39,"March 2, 2020",11 URBAN PRIN ART INT.,36,PAVED WARN,10,LAWN,2,,0,64,149500,RCI,8.9,,65,2 POSSIBLE INJURY,31 Q/C COMPLETED - LOC VERIFIED,0 NO,01 NOT AT INTERSECTION/RRX/BRIDGE,04 DARK-LIGHTED,01 CLEAR,01 DRY,01 LEVEL,1 STRAIGHT,"TWO-WAY, DIVIDED, POSITIVE MED","TWO-WAY, DIVIDED, UNPROTECTED",NO CONTROLS,NO CONTROLS,6,NONE,NOT CODED,NOT CODED,NONE,NOT CODED,NOT CODED,14 MOTOR VEHICLE IN TRANSPORT,01 FRONT TO REAR,06 CHANGING LANES,OPERATED MV IN CARLESS OR NEGL,NO CONTRIBUTING ACTION,00 NOT CODED,00 NOT CODED,00 NOT CODED,00 NOT CODED,01 NO,6,0,0,0,3,0,3,6,N,N,N,N,N,N,N,N,N,N,Y,N,N,N,N,N,N,N,N,N,N,N,N,N,N,N,28.365590714,-81.515102461,449525.409361,3137809.603224,R,,ARBM15Q1R2,"June 10, 2023",2407281,-9074220.047698779,3295145.765530713
2020883137890,2020,883137890,FHPD20OFF055427,FLORIDA HIGHWAY PATROL,05 FIFTH,ORANGE,"August 14, 2020",2205,SATURDAY,7546 ORLANDO,0746,N,I 4,SR 535,1,N,28.3897305,-81.4934246,28.388821,-81.4942666,75280000,3.651,00330,SR 400,I 4,M MEDIAN,M MIDDLE,E EAST,01 INTERSTATE URBAN,01 INTERSTATE,01 NON-JUNCTION,04 MEDIAN,01 NOT AT INTERSECTION,01 PAVED,35,"March 2, 2020",11 URBAN PRIN ART INT.,48,PAVED WARN,10,LAWN,12,,0,64,224000,RCI,6.8,,60,2 POSSIBLE INJURY,31 Q/C COMPLETED - LOC VERIFIED,0 NO,01 NOT AT INTERSECTION/RRX/BRIDGE,04 DARK-LIGHTED,01 CLEAR,01 DRY,01 LEVEL,1 STRAIGHT,"TWO-WAY, DIVIDED, POSITIVE MED",,NO CONTROLS,NOT CODED,8,NONE,NOT CODED,NOT CODED,NONE,NOT CODED,NOT CODED,01 OVERTURN/ROLLOVER,77 OTHER (SEE NARRATIVE),01 STRAIGHT AHEAD,OVER-CORRECTING/OVERSTEERING,NOT CODED,00 NOT CODED,00 NOT CODED,00 NOT CODED,00 NOT CODED,01 NO,4,0,0,0,1,0,1,4,N,N,N,N,Y,N,N,N,N,N,N,N,N,N,N,N,N,N,N,N,N,N,N,N,N,N,28.388821942,-81.494260424,451578.289129,3140374.693168,R,,ARBM15Q1R2,"June 10, 2023",2407282,-9071899.922154674,3298085.0455146884
2020883137920,2020,883137920,FHPD20OFF056638,FLORIDA HIGHWAY PATROL,05 FIFTH,ORANGE,"August 20, 2020",0410,FRIDAY,7546 ORLANDO,0746,N,I 4,SR 536,0.5,N,28.366375,-81.5148495,28.3655531,-81.515158,75280000,1.608,02338,SR 400,I 4,L LEFT,2 THRU LANE 2,W WEST,01 INTERSTATE URBAN,01 INTERSTATE,01 NON-JUNCTION,01 ON ROADWAY,01 NOT AT INTERSECTION,01 PAVED,39,"March 2, 2020",11 URBAN PRIN ART INT.,36,PAVED WARN,10,LAWN,2,,0,64,149500,RCI,8.9,,65,2 POSSIBLE INJURY,31 Q/C COMPLETED - LOC VERIFIED,0 NO,01 NOT AT INTERSECTION/RRX/BRIDGE,04 DARK-LIGHTED,02 CLOUDY,02 WET,01 LEVEL,1 STRAIGHT,"TWO-WAY, DIVIDED, POSITIVE MED","TWO-WAY, DIVIDED, POSITIVE MED",NO CONTROLS,NO CONTROLS,6,NONE,NOT CODED,NOT CODED,NONE,NOT CODED,NOT CODED,14 MOTOR VEHICLE IN TRANSPORT,01 FRONT TO REAR,01 STRAIGHT AHEAD,OPERATED MV IN CARLESS OR NEGL,NO CONTRIBUTING ACTION,00 NOT CODED,00 NOT CODED,00 NOT CODED,00 NOT CODED,01 NO,2,0,0,0,2,0,2,2,N,N,N,N,Y,N,N,N,N,N,Y,N,N,N,N,N,N,N,N,N,N,N,N,N,N,N,28.365525628,-81.515562025,449480.345459,3137802.585217,L,,ARBM15Q1R2,"June 10, 2023",2407315,-9074271.206136925,3295137.5315923844
2020883137930,2020,883137930,FHPD20OFF056996,FLORIDA HIGHWAY PATROL,05 FIFTH,ORANGE,"August 21, 2020",0233,SATURDAY,7554 WINTER PARK,0754,N,I 4,SR 426,0,,28.5945444,-81.3836058,28.5941768,-81.3830333,75280097,0.117,00396,SR 400,I 4,R RIGHT,X RAMP,E EAST,08 RAMP RURAL,01 INTERSTATE,14 ENTRANCE/EXIT RAMP,01 ON ROADWAY,01 NOT AT INTERSECTION,01 PAVED,0,"December 31, 2000",,24,PAVED,4,LAWN,11,,0,,9700,RCI,3.1,,,1 NO INJURY,31 Q/C COMPLETED - LOC VERIFIED,0 NO,07 ENTRANCE RAMP,04 DARK-LIGHTED,03 RAIN,02 WET,01 LEVEL,1 STRAIGHT,ONE-WAY TRAFFICWAY,,NO CONTROLS,NOT CODED,1,NONE,NOT CODED,NOT CODED,NONE,NOT CODED,NOT CODED,30 CONCRETE TRAFFIC BARRIER,77 OTHER (SEE NARRATIVE),77 OTHER (SEE NARRATIVE),FAILED TO KEEP IN PROPER LANE,NOT CODED,04 ACTIVITY AREA,03 WORK ON SHOULDER OR MEDIAN,01 NO,01 NO,01 NO,0,0,0,0,1,0,1,1,N,Y,N,N,Y,N,N,N,N,N,Y,N,N,N,N,N,N,N,N,N,N,N,N,N,N,N,28.594180079,-81.383035877,462547.392826,3163085.517349,O,,ARBM15Q1R2,"June 10, 2023",2407316,-9059518.459448347,3324095.632305706
2020883137940,2020,883137940,FHPD20OFF057228,FLORIDA HIGHWAY PATROL,05 FIFTH,ORANGE,"August 21, 2020",2255,SATURDAY,7546 ORLANDO,0746,N,I 4,SR 535,1,S,28.38777,-81.49521,28.3660423,-81.5147174,75280000,1.651,02339,SR 400,I 4,M MEDIAN,M MIDDLE,E EAST,01 INTERSTATE URBAN,01 INTERSTATE,01 NON-JUNCTION,02 OFF ROADWAY,01 NOT AT INTERSECTION,01 PAVED,39,"March 2, 2020",11 URBAN PRIN ART INT.,36,PAVED WARN,10,LAWN,2,,0,64,149500,RCI,8.9,,65,3 NO-INCAPACITATING INJURY,31 Q/C COMPLETED - LOC VERIFIED,0 NO,01 NOT AT INTERSECTION/RRX/BRIDGE,04 DARK-LIGHTED,03 RAIN,02 WET,01 LEVEL,1 STRAIGHT,"TWO-WAY, DIVIDED, POSITIVE MED",,NO CONTROLS,NOT CODED,6,NONE,NOT CODED,NOT CODED,NONE,NOT CODED,NOT CODED,27 GUARDRAIL FACE,77 OTHER (SEE NARRATIVE),16 LEAVING TRAFFIC LANE,FAILED TO KEEP IN PROPER LANE,NOT CODED,00 NOT CODED,00 NOT CODED,00 NOT CODED,00 NOT CODED,01 NO,1,0,0,0,1,0,1,1,N,N,N,N,Y,N,N,N,N,N,N,N,N,N,N,N,N,N,N,N,N,N,N,N,N,N,28.366035322,-81.514704217,449564.643877,3137858.69184,R,,ARBM15Q1R2,"June 10, 2023",2407317,-9074175.715371514,3295202.0125183263
2020883137950,2020,883137950,FHPD20OFF057263,FLORIDA HIGHWAY PATROL,05 FIFTH,ORANGE,"August 22, 2020",0213,SUNDAY,7546 ORLANDO,0746,N,I 4,CENTRAL FLORIDA PKWY,0.057,N,28.4105838,-81.4753846,28.4109243,-81.4747952,75280000,5.579,00479,SR 400,I 4,M MEDIAN,M MIDDLE,W WEST,01 INTERSTATE URBAN,01 INTERSTATE,01 NON-JUNCTION,02 OFF ROADWAY,01 NOT AT INTERSECTION,01 PAVED,35,"March 2, 2020",11 URBAN PRIN ART INT.,48,PAVED WARN,12,,0,,0,64,204000,RCI,8,2D0000,60,2 POSSIBLE INJURY,31 Q/C COMPLETED - LOC VERIFIED,0 NO,01 NOT AT INTERSECTION/RRX/BRIDGE,04 DARK-LIGHTED,02 CLOUDY,02 WET,01 LEVEL,2 CURVE RIGHT,"TWO-WAY, DIVIDED, POSITIVE MED",,NO CONTROLS,NOT CODED,8,NONE,NOT CODED,NOT CODED,NONE,NOT CODED,NOT CODED,27 GUARDRAIL FACE,77 OTHER (SEE NARRATIVE),77 OTHER (SEE NARRATIVE),OPERATED MV IN CARLESS OR NEGL,NOT CODED,00 NOT CODED,00 NOT CODED,00 NOT CODED,00 NOT CODED,01 NO,1,0,0,0,1,0,1,1,N,N,N,N,Y,N,N,N,N,N,N,N,N,N,N,N,N,N,N,N,N,N,N,N,N,N,28.410942322,-81.474807881,453493.699667,3142817.607895,R,,ARBM15Q1R2,"June 10, 2023",2407318,-9069734.474441793,3300884.376475592