Crash Id,Calendar Year,FDOT Crash Number,Reporting Agency Case Number,Reporting Agency Type,FDOT Managing District,County Name,Crash Date,Crash Time,Day,DHSMV City,Crash Report City Code,In Town,On Roadway Name,Int Roadway Name,Reference Distance (Miles),Reference Direction,Officer Latitude,Officer Longitude,FDOT Latitude,FDOT Longitude,FDOT Roadway,Nearest Inventory MP,Nearest Node From Crash,State Road #,US Highway,Crash Side of Road,Accident Lane Number,Travel Direction Vehicle 1,FDOT Road Category,DHSMV Road System Id,Relation to Junction,Crash Harmful Event Location,Intersection Type,Shoulder Type,FDOT Roadway SKID Test Result,FDOT Roadway SKID Test Date,Functional Class,RCI Surface Width,RCI Shoulder Type First,RCI Shoulder Width First,RCI Shoulder Type Second,RCI Shoulder Width Second,RCI Shoulder Type Third,RCI Shoulder Width Third,RCI Median Width,Avg Daily Traffic,AADT Source,RCI Avg Per Truck Traffic,RCI Horiz Curve Condition,Posted Speed Limit,Highest Injury in Crash,CAR Status Code,Alcohols/Drug Involved,Site Location,Lighting,Weather,Road Surface,Roadway Grade,Roadway Alignment,Traffic Way Vehicle 1,Traffic Way Vehicle 2,Traffic Control Vehicle 1,Traffic Control Vehicle 2,Count of Lanes,Road Condition 1,Road Condition 2,Road Condition 3,Environment Condition 1,Environment Condition 2,Environment Condition 3,Crash Harmful Event,Manner of Collision,Vehicle Movement,Driver Action Vehicle 1,Driver Action Vehicle 2,Location Within Workzone,Type of Workzone,Workers Present in Workzone,Law Enforcement Present in Workzone,School Bus Related,Count of Nonfatal Injuries,Count of Traffic Fatalities,Count of Serious Injuries,Count of Pedestrians,Count of Drivers,Count of Bicyclists,Count of Vehicles,Count of Persons,Wrong Way,Workzone Inv,Commercial Vehicle Inv,Intersection Inv,Lane Departure,Speeding,Agressive Driving,Impaired Driver,Impaired Pedestrian,Impaired Bicyclist,Distracted Driver,Speeding or Aggressive Driving,Pedestrian Related,Bicyclist Related,Pedestrian or Bicyclist Related,Motorcycle Inv,No Belt,No Belt - Ages 1-4,No Belt - Ages 5-12,No Belt - Ages 13-17,Driver - Ages Teen,Driver - Ages 65 plus,Driver - Ages 65-69,Driver - Ages 70-74,Driver - Ages 75-79,Driver - Ages 80 plus,ARBM Latitude,ARBM Longitude,UTM Zone 17N X,UTM Zone 17N Y,ARBM Side of Road,Urban Rural Indicator,GIS Street Source,Extract Date,OBJECTID,x,y
2020883666180,2020,883666180,FHPD20OFF055591,FLORIDA HIGHWAY PATROL,05 FIFTH,ORANGE,"August 15, 2020",1650,SUNDAY,7530 APOPKA,0730,N,SR 436,PIEDMONT WEKIVA RD,0.019,E,28.6727899,-81.4682499,28.6729124,-81.4677988,75120000,1.712,06162,SR 436,,L LEFT,L LEFT TURN,W WEST,30 URBAN 6+LN 2WY DIVD RASD,03 STATE,01 NON-JUNCTION,01 ON ROADWAY,01 NOT AT INTERSECTION,03 CURB,36,"September 8, 2019",14 URBAN PRIN ART OTHER,48,PAVED,4,CURB&GUTTER,2,,0,33,57500,RCI,4.5,,45,2 POSSIBLE INJURY,31 Q/C COMPLETED - LOC VERIFIED,0 NO,03 INFLUENCED BY INTERSECTION,01 DAYLIGHT,02 CLOUDY,02 WET,01 LEVEL,1 STRAIGHT,"TWO-WAY, DIVIDED, POSITIVE MED","TWO-WAY, DIVIDED, POSITIVE MED",NO CONTROLS,NO CONTROLS,8,NONE,NOT CODED,NOT CODED,NONE,NOT CODED,NOT CODED,14 MOTOR VEHICLE IN TRANSPORT,01 FRONT TO REAR,01 STRAIGHT AHEAD,OPERATED MV IN CARLESS OR NEGL,NO CONTRIBUTING ACTION,00 NOT CODED,00 NOT CODED,00 NOT CODED,00 NOT CODED,01 NO,1,0,0,0,2,0,2,2,N,N,N,Y,N,N,N,N,N,N,Y,N,N,N,N,N,N,N,N,N,N,N,N,N,N,N,28.673016122,-81.467741612,454299.085393,3171848.990548,L,,ARBM15Q1R2,"June 10, 2023",2408583,-9068947.861701153,3334094.4592467137
2020883666190,2020,883666190,FHPD20OFF057071,FLORIDA HIGHWAY PATROL,05 FIFTH,ORANGE,"August 21, 2020",1225,SATURDAY,7546 ORLANDO,0746,N,SR 551,PERSHING AVE,0,,28.4989099,-81.28551,28.4989815,-81.2854209,75200000,1.514,00283,SR 551,,R RIGHT,2 THRU LANE 2,N NORTH,20 URBAN 4-5LN 2WY DIVD RASD,03 STATE,02 INTERSECTION,01 ON ROADWAY,02 FOUR-WAY INTERSECTION,03 CURB,28,"February 11, 2020",16 URBAN MINOR ART,26,CURB&GUTTER,2,,0,,0,28,39500,RCI,5.2,,45,2 POSSIBLE INJURY,31 Q/C COMPLETED - LOC VERIFIED,0 NO,02 AT INTERSECTION,01 DAYLIGHT,01 CLEAR,01 DRY,01 LEVEL,1 STRAIGHT,"TWO-WAY, DIVIDED, POSITIVE MED","TWO-WAY, DIVIDED, POSITIVE MED",TRAFFIC CONTROL SIGNAL,TRAFFIC CONTROL SIGNAL,4,NONE,NOT CODED,NOT CODED,NONE,NOT CODED,NOT CODED,14 MOTOR VEHICLE IN TRANSPORT,03 ANGLE,01 STRAIGHT AHEAD,FAILED TO YIELD RIGHT-OF-WAY,FAILED TO YIELD RIGHT-OF-WAY,00 NOT CODED,00 NOT CODED,00 NOT CODED,00 NOT CODED,01 NO,2,0,0,0,2,0,2,2,N,N,N,Y,N,N,N,N,N,N,Y,N,N,N,N,N,N,N,N,N,N,N,N,N,N,N,28.49848111,-81.285337531,472074.993064,3152456.864858,R,,ARBM15Q1R2,"June 10, 2023",2408584,-9048642.72567968,3311968.1397724347
2020883666200,2020,883666200,FHPD20OFF057115,FLORIDA HIGHWAY PATROL,05 FIFTH,ORANGE,"August 21, 2020",1535,SATURDAY,7546 ORLANDO,0746,N,SR 50,SR 408,0.019,W,28.56538,-81.1948799,28.5653364,-81.1900144,75060000,12.83,02792,SR 50,,R RIGHT,1 THRU LANE 1,E EAST,30 URBAN 6+LN 2WY DIVD RASD,03 STATE,01 NON-JUNCTION,01 ON ROADWAY,01 NOT AT INTERSECTION,03 CURB,39,"September 9, 2019",14 URBAN PRIN ART OTHER,36,PAVED,4,CURB&GUTTER,2,,0,34,43000,RCI,5.1,,45,2 POSSIBLE INJURY,31 Q/C COMPLETED - LOC VERIFIED,0 NO,03 INFLUENCED BY INTERSECTION,01 DAYLIGHT,03 RAIN,02 WET,01 LEVEL,1 STRAIGHT,"TWO-WAY, DIVIDED, POSITIVE MED","TWO-WAY, DIVIDED, POSITIVE MED",NO CONTROLS,NO CONTROLS,6,NONE,NOT CODED,NOT CODED,NONE,NOT CODED,NOT CODED,14 MOTOR VEHICLE IN TRANSPORT,01 FRONT TO REAR,01 STRAIGHT AHEAD,OPERATED MV IN CARLESS OR NEGL,NO CONTRIBUTING ACTION,00 NOT CODED,00 NOT CODED,00 NOT CODED,00 NOT CODED,01 NO,2,0,0,0,2,0,2,2,N,N,N,Y,N,N,N,N,N,N,Y,N,N,N,N,N,N,N,N,N,N,N,N,N,N,N,28.565251318,-81.189583064,481457.869121,3159835.409746,R,,ARBM15Q1R2,"June 10, 2023",2408585,-9037983.384437293,3320428.460912004
2020883716940,2020,883716940,FHPD20OFF052167,FLORIDA HIGHWAY PATROL,05 FIFTH,ORANGE,"August 2, 2020",1340,MONDAY,7546 ORLANDO,0746,N,SR 50,CR 431,0.003,W,28.552386,-81.4478392,28.552509,-81.4475158,75050000,12.822,02143,SR 50,,R RIGHT,3 THRU LANE 3,E EAST,30 URBAN 6+LN 2WY DIVD RASD,03 STATE,01 NON-JUNCTION,01 ON ROADWAY,01 NOT AT INTERSECTION,03 CURB,44,"April 1, 2018",14 URBAN PRIN ART OTHER,36,PAVED,4,CURB&GUTTER,2,,0,41,42000,RCI,4.6,,45,2 POSSIBLE INJURY,31 Q/C COMPLETED - LOC VERIFIED,0 NO,03 INFLUENCED BY INTERSECTION,01 DAYLIGHT,01 CLEAR,01 DRY,01 LEVEL,1 STRAIGHT,"TWO-WAY, DIVIDED, POSITIVE MED","TWO-WAY, DIVIDED, POSITIVE MED",NO CONTROLS,NO CONTROLS,6,NONE,NOT CODED,NOT CODED,NONE,NOT CODED,NOT CODED,14 MOTOR VEHICLE IN TRANSPORT,01 FRONT TO REAR,01 STRAIGHT AHEAD,OPERATED MV IN CARLESS OR NEGL,NO CONTRIBUTING ACTION,00 NOT CODED,00 NOT CODED,00 NOT CODED,00 NOT CODED,01 NO,1,0,0,0,2,0,2,2,N,N,N,Y,N,N,N,N,N,N,N,N,N,N,N,N,N,N,N,N,N,N,N,N,N,N,28.552394655,-81.447516871,456225.1904,3158478.1374,R,,ARBM15Q1R2,"June 10, 2023",2408586,-9066696.452719484,3318799.00096142
2020883802400,2020,883802400,FHPD20OFF064386,FLORIDA HIGHWAY PATROL,05 FIFTH,ORANGE,"September 18, 2020",1637,SATURDAY,7546 ORLANDO,0746,N,SR 15,SOUTH MORE DR,0.008,N,28.4836025,-81.330885,28.4829122,-81.3307829,75080000,13.002,00181,SR 15,,L LEFT,1 THRU LANE 1,S SOUTH,20 URBAN 4-5LN 2WY DIVD RASD,03 STATE,04 DRIVEWAY/ALLEY ACCESS RELATED,01 ON ROADWAY,01 NOT AT INTERSECTION,03 CURB,27,"April 1, 2018",16 URBAN MINOR ART,22,CURB&GUTTER,2,,0,,0,22,35500,RCI,3.7,,40,3 NO-INCAPACITATING INJURY,31 Q/C COMPLETED - LOC VERIFIED,0 NO,03 INFLUENCED BY INTERSECTION,01 DAYLIGHT,01 CLEAR,01 DRY,01 LEVEL,1 STRAIGHT,"TWO-WAY, DIVIDED, POSITIVE MED","TWO-WAY, DIVIDED, POSITIVE MED",NO CONTROLS,NO CONTROLS,4,NONE,NOT CODED,NOT CODED,NONE,NOT CODED,NOT CODED,14 MOTOR VEHICLE IN TRANSPORT,01 FRONT TO REAR,01 STRAIGHT AHEAD,OPERATED MV IN CARLESS OR NEGL,NO CONTRIBUTING ACTION,00 NOT CODED,00 NOT CODED,00 NOT CODED,00 NOT CODED,01 NO,1,0,0,0,3,0,3,3,N,N,N,Y,N,N,N,N,N,N,N,N,N,N,N,N,N,N,N,N,N,N,N,N,N,N,28.482831516,-81.330886907,467612.430145,3150734.576886,L,,ARBM15Q1R2,"June 10, 2023",2408592,-9053713.26058715,3309985.9853220163
2020883649560,2020,883649560,FHPD20OFF050896,FLORIDA HIGHWAY PATROL,05 FIFTH,ORANGE,"July 28, 2020",1220,WEDNESDAY,7546 ORLANDO,0746,N,SR 417,UNIVERSITY BLVD,0,,28.5973704,-81.2524173,28.5974066,-81.2526957,75300019,0.322,04342,SR 417,,L LEFT,X RAMP,W WEST,08 RAMP RURAL,05 LOCAL,02 INTERSECTION,01 ON ROADWAY,03 T-INTERSECTION,03 CURB,0,"December 31, 2000",,28,PAVED,5,LAWN,5,,0,,4000,RCI,4.1,,,4 INCAPACITATING INJURY,31 Q/C COMPLETED - LOC VERIFIED,0 NO,08 EXIT RAMP,01 DAYLIGHT,01 CLEAR,01 DRY,01 LEVEL,1 STRAIGHT,"TWO-WAY, DIVIDED, POSITIVE MED",ONE-WAY TRAFFICWAY,NO CONTROLS,TRAFFIC CONTROL SIGNAL,2,NONE,NOT CODED,NOT CODED,NONE,NOT CODED,NOT CODED,14 MOTOR VEHICLE IN TRANSPORT,03 ANGLE,01 STRAIGHT AHEAD,RAN RED LIGHT,NO CONTRIBUTING ACTION,00 NOT CODED,00 NOT CODED,00 NOT CODED,00 NOT CODED,01 NO,2,0,2,0,2,0,2,2,N,N,N,N,N,N,N,N,N,N,Y,N,N,N,N,N,N,N,N,N,N,Y,N,N,Y,N,28.59741473,-81.252705375,475291.7045,3163410.0319,O,,ARBM15Q1R2,"June 10, 2023",2408610,-9045010.130054573,3324505.738030827
2020883649610,2020,883649610,FHPD20OFF052631,FLORIDA HIGHWAY PATROL,05 FIFTH,ORANGE,"August 4, 2020",0840,WEDNESDAY,7546 ORLANDO,0746,N,SR 551,LAKE UNDERHILL RD,0.019,S,28.5379026,-81.2856198,28.5388446,-81.2857665,75200000,4.404,02092,SR 551,,R RIGHT,2 THRU LANE 2,N NORTH,20 URBAN 4-5LN 2WY DIVD RASD,03 STATE,01 NON-JUNCTION,01 ON ROADWAY,01 NOT AT INTERSECTION,03 CURB,36,"February 11, 2020",16 URBAN MINOR ART,26,PAVED,4,CURB&GUTTER,2,,0,22,43500,RCI,3.6,,45,4 INCAPACITATING INJURY,31 Q/C COMPLETED - LOC VERIFIED,0 NO,03 INFLUENCED BY INTERSECTION,01 DAYLIGHT,01 CLEAR,01 DRY,01 LEVEL,1 STRAIGHT,"TWO-WAY, DIVIDED, POSITIVE MED","TWO-WAY, DIVIDED, POSITIVE MED",NO CONTROLS,NO CONTROLS,4,NONE,NOT CODED,NOT CODED,NONE,NOT CODED,NOT CODED,14 MOTOR VEHICLE IN TRANSPORT,01 FRONT TO REAR,01 STRAIGHT AHEAD,OPERATED MV IN CARLESS OR NEGL,NO CONTRIBUTING ACTION,00 NOT CODED,00 NOT CODED,00 NOT CODED,00 NOT CODED,01 NO,1,0,1,0,2,0,2,3,N,N,N,Y,N,N,N,N,N,N,Y,N,N,N,N,N,N,N,N,N,Y,N,N,N,N,N,28.538590965,-81.285676919,472052.356237,3156900.485585,R,,ARBM15Q1R2,"June 10, 2023",2408611,-9048680.506443266,3317049.737211997
2020883699870,2020,883699870,FHPD20OFF049374,FLORIDA HIGHWAY PATROL,05 FIFTH,ORANGE,"July 21, 2020",1908,WEDNESDAY,7546 ORLANDO,0746,N,SR 551,SUN TREE CIR,0.004,N,28.5560385,-81.2859753,28.5559617,-81.2859578,75200000,5.584,02099,SR 551,,R RIGHT,2 THRU LANE 2,N NORTH,21 URBAN 4-5LN 2WY DIVD PAVD,03 STATE,04 DRIVEWAY/ALLEY ACCESS RELATED,01 ON ROADWAY,01 NOT AT INTERSECTION,03 CURB,29,"February 11, 2020",16 URBAN MINOR ART,26,CURB&GUTTER,2,,0,,0,14,36500,RCI,5.8,,45,3 NO-INCAPACITATING INJURY,31 Q/C COMPLETED - LOC VERIFIED,0 NO,04 DRIVEWAY ACCESS,01 DAYLIGHT,01 CLEAR,01 DRY,00 NOT CODED,1 STRAIGHT,"TWO-WAY, NOT DIV, W/CONT LTURN","TWO-WAY, NOT DIV, W/CONT LTURN",NO CONTROLS,NO CONTROLS,4,NONE,NOT CODED,NOT CODED,NONE,NOT CODED,NOT CODED,14 MOTOR VEHICLE IN TRANSPORT,03 ANGLE,05 TURNING RIGHT,IMPROPER TURN,NO CONTRIBUTING ACTION,00 NOT CODED,00 NOT CODED,00 NOT CODED,00 NOT CODED,01 NO,1,0,0,0,2,0,2,2,N,N,N,N,N,N,N,N,N,N,N,N,N,N,N,N,N,N,N,N,N,N,N,N,N,N,28.555796314,-81.285966989,472028.524984,3158806.643577,C,,ARBM15Q1R2,"June 10, 2023",2408641,-9048712.796950076,3319230.1099221627
2020883645170,2020,883645170,FHPD20OFF044217,FLORIDA HIGHWAY PATROL,05 FIFTH,ORANGE,"June 30, 2020",1550,WEDNESDAY,7546 ORLANDO,0746,N,SR 50,ECONLOCKHATCHEE TRL N,0.027,W,28.5682705,-81.2534851,28.5683478,-81.2535073,75060000,8.916,05177,SR 50,,R RIGHT,1 THRU LANE 1,E EAST,30 URBAN 6+LN 2WY DIVD RASD,03 STATE,01 NON-JUNCTION,01 ON ROADWAY,01 NOT AT INTERSECTION,03 CURB,40,"September 9, 2019",14 URBAN PRIN ART OTHER,36,PAVED,4,CURB&GUTTER,2,,0,34,58500,RCI,2.3,1D0',50,2 POSSIBLE INJURY,31 Q/C COMPLETED - LOC VERIFIED,0 NO,03 INFLUENCED BY INTERSECTION,01 DAYLIGHT,03 RAIN,02 WET,01 LEVEL,1 STRAIGHT,"TWO-WAY, DIVIDED, POSITIVE MED","TWO-WAY, DIVIDED, POSITIVE MED",NO CONTROLS,NO CONTROLS,6,NONE,NOT CODED,NOT CODED,NONE,NOT CODED,NOT CODED,14 MOTOR VEHICLE IN TRANSPORT,01 FRONT TO REAR,01 STRAIGHT AHEAD,OPERATED MV IN CARLESS OR NEGL,NO CONTRIBUTING ACTION,00 NOT CODED,00 NOT CODED,00 NOT CODED,00 NOT CODED,01 NO,1,0,0,0,2,0,2,2,N,N,N,Y,N,N,N,N,N,N,Y,N,N,N,N,N,N,N,N,N,N,N,N,N,N,N,28.568249707,-81.253544869,475202.781927,3160179.153355,R,,ARBM15Q1R2,"June 10, 2023",2408673,-9045103.582083095,3320808.506581967
2020883645220,2020,883645220,FHPD20OFF044479,FLORIDA HIGHWAY PATROL,05 FIFTH,ORANGE,"July 1, 2020",1625,THURSDAY,7546 ORLANDO,0746,N,SR 50,CRICKET CLUB CIR,0.011,W,28.5658647,-81.1991411,28.5658922,-81.1990389,75060000,12.247,03490,SR 50,,R RIGHT,1 THRU LANE 1,E EAST,30 URBAN 6+LN 2WY DIVD RASD,03 STATE,01 NON-JUNCTION,01 ON ROADWAY,01 NOT AT INTERSECTION,03 CURB,39,"September 9, 2019",14 URBAN PRIN ART OTHER,36,PAVED,4,CURB&GUTTER,2,,0,34,48000,RCI,2.9,,45,3 NO-INCAPACITATING INJURY,31 Q/C COMPLETED - LOC VERIFIED,0 NO,03 INFLUENCED BY INTERSECTION,01 DAYLIGHT,02 CLOUDY,02 WET,01 LEVEL,1 STRAIGHT,"TWO-WAY, DIVIDED, POSITIVE MED","TWO-WAY, DIVIDED, POSITIVE MED",NO CONTROLS,NO CONTROLS,6,NONE,NOT CODED,NOT CODED,NONE,NOT CODED,NOT CODED,14 MOTOR VEHICLE IN TRANSPORT,01 FRONT TO REAR,01 STRAIGHT AHEAD,OPERATED MV IN CARLESS OR NEGL,NO CONTRIBUTING ACTION,00 NOT CODED,00 NOT CODED,00 NOT CODED,00 NOT CODED,01 NO,1,0,0,0,4,0,4,5,N,N,N,Y,N,N,N,N,N,N,Y,N,N,N,N,N,N,N,N,N,N,N,N,N,N,N,28.565841323,-81.199137589,480523.497528,3159902.289001,R,,ARBM15Q1R2,"June 10, 2023",2408674,-9039046.989556598,3320503.2431940357
2020883621930,2020,883621930,FHPD20OFF059875,FLORIDA HIGHWAY PATROL,05 FIFTH,ORANGE,"September 1, 2020",1056,WEDNESDAY,"7500 UNINCORPORATED, ORANGE",0700,N,SR 50,SR 520,0.095,E,28.5360788,-81.0719915,28.5368175,-81.0776762,75060000,20.125,02177,SR 50,,R RIGHT,1 THRU LANE 1,E EAST,26 RURAL 4-5LN 2WY DIVD RASD,03 STATE,01 NON-JUNCTION,01 ON ROADWAY,01 NOT AT INTERSECTION,01 PAVED,42,"September 9, 2019",04 RURAL PRIN ART OTHER,24,PAVED,4,LAWN,12,,0,20,12400,RCI,2.5,1D0000,55,2 POSSIBLE INJURY,31 Q/C COMPLETED - LOC VERIFIED,0 NO,01 NOT AT INTERSECTION/RRX/BRIDGE,01 DAYLIGHT,01 CLEAR,01 DRY,01 LEVEL,1 STRAIGHT,"TWO-WAY, DIVIDED, POSITIVE MED","TWO-WAY, DIVIDED, POSITIVE MED",NO CONTROLS,NO CONTROLS,4,NONE,NOT CODED,NOT CODED,NONE,NOT CODED,NOT CODED,14 MOTOR VEHICLE IN TRANSPORT,01 FRONT TO REAR,01 STRAIGHT AHEAD,OPERATED MV IN CARLESS OR NEGL,NO CONTRIBUTING ACTION,00 NOT CODED,00 NOT CODED,00 NOT CODED,00 NOT CODED,01 NO,1,0,0,0,2,0,2,2,N,N,N,N,N,N,N,N,N,N,Y,N,N,N,N,N,N,N,N,N,N,N,N,N,N,N,28.536788542,-81.077821088,492386.684619,3156669.989406,R,,ARBM15Q1R2,"June 10, 2023",2408681,-9025542.094371693,3316821.3437352497
2020883621940,2020,883621940,FHPD20OFF060307,FLORIDA HIGHWAY PATROL,05 FIFTH,ORANGE,"September 2, 2020",2348,THURSDAY,"7500 UNINCORPORATED, ORANGE",0700,N,SR 408,SR 417,0.038,W,28.5473199,-81.25283,0,0,75008160,1.106,04192,SR 408,,R RIGHT,S SIDE OF ROAD,E EAST,03 TOLL ROAD URBAN,03 STATE,14 ENTRANCE/EXIT RAMP,03 SHOULDER,77 OTHER (SEE NARRATIVE),03 CURB,35,"March 2, 2020",12 URBAN PRIN ART EXPR.,24,PAVED WARN,10,LAWN,12,,0,30,75500,RCI,4.5,,65,2 POSSIBLE INJURY,31 Q/C COMPLETED - LOC VERIFIED,0 NO,01 NOT AT INTERSECTION/RRX/BRIDGE,04 DARK-LIGHTED,01 CLEAR,01 DRY,03 UPHILL,1 STRAIGHT,ONE-WAY TRAFFICWAY,,NO CONTROLS,NOT CODED,5,NONE,NOT CODED,NOT CODED,NONE,NOT CODED,NOT CODED,30 CONCRETE TRAFFIC BARRIER,77 OTHER (SEE NARRATIVE),01 STRAIGHT AHEAD,OTHER CONTRIBUTING ACTION,NOT CODED,00 NOT CODED,00 NOT CODED,00 NOT CODED,00 NOT CODED,01 NO,1,0,0,0,1,0,1,1,N,N,N,N,Y,N,N,N,N,N,N,N,N,N,N,N,N,N,N,N,N,N,N,N,N,N,28.547294653,-81.258291485,474733.548294,3157858.64373,R,,ARBM15Q1R2,"June 10, 2023",2408682,-9045631.97299303,3318152.6801784
2020883650030,2020,883650030,FHPD20OFF059267,FLORIDA HIGHWAY PATROL,05 FIFTH,ORANGE,"August 29, 2020",2344,SUNDAY,7546 ORLANDO,0746,N,SR 434,STRATEGY BLVD,0,,28.6004401,-81.2078162,28.6004482,-81.2077191,75037000,2.336,02795,SR 434,,L LEFT,2 THRU LANE 2,S SOUTH,30 URBAN 6+LN 2WY DIVD RASD,03 STATE,02 INTERSECTION,01 ON ROADWAY,02 FOUR-WAY INTERSECTION,03 CURB,38,"September 9, 2019",14 URBAN PRIN ART OTHER,33,PAVED,4,CURB&GUTTER,2,,0,28,50000,RCI,3.1,,45,1 NO INJURY,31 Q/C COMPLETED - LOC VERIFIED,0 NO,02 AT INTERSECTION,04 DARK-LIGHTED,01 CLEAR,01 DRY,01 LEVEL,1 STRAIGHT,"TWO-WAY, DIVIDED, POSITIVE MED","TWO-WAY, NOT DIVIDED",TRAFFIC CONTROL SIGNAL,TRAFFIC CONTROL SIGNAL,6,NONE,NOT CODED,NOT CODED,NONE,NOT CODED,NOT CODED,14 MOTOR VEHICLE IN TRANSPORT,03 ANGLE,01 STRAIGHT AHEAD,RAN RED LIGHT,NO CONTRIBUTING ACTION,00 NOT CODED,00 NOT CODED,00 NOT CODED,00 NOT CODED,01 NO,0,0,0,0,2,0,2,4,N,N,N,Y,N,N,N,N,N,N,Y,N,N,N,N,N,N,N,N,N,N,N,N,N,N,N,28.600494637,-81.20780494,479682.45344,3163742.79538,L,,ARBM15Q1R2,"June 10, 2023",2408698,-9040011.8350821,3324896.235980431
2020883650040,2020,883650040,FHPD20OFF059601,FLORIDA HIGHWAY PATROL,05 FIFTH,ORANGE,"August 30, 2020",2300,MONDAY,7546 ORLANDO,0746,N,CR 431,SR 50,0,,28.552414,-81.4474998,28.5525093,-81.4474665,75050000,12.825,02143,SR 50,,I INTERSECTION,M MIDDLE,N NORTH,30 URBAN 6+LN 2WY DIVD RASD,03 STATE,02 INTERSECTION,01 ON ROADWAY,02 FOUR-WAY INTERSECTION,03 CURB,44,"April 1, 2018",14 URBAN PRIN ART OTHER,36,PAVED,4,CURB&GUTTER,2,,0,41,42000,RCI,4.6,,45,1 NO INJURY,31 Q/C COMPLETED - LOC VERIFIED,0 NO,02 AT INTERSECTION,04 DARK-LIGHTED,01 CLEAR,01 DRY,01 LEVEL,1 STRAIGHT,"TWO-WAY, DIVIDED, POSITIVE MED","TWO-WAY, DIVIDED, POSITIVE MED",TRAFFIC CONTROL SIGNAL,TRAFFIC CONTROL SIGNAL,6,NONE,NOT CODED,NOT CODED,NONE,NOT CODED,NOT CODED,14 MOTOR VEHICLE IN TRANSPORT,03 ANGLE,01 STRAIGHT AHEAD,NOT CODED,NO CONTRIBUTING ACTION,00 NOT CODED,00 NOT CODED,00 NOT CODED,00 NOT CODED,01 NO,0,0,0,0,1,0,2,1,N,N,N,Y,N,N,N,N,N,N,N,N,N,N,N,N,N,N,N,N,N,N,N,N,N,N,28.552395546,-81.447467464,456230.023623,3158478.218004,R,,ARBM15Q1R2,"June 10, 2023",2408699,-9066690.95283799,3318799.11380149
2020883822630,2020,883822630,FHPD20OFF056856,FLORIDA HIGHWAY PATROL,05 FIFTH,ORANGE,"August 20, 2020",1736,FRIDAY,7546 ORLANDO,0746,N,OAK RIDGE RD,US 441,0.038,W,28.4725663,-81.397173,28.4725789,-81.3966408,75010000,8.638,01936,SR 500,US 17,T SIDE RD LEFT,D DRIVEWAY,E EAST,30 URBAN 6+LN 2WY DIVD RASD,04 COUNTY,04 DRIVEWAY/ALLEY ACCESS RELATED,01 ON ROADWAY,01 NOT AT INTERSECTION,03 CURB,38,"March 1, 2020",14 URBAN PRIN ART OTHER,32,CURB&GUTTER,2,,0,,0,30,52500,RCI,6.9,,40,2 POSSIBLE INJURY,31 Q/C COMPLETED - LOC VERIFIED,0 NO,04 DRIVEWAY ACCESS,01 DAYLIGHT,02 CLOUDY,02 WET,01 LEVEL,1 STRAIGHT,"TWO-WAY, NOT DIV, W/CONT LTURN","TWO-WAY, NOT DIV, W/CONT LTURN",NO CONTROLS,NO CONTROLS,6,NONE,NOT CODED,NOT CODED,NONE,NOT CODED,NOT CODED,14 MOTOR VEHICLE IN TRANSPORT,"04 SIDESWIPE, SAME DIRECTION",01 STRAIGHT AHEAD,OTHER CONTRIBUTING ACTION,OTHER CONTRIBUTING ACTION,00 NOT CODED,00 NOT CODED,00 NOT CODED,00 NOT CODED,01 NO,1,0,0,0,2,0,2,5,N,N,N,N,Y,N,N,N,N,N,N,N,N,N,N,N,N,N,N,N,N,N,N,N,N,N,28.472584855,-81.396746889,461162.183625,3149618.928984,L,,ARBM15Q1R2,"June 10, 2023",2408708,-9061044.762291389,3308688.317411828
2020883649830,2020,883649830,FHPD20OFF055621,FLORIDA HIGHWAY PATROL,05 FIFTH,ORANGE,"August 15, 2020",1940,SUNDAY,7546 ORLANDO,0746,N,CORPORATE BLVD,SR 434,0.002,W,28.6075659,-81.2078198,28.6075853,-81.2075188,75037000,2.828,03099,SR 434,,M MEDIAN,M MIDDLE,S SOUTH,30 URBAN 6+LN 2WY DIVD RASD,03 STATE,03 INTERSECTION-RELATED,04 MEDIAN,01 NOT AT INTERSECTION,03 CURB,34,"September 9, 2019",14 URBAN PRIN ART OTHER,33,PAVED,4,CURB&GUTTER,2,,0,20,50000,RCI,3.1,,45,1 NO INJURY,31 Q/C COMPLETED - LOC VERIFIED,0 NO,01 NOT AT INTERSECTION/RRX/BRIDGE,04 DARK-LIGHTED,01 CLEAR,01 DRY,01 LEVEL,1 STRAIGHT,"TWO-WAY, DIVIDED, POSITIVE MED",,NO CONTROLS,NOT CODED,6,NONE,NOT CODED,NOT CODED,NONE,NOT CODED,NOT CODED,32 TREE (STANDING),77 OTHER (SEE NARRATIVE),05 TURNING RIGHT,OPERATED MV IN CARLESS OR NEGL,NOT CODED,00 NOT CODED,00 NOT CODED,00 NOT CODED,00 NOT CODED,01 NO,0,0,0,0,1,0,1,2,N,N,N,N,N,N,N,N,N,N,Y,N,N,N,N,N,N,N,N,N,Y,N,N,N,N,N,28.607643343,-81.207496803,479713.953874,3164534.714838,R,,ARBM15Q1R2,"June 10, 2023",2408967,-9039977.533375556,3325802.655958243