Crash Id,Calendar Year,FDOT Crash Number,Reporting Agency Case Number,Reporting Agency Type,FDOT Managing District,County Name,Crash Date,Crash Time,Day,DHSMV City,Crash Report City Code,In Town,On Roadway Name,Int Roadway Name,Reference Distance (Miles),Reference Direction,Officer Latitude,Officer Longitude,FDOT Latitude,FDOT Longitude,FDOT Roadway,Nearest Inventory MP,Nearest Node From Crash,State Road #,US Highway,Crash Side of Road,Accident Lane Number,Travel Direction Vehicle 1,FDOT Road Category,DHSMV Road System Id,Relation to Junction,Crash Harmful Event Location,Intersection Type,Shoulder Type,FDOT Roadway SKID Test Result,FDOT Roadway SKID Test Date,Functional Class,RCI Surface Width,RCI Shoulder Type First,RCI Shoulder Width First,RCI Shoulder Type Second,RCI Shoulder Width Second,RCI Shoulder Type Third,RCI Shoulder Width Third,RCI Median Width,Avg Daily Traffic,AADT Source,RCI Avg Per Truck Traffic,RCI Horiz Curve Condition,Posted Speed Limit,Highest Injury in Crash,CAR Status Code,Alcohols/Drug Involved,Site Location,Lighting,Weather,Road Surface,Roadway Grade,Roadway Alignment,Traffic Way Vehicle 1,Traffic Way Vehicle 2,Traffic Control Vehicle 1,Traffic Control Vehicle 2,Count of Lanes,Road Condition 1,Road Condition 2,Road Condition 3,Environment Condition 1,Environment Condition 2,Environment Condition 3,Crash Harmful Event,Manner of Collision,Vehicle Movement,Driver Action Vehicle 1,Driver Action Vehicle 2,Location Within Workzone,Type of Workzone,Workers Present in Workzone,Law Enforcement Present in Workzone,School Bus Related,Count of Nonfatal Injuries,Count of Traffic Fatalities,Count of Serious Injuries,Count of Pedestrians,Count of Drivers,Count of Bicyclists,Count of Vehicles,Count of Persons,Wrong Way,Workzone Inv,Commercial Vehicle Inv,Intersection Inv,Lane Departure,Speeding,Agressive Driving,Impaired Driver,Impaired Pedestrian,Impaired Bicyclist,Distracted Driver,Speeding or Aggressive Driving,Pedestrian Related,Bicyclist Related,Pedestrian or Bicyclist Related,Motorcycle Inv,No Belt,No Belt - Ages 1-4,No Belt - Ages 5-12,No Belt - Ages 13-17,Driver - Ages Teen,Driver - Ages 65 plus,Driver - Ages 65-69,Driver - Ages 70-74,Driver - Ages 75-79,Driver - Ages 80 plus,ARBM Latitude,ARBM Longitude,UTM Zone 17N X,UTM Zone 17N Y,ARBM Side of Road,Urban Rural Indicator,GIS Street Source,Extract Date,OBJECTID,x,y
2020883864890,2020,883864890,FHPD20OFF062311,FLORIDA HIGHWAY PATROL,05 FIFTH,ORANGE,"September 10, 2020",1956,FRIDAY,7546 ORLANDO,0746,N,SR 438,GOLF CLUB PKWY,0.002,E,28.57788,-81.4562099,28.5779619,-81.4562146,75250000,6.018,06010,SR 438,,R RIGHT,1 THRU LANE 1,E EAST,30 URBAN 6+LN 2WY DIVD RASD,04 COUNTY,02 INTERSECTION,01 ON ROADWAY,03 T-INTERSECTION,01 PAVED,38,"September 8, 2019",16 URBAN MINOR ART,36,CURB&GUTTER,2,,0,,0,20,32500,RCI,4.3,,40,3 NO-INCAPACITATING INJURY,31 Q/C COMPLETED - LOC VERIFIED,0 NO,01 NOT AT INTERSECTION/RRX/BRIDGE,04 DARK-LIGHTED,02 CLOUDY,02 WET,01 LEVEL,1 STRAIGHT,"TWO-WAY, DIVIDED, POSITIVE MED","TWO-WAY, DIVIDED, POSITIVE MED",STOP SIGN,STOP SIGN,6,NONE,NOT CODED,NOT CODED,NONE,NOT CODED,NOT CODED,14 MOTOR VEHICLE IN TRANSPORT,77 OTHER (SEE NARRATIVE),10 MAKING U-TURN,NOT CODED,NO CONTRIBUTING ACTION,00 NOT CODED,00 NOT CODED,00 NOT CODED,00 NOT CODED,01 NO,2,0,0,0,2,0,3,4,N,N,N,N,N,N,N,N,N,N,N,N,N,N,N,N,N,N,N,N,N,N,N,N,N,N,28.577874261,-81.456165719,455389.921598,3161304.115385,R,,ARBM15Q1R2,"June 10, 2023",2409476,-9067659.238495283,3322028.4911806723
2020883864920,2020,883864920,FHPD20OFF062517,FLORIDA HIGHWAY PATROL,05 FIFTH,ORANGE,"September 11, 2020",1454,SATURDAY,7546 ORLANDO,0746,N,SR 438,CR 435,0.004,W,28.57747,-81.49102,28.5775514,-81.4911346,75250000,3.899,01234,SR 438,,R RIGHT,3 THRU LANE 3,E EAST,30 URBAN 6+LN 2WY DIVD RASD,03 STATE,03 INTERSECTION-RELATED,01 ON ROADWAY,01 NOT AT INTERSECTION,01 PAVED,36,"September 8, 2019",16 URBAN MINOR ART,36,PAVED,4,CURB&GUTTER,2,,0,22,32000,RCI,4.5,,45,2 POSSIBLE INJURY,31 Q/C COMPLETED - LOC VERIFIED,0 NO,03 INFLUENCED BY INTERSECTION,01 DAYLIGHT,02 CLOUDY,02 WET,01 LEVEL,1 STRAIGHT,"TWO-WAY, DIVIDED, POSITIVE MED","TWO-WAY, DIVIDED, POSITIVE MED",TRAFFIC CONTROL SIGNAL,TRAFFIC CONTROL SIGNAL,6,NONE,NOT CODED,NOT CODED,NONE,NOT CODED,NOT CODED,14 MOTOR VEHICLE IN TRANSPORT,01 FRONT TO REAR,01 STRAIGHT AHEAD,OPERATED MV IN CARLESS OR NEGL,NO CONTRIBUTING ACTION,00 NOT CODED,00 NOT CODED,00 NOT CODED,00 NOT CODED,01 NO,1,0,0,0,2,0,2,2,N,N,N,Y,N,N,N,N,N,N,N,N,N,N,N,N,N,N,N,N,N,N,N,N,N,N,28.577463442,-81.49103499,451979.700244,3161272.085655,R,,ARBM15Q1R2,"June 10, 2023",2409477,-9071540.86911654,3321976.414321516
2020883864930,2020,883864930,FHPD20OFF062546,FLORIDA HIGHWAY PATROL,05 FIFTH,ORANGE,"September 11, 2020",1619,SATURDAY,7546 ORLANDO,0746,N,CR 435,SR 50,0.04,N,28.5522639,-81.475889,28.552072,-81.4758259,75050000,11.101,02138,SR 50,,T SIDE RD LEFT,1 THRU LANE 1,S SOUTH,30 URBAN 6+LN 2WY DIVD RASD,04 COUNTY,04 DRIVEWAY/ALLEY ACCESS RELATED,01 ON ROADWAY,01 NOT AT INTERSECTION,01 PAVED,44,"April 1, 2018",14 URBAN PRIN ART OTHER,36,PAVED,4,CURB&GUTTER,2,,0,28,46000,RCI,4.6,,45,1 NO INJURY,31 Q/C COMPLETED - LOC VERIFIED,0 NO,04 DRIVEWAY ACCESS,01 DAYLIGHT,02 CLOUDY,02 WET,01 LEVEL,1 STRAIGHT,"TWO-WAY, NOT DIV, W/CONT LTURN","TWO-WAY, NOT DIV, W/CONT LTURN",NO CONTROLS,NO CONTROLS,6,NONE,NOT CODED,NOT CODED,NONE,NOT CODED,NOT CODED,14 MOTOR VEHICLE IN TRANSPORT,03 ANGLE,03 TURNING LEFT,FAILED TO YIELD RIGHT-OF-WAY,NO CONTRIBUTING ACTION,00 NOT CODED,00 NOT CODED,00 NOT CODED,00 NOT CODED,01 NO,0,0,0,0,2,0,2,3,N,N,N,N,N,N,N,N,N,N,N,N,N,N,N,N,N,N,N,N,N,N,N,N,N,N,28.552174657,-81.475862176,453452.403797,3158464.443619,L,,ARBM15Q1R2,"June 10, 2023",2409493,-9069851.838580977,3318771.119849472
2020883712640,2020,883712640,FHPD20OFF049807,FLORIDA HIGHWAY PATROL,05 FIFTH,ORANGE,"July 23, 2020",1615,FRIDAY,"7500 UNINCORPORATED, ORANGE",0700,N,US 441,25TH ST,0,,28.51639,-81.3970199,28.5163854,-81.3970264,75010000,11.654,01950,SR 500,US 17,L LEFT,2 THRU LANE 2,W WEST,20 URBAN 4-5LN 2WY DIVD RASD,02 U.S.,02 INTERSECTION,01 ON ROADWAY,02 FOUR-WAY INTERSECTION,03 CURB,35,"March 1, 2020",14 URBAN PRIN ART OTHER,24,CURB&GUTTER,2,,0,,0,16,29500,RCI,6.9,,35,3 NO-INCAPACITATING INJURY,31 Q/C COMPLETED - LOC VERIFIED,0 NO,02 AT INTERSECTION,01 DAYLIGHT,01 CLEAR,01 DRY,01 LEVEL,1 STRAIGHT,"TWO-WAY, DIVIDED, POSITIVE MED","TWO-WAY, DIVIDED, POSITIVE MED",STOP SIGN,NO CONTROLS,4,NONE,NOT CODED,NOT CODED,NONE,NOT CODED,NOT CODED,14 MOTOR VEHICLE IN TRANSPORT,03 ANGLE,01 STRAIGHT AHEAD,RAN STOP SIGN,NO CONTRIBUTING ACTION,00 NOT CODED,00 NOT CODED,00 NOT CODED,00 NOT CODED,01 NO,3,0,0,0,2,0,2,3,N,N,N,Y,N,N,N,N,N,N,Y,N,N,N,N,N,N,N,N,N,N,N,N,N,N,N,28.516390477,-81.397016887,461151.796231,3154472.004581,C,,ARBM15Q1R2,"June 10, 2023",2409505,-9061074.81849628,3314236.87399085
2020883712680,2020,883712680,FHPD20OFF050026,FLORIDA HIGHWAY PATROL,05 FIFTH,ORANGE,"July 24, 2020",1515,SATURDAY,"7500 UNINCORPORATED, ORANGE",0700,N,SR 536,SR 535,0.009,E,28.3574352,-81.4959441,28.3573883,-81.4970798,75035001,0.895,02588,SR 535,,S SIDE RD RIGHT,L LEFT TURN,W WEST,33 SUBURBAN 6+LN 2WY DIVD RASD,03 STATE,01 NON-JUNCTION,01 ON ROADWAY,01 NOT AT INTERSECTION,02 UNPAVED,35,"September 10, 2019",16 URBAN MINOR ART,36,PAVED,5,LAWN,12,,0,42,53000,RCI,7.8,,50,1 NO INJURY,31 Q/C COMPLETED - LOC VERIFIED,0 NO,03 INFLUENCED BY INTERSECTION,01 DAYLIGHT,01 CLEAR,01 DRY,01 LEVEL,1 STRAIGHT,"TWO-WAY, NOT DIVIDED","TWO-WAY, DIVIDED, POSITIVE MED",NO CONTROLS,NO CONTROLS,6,NONE,NOT CODED,NOT CODED,NONE,NOT CODED,NOT CODED,14 MOTOR VEHICLE IN TRANSPORT,01 FRONT TO REAR,01 STRAIGHT AHEAD,OPERATED MV IN CARLESS OR NEGL,NO CONTRIBUTING ACTION,00 NOT CODED,00 NOT CODED,00 NOT CODED,00 NOT CODED,01 NO,0,0,0,0,2,0,2,2,N,N,N,Y,N,N,N,N,N,N,Y,N,N,N,N,N,N,N,N,N,N,N,N,N,N,N,28.357448113,-81.497009931,451294.59368,3136900.09951,R,,ARBM15Q1R2,"June 10, 2023",2409506,-9072205.995881787,3294115.6932963543
2020883738650,2020,883738650,FHPD20OFF052085,FLORIDA HIGHWAY PATROL,05 FIFTH,ORANGE,"August 2, 2020",0520,MONDAY,7546 ORLANDO,0746,N,ORANGE AVE,SR 482,0,,28.4486199,-81.3641099,28.450976,-81.3636181,75002000,6.874,05607,SR 482,,T SIDE RD LEFT,1 THRU LANE 1,U UNNWN,23 SUBURBAN 4-5LN 2WY DIVD RASD,03 STATE,01 NON-JUNCTION,88 UNKNOWN,01 NOT AT INTERSECTION,03 CURB,36,"March 3, 2020",16 URBAN MINOR ART,20,PAVED,6,VALLEY GUTR,3,,0,22,42000,RCI,11.4,,45,0 UNKNOWN/NOT CODED,31 Q/C COMPLETED - LOC VERIFIED,0 NO,02 AT INTERSECTION,03 DAWN,01 CLEAR,01 DRY,01 LEVEL,1 STRAIGHT,UNKNOWN,,NO CONTROLS,NOT CODED,4,NONE,NOT CODED,NOT CODED,NONE,NOT CODED,NOT CODED,14 MOTOR VEHICLE IN TRANSPORT,88 UNKNOWN,88 UNKNOWN,NOT CODED,NOT CODED,00 NOT CODED,00 NOT CODED,00 NOT CODED,00 NOT CODED,01 NO,0,0,0,0,0,0,1,0,N,N,N,Y,N,N,N,N,N,N,N,N,N,N,N,N,N,N,N,N,N,N,N,N,N,N,28.451054677,-81.363617025,464398.098916,3147223.473981,L,,ARBM15Q1R2,"June 10, 2023",2409507,-9057356.76156576,3305962.081522684
2020883738720,2020,883738720,FHPD20OFF053963,FLORIDA HIGHWAY PATROL,05 FIFTH,ORANGE,"August 9, 2020",1115,MONDAY,7546 ORLANDO,0746,N,PINE HILLS RD,SR 438,0.015,S,28.5780299,-81.45149,28.5779603,-81.4515298,75250000,6.304,01860,SR 438,,S SIDE RD RIGHT,1 THRU LANE 1,N NORTH,30 URBAN 6+LN 2WY DIVD RASD,05 LOCAL,01 NON-JUNCTION,01 ON ROADWAY,02 FOUR-WAY INTERSECTION,03 CURB,38,"September 8, 2019",16 URBAN MINOR ART,36,CURB&GUTTER,2,,0,,0,20,32500,RCI,4.3,,40,1 NO INJURY,31 Q/C COMPLETED - LOC VERIFIED,0 NO,03 INFLUENCED BY INTERSECTION,01 DAYLIGHT,01 CLEAR,01 DRY,01 LEVEL,1 STRAIGHT,"TWO-WAY, DIVIDED, POSITIVE MED","TWO-WAY, DIVIDED, POSITIVE MED",TRAFFIC CONTROL SIGNAL,TRAFFIC CONTROL SIGNAL,6,NONE,NOT CODED,NOT CODED,NONE,NOT CODED,NOT CODED,14 MOTOR VEHICLE IN TRANSPORT,"04 SIDESWIPE, SAME DIRECTION",00 NOT CODED,NOT CODED,NO CONTRIBUTING ACTION,00 NOT CODED,00 NOT CODED,00 NOT CODED,00 NOT CODED,01 NO,0,0,0,0,1,0,2,1,N,N,N,Y,N,N,N,N,N,N,N,N,N,N,N,N,N,N,N,N,N,N,N,N,N,N,28.577864829,-81.451457109,455850.394744,3161301.325727,R,,ARBM15Q1R2,"June 10, 2023",2409525,-9067135.078297922,3322027.2954806346
2020883632010,2020,883632010,FHPD20OFF047187,FLORIDA HIGHWAY PATROL,05 FIFTH,ORANGE,"July 12, 2020",1615,MONDAY,"7500 UNINCORPORATED, ORANGE",0700,N,US 441,HOLDEN AVE,0.038,S,28.4940526,-81.3967498,28.4939152,-81.3968239,75010000,10.107,01937,SR 500,US 17,R RIGHT,3 THRU LANE 3,N NORTH,30 URBAN 6+LN 2WY DIVD RASD,02 U.S.,01 NON-JUNCTION,01 ON ROADWAY,01 NOT AT INTERSECTION,03 CURB,38,"March 1, 2020",14 URBAN PRIN ART OTHER,32,CURB&GUTTER,2,,0,,0,15,58500,RCI,6.2,,40,2 POSSIBLE INJURY,31 Q/C COMPLETED - LOC VERIFIED,0 NO,03 INFLUENCED BY INTERSECTION,01 DAYLIGHT,01 CLEAR,01 DRY,01 LEVEL,1 STRAIGHT,"TWO-WAY, DIVIDED, POSITIVE MED","TWO-WAY, DIVIDED, POSITIVE MED",NO CONTROLS,NO CONTROLS,6,NONE,NOT CODED,NOT CODED,NONE,NOT CODED,NOT CODED,14 MOTOR VEHICLE IN TRANSPORT,01 FRONT TO REAR,01 STRAIGHT AHEAD,OPERATED MV IN CARLESS OR NEGL,NO CONTRIBUTING ACTION,00 NOT CODED,00 NOT CODED,00 NOT CODED,00 NOT CODED,01 NO,3,0,0,0,4,0,4,4,N,N,N,Y,N,N,N,N,N,N,Y,N,N,N,N,N,N,N,N,N,N,N,N,N,N,N,28.49392537,-81.396752239,461169.467508,3151983.127142,R,,ARBM15Q1R2,"June 10, 2023",2409529,-9061045.357883807,3311391.085748532
2020883632020,2020,883632020,FHPD20OFF047355,FLORIDA HIGHWAY PATROL,05 FIFTH,ORANGE,"July 13, 2020",1140,TUESDAY,"7500 UNINCORPORATED, ORANGE",0700,N,WETHERBEE RD,US 441,0.009,E,28.3872308,-81.4044001,28.3871699,-81.4045454,75010000,2.704,00492,SR 500,US 17,S SIDE RD RIGHT,R RIGHT TURN,W WEST,30 URBAN 6+LN 2WY DIVD RASD,04 COUNTY,01 NON-JUNCTION,01 ON ROADWAY,01 NOT AT INTERSECTION,03 CURB,37,"March 1, 2020",14 URBAN PRIN ART OTHER,35,PAVED,4,CURB&GUTTER,2,,0,30,57000,RCI,6.9,,50,1 NO INJURY,31 Q/C COMPLETED - LOC VERIFIED,0 NO,03 INFLUENCED BY INTERSECTION,01 DAYLIGHT,01 CLEAR,01 DRY,01 LEVEL,1 STRAIGHT,"TWO-WAY, DIVIDED, POSITIVE MED","TWO-WAY, DIVIDED, POSITIVE MED",NO CONTROLS,TRAFFIC CONTROL SIGNAL,6,NONE,NOT CODED,NOT CODED,NONE,NOT CODED,NOT CODED,14 MOTOR VEHICLE IN TRANSPORT,01 FRONT TO REAR,01 STRAIGHT AHEAD,OPERATED MV IN CARLESS OR NEGL,NO CONTRIBUTING ACTION,00 NOT CODED,00 NOT CODED,00 NOT CODED,00 NOT CODED,01 NO,0,0,0,0,2,0,2,2,N,N,Y,Y,N,N,N,N,N,N,Y,N,N,N,N,N,N,N,N,N,N,N,N,N,N,N,28.387194406,-81.40443689,460377.606653,3140161.576163,R,,ARBM15Q1R2,"June 10, 2023",2409530,-9061900.809090959,3297879.1044006324
2020883632040,2020,883632040,FHPD20OFF047426,FLORIDA HIGHWAY PATROL,05 FIFTH,ORANGE,"July 13, 2020",1515,TUESDAY,"7500 UNINCORPORATED, ORANGE",0700,N,SR 482,PRESIDENTS DR,0.057,E,28.4505556,-81.4160295,28.4504353,-81.4154304,75002000,3.72,06471,SR 482,,L LEFT,3 THRU LANE 3,W WEST,33 SUBURBAN 6+LN 2WY DIVD RASD,03 STATE,01 NON-JUNCTION,01 ON ROADWAY,01 NOT AT INTERSECTION,03 CURB,36,"March 3, 2020",16 URBAN MINOR ART,36,PAVED,4,LAWN,12,,0,40,46500,RCI,11.4,,45,1 NO INJURY,31 Q/C COMPLETED - LOC VERIFIED,0 NO,01 NOT AT INTERSECTION/RRX/BRIDGE,01 DAYLIGHT,01 CLEAR,01 DRY,01 LEVEL,1 STRAIGHT,"TWO-WAY, DIVIDED, POSITIVE MED","TWO-WAY, NOT DIVIDED",NO CONTROLS,NO CONTROLS,6,NONE,NOT CODED,NOT CODED,NONE,NOT CODED,NOT CODED,14 MOTOR VEHICLE IN TRANSPORT,01 FRONT TO REAR,01 STRAIGHT AHEAD,OPERATED MV IN CARLESS OR NEGL,NO CONTRIBUTING ACTION,00 NOT CODED,00 NOT CODED,00 NOT CODED,00 NOT CODED,01 NO,0,0,0,0,3,0,3,3,N,N,N,N,N,N,N,N,N,N,Y,N,N,N,N,N,N,N,N,N,N,N,N,N,N,N,28.450556716,-81.415541118,459313.95188,3147184.776505,L,,ARBM15Q1R2,"June 10, 2023",2409531,-9063136.92671403,3305899.033999955
2020883904990,2020,883904990,FHPD20OFF062048,FLORIDA HIGHWAY PATROL,05 FIFTH,ORANGE,"September 9, 2020",2133,THURSDAY,"7500 UNINCORPORATED, ORANGE",0700,N,SR 520,SR 528,0,,28.453404,-80.9800126,28.4520356,-80.9786914,75140000,8.92,05315,SR 520,,L LEFT,2 THRU LANE 2,E EAST,26 RURAL 4-5LN 2WY DIVD RASD,03 STATE,02 INTERSECTION,01 ON ROADWAY,03 T-INTERSECTION,02 UNPAVED,42,"March 2, 2020",04 RURAL PRIN ART OTHER,24,PAVED,4,LAWN,12,,0,40,19800,RCI,6.9,0D5926,55,1 NO INJURY,31 Q/C COMPLETED - LOC VERIFIED,0 NO,02 AT INTERSECTION,05 DARK-NOT LIGHTED,01 CLEAR,01 DRY,01 LEVEL,1 STRAIGHT,"TWO-WAY, DIVIDED, POSITIVE MED","TWO-WAY, DIVIDED, POSITIVE MED",STOP SIGN,NO CONTROLS,4,NONE,NOT CODED,NOT CODED,NONE,NOT CODED,NOT CODED,14 MOTOR VEHICLE IN TRANSPORT,03 ANGLE,03 TURNING LEFT,FAILED TO YIELD RIGHT-OF-WAY,NO CONTRIBUTING ACTION,00 NOT CODED,00 NOT CODED,00 NOT CODED,00 NOT CODED,01 NO,0,0,0,0,2,0,2,2,N,N,N,Y,N,N,N,N,N,N,Y,N,N,N,N,N,N,N,N,N,N,N,N,N,N,N,28.452812471,-80.979247242,502031.870482,3147364.561515,L,,ARBM15Q1R2,"June 10, 2023",2409606,-9014568.900513519,3306184.6406919723
2020883905000,2020,883905000,FHPD20OFF062065,FLORIDA HIGHWAY PATROL,08 TURNPIKE,ORANGE,"September 10, 2020",0048,FRIDAY,7546 ORLANDO,0746,N,SR 417,MILE MARKER #6,0.095,S,28.35564,-81.4742899,28.3566107,-81.4822023,75472000,1.877,03725,SR 417,,R RIGHT,2 THRU LANE 2,E EAST,03 TOLL ROAD URBAN,06 TURNPIKE/TOLL,01 NON-JUNCTION,01 ON ROADWAY,01 NOT AT INTERSECTION,01 PAVED,38,"March 1, 2020",12 URBAN PRIN ART EXPR.,24,PAVED WARN,12,VALLEY GUTR,3.5,,0,60,46900,RCI,10.3,1D30,65,2 POSSIBLE INJURY,31 Q/C COMPLETED - LOC VERIFIED,0 NO,01 NOT AT INTERSECTION/RRX/BRIDGE,04 DARK-LIGHTED,01 CLEAR,01 DRY,01 LEVEL,1 STRAIGHT,"TWO-WAY, DIVIDED, POSITIVE MED","TWO-WAY, DIVIDED, POSITIVE MED",NO CONTROLS,NO CONTROLS,4,NONE,NOT CODED,NOT CODED,NONE,NOT CODED,NOT CODED,14 MOTOR VEHICLE IN TRANSPORT,01 FRONT TO REAR,01 STRAIGHT AHEAD,OPERATED MV IN CARLESS OR NEGL,NO CONTRIBUTING ACTION,00 NOT CODED,00 NOT CODED,00 NOT CODED,00 NOT CODED,01 NO,1,0,0,0,2,0,2,2,N,N,N,N,N,N,N,N,N,N,Y,N,N,N,N,N,N,N,N,N,Y,N,N,N,N,N,28.356688467,-81.481625202,452801.932636,3136809.827853,R,,ARBM15Q1R2,"June 10, 2023",2409607,-9070493.375160307,3294019.599186411
2020883905010,2020,883905010,FHPD20OFF062645,FLORIDA HIGHWAY PATROL,05 FIFTH,ORANGE,"September 11, 2020",2103,SATURDAY,7546 ORLANDO,0746,N,SR 417,MILE MARKER #34 R,0.3,S,28.5694699,-81.26567,0,0,75300000,7.479,02648,SR 417,,R RIGHT,1 THRU LANE 1,N NORTH,03 TOLL ROAD URBAN,03 STATE,01 NON-JUNCTION,01 ON ROADWAY,01 NOT AT INTERSECTION,03 CURB,37,"November 12, 2019",12 URBAN PRIN ART EXPR.,36,PAVED WARN,10,LAWN,12,,0,52,88500,RCI,5,2D45,70,1 NO INJURY,31 Q/C COMPLETED - LOC VERIFIED,0 NO,01 NOT AT INTERSECTION/RRX/BRIDGE,04 DARK-LIGHTED,01 CLEAR,01 DRY,01 LEVEL,1 STRAIGHT,"TWO-WAY, DIVIDED, POSITIVE MED","TWO-WAY, DIVIDED, POSITIVE MED",NO CONTROLS,NO CONTROLS,6,NONE,NOT CODED,NOT CODED,NONE,NOT CODED,NOT CODED,14 MOTOR VEHICLE IN TRANSPORT,77 OTHER (SEE NARRATIVE),01 STRAIGHT AHEAD,OPERATED MV IN CARLESS OR NEGL,NO CONTRIBUTING ACTION,00 NOT CODED,00 NOT CODED,00 NOT CODED,00 NOT CODED,01 NO,0,0,0,0,2,0,2,2,N,N,N,N,Y,N,N,N,N,N,Y,N,N,N,N,N,N,N,N,N,N,N,N,N,N,N,28.559527707,-81.268171717,473770.077657,3159216.001688,R,,ARBM15Q1R2,"June 10, 2023",2409608,-9046731.83568634,3319703.0231133425
2020883905060,2020,883905060,FHPD20OFF063426,FLORIDA HIGHWAY PATROL,05 FIFTH,ORANGE,"September 14, 2020",2316,TUESDAY,7546 ORLANDO,0746,N,HOLDEN AVE,ORANGE BLOSSOM TRL,0,,28.49447,-81.39685,28.4944671,-81.3968283,75010000,10.145,01937,SR 500,US 17,I INTERSECTION,M MIDDLE,W WEST,30 URBAN 6+LN 2WY DIVD RASD,02 U.S.,02 INTERSECTION,01 ON ROADWAY,02 FOUR-WAY INTERSECTION,03 CURB,38,"March 1, 2020",14 URBAN PRIN ART OTHER,32,CURB&GUTTER,2,,0,,0,15,58500,RCI,6.2,,40,3 NO-INCAPACITATING INJURY,31 Q/C COMPLETED - LOC VERIFIED,0 NO,02 AT INTERSECTION,04 DARK-LIGHTED,01 CLEAR,01 DRY,01 LEVEL,1 STRAIGHT,"TWO-WAY, NOT DIVIDED","TWO-WAY, NOT DIVIDED",TRAFFIC CONTROL SIGNAL,TRAFFIC CONTROL SIGNAL,6,NONE,NOT CODED,NOT CODED,NONE,NOT CODED,NOT CODED,14 MOTOR VEHICLE IN TRANSPORT,03 ANGLE,03 TURNING LEFT,NOT CODED,NO CONTRIBUTING ACTION,00 NOT CODED,00 NOT CODED,00 NOT CODED,00 NOT CODED,01 NO,1,0,0,0,1,0,2,1,N,N,N,Y,N,N,N,N,N,N,N,N,N,N,N,N,N,N,N,N,N,N,N,N,N,N,28.49447774,-81.396757316,461169.172739,3152044.32285,R,,ARBM15Q1R2,"June 10, 2023",2409609,-9061045.923131425,3311461.050429866
2020883632050,2020,883632050,FHPD20OFF047388,FLORIDA HIGHWAY PATROL,05 FIFTH,ORANGE,"July 13, 2020",1320,TUESDAY,"7500 UNINCORPORATED, ORANGE",0700,N,MCCOY RD,SR 527,0.095,E,28.4509873,-81.360464,28.4509939,-81.3620567,75002000,6.969,02972,SR 482,,R RIGHT,1 THRU LANE 1,E EAST,20 URBAN 4-5LN 2WY DIVD RASD,04 COUNTY,01 NON-JUNCTION,01 ON ROADWAY,01 NOT AT INTERSECTION,03 CURB,37,"March 3, 2020",16 URBAN MINOR ART,20,PAVED,4,CURB&GUTTER,2,,0,22,49000,RCI,11.4,,45,1 NO INJURY,31 Q/C COMPLETED - LOC VERIFIED,0 NO,01 NOT AT INTERSECTION/RRX/BRIDGE,01 DAYLIGHT,01 CLEAR,01 DRY,01 LEVEL,1 STRAIGHT,"TWO-WAY, NOT DIV, W/CONT LTURN","TWO-WAY, NOT DIV, W/CONT LTURN",NO CONTROLS,NO CONTROLS,4,NONE,NOT CODED,NOT CODED,NONE,NOT CODED,NOT CODED,14 MOTOR VEHICLE IN TRANSPORT,"04 SIDESWIPE, SAME DIRECTION",88 UNKNOWN,OTHER CONTRIBUTING ACTION,OTHER CONTRIBUTING ACTION,00 NOT CODED,00 NOT CODED,00 NOT CODED,00 NOT CODED,01 NO,0,0,0,0,2,0,2,2,N,N,N,N,Y,N,N,N,N,N,N,N,N,N,N,N,N,N,N,N,N,N,N,N,N,N,28.450988908,-81.362055745,464550.943712,3147215.726665,R,,ARBM15Q1R2,"June 10, 2023",2409623,-9057182.960609837,3305953.754478422
2020883632070,2020,883632070,FHPD20OFF047481,FLORIDA HIGHWAY PATROL,05 FIFTH,ORANGE,"July 13, 2020",1745,TUESDAY,"7500 UNINCORPORATED, ORANGE",0700,N,SILVER STAR RD,HIAWASSEE RD,0.095,E,28.5774947,-81.4765811,28.5776114,-81.4744603,75250000,4.909,03074,SR 438,,L LEFT,1 THRU LANE 1,W WEST,30 URBAN 6+LN 2WY DIVD RASD,03 STATE,01 NON-JUNCTION,01 ON ROADWAY,01 NOT AT INTERSECTION,03 CURB,38,"September 8, 2019",16 URBAN MINOR ART,36,CURB&GUTTER,2,,0,,0,20,40000,RCI,6.1,,40,1 NO INJURY,31 Q/C COMPLETED - LOC VERIFIED,0 NO,01 NOT AT INTERSECTION/RRX/BRIDGE,01 DAYLIGHT,01 CLEAR,01 DRY,03 UPHILL,1 STRAIGHT,"TWO-WAY, DIVIDED, POSITIVE MED","TWO-WAY, DIVIDED, POSITIVE MED",NO CONTROLS,NO CONTROLS,6,NONE,NOT CODED,NOT CODED,NONE,NOT CODED,NOT CODED,14 MOTOR VEHICLE IN TRANSPORT,01 FRONT TO REAR,01 STRAIGHT AHEAD,OPERATED MV IN CARLESS OR NEGL,NO CONTRIBUTING ACTION,00 NOT CODED,00 NOT CODED,00 NOT CODED,00 NOT CODED,01 NO,0,0,0,0,3,0,3,3,N,N,N,N,N,N,N,N,N,N,Y,N,N,N,N,N,N,N,N,N,N,N,N,N,N,N,28.577679886,-81.474433765,453603.316875,3161289.521429,L,,ARBM15Q1R2,"June 10, 2023",2409624,-9069692.828572378,3322003.851369196