Crash Id,Calendar Year,FDOT Crash Number,Reporting Agency Case Number,Reporting Agency Type,FDOT Managing District,County Name,Crash Date,Crash Time,Day,DHSMV City,Crash Report City Code,In Town,On Roadway Name,Int Roadway Name,Reference Distance (Miles),Reference Direction,Officer Latitude,Officer Longitude,FDOT Latitude,FDOT Longitude,FDOT Roadway,Nearest Inventory MP,Nearest Node From Crash,State Road #,US Highway,Crash Side of Road,Accident Lane Number,Travel Direction Vehicle 1,FDOT Road Category,DHSMV Road System Id,Relation to Junction,Crash Harmful Event Location,Intersection Type,Shoulder Type,FDOT Roadway SKID Test Result,FDOT Roadway SKID Test Date,Functional Class,RCI Surface Width,RCI Shoulder Type First,RCI Shoulder Width First,RCI Shoulder Type Second,RCI Shoulder Width Second,RCI Shoulder Type Third,RCI Shoulder Width Third,RCI Median Width,Avg Daily Traffic,AADT Source,RCI Avg Per Truck Traffic,RCI Horiz Curve Condition,Posted Speed Limit,Highest Injury in Crash,CAR Status Code,Alcohols/Drug Involved,Site Location,Lighting,Weather,Road Surface,Roadway Grade,Roadway Alignment,Traffic Way Vehicle 1,Traffic Way Vehicle 2,Traffic Control Vehicle 1,Traffic Control Vehicle 2,Count of Lanes,Road Condition 1,Road Condition 2,Road Condition 3,Environment Condition 1,Environment Condition 2,Environment Condition 3,Crash Harmful Event,Manner of Collision,Vehicle Movement,Driver Action Vehicle 1,Driver Action Vehicle 2,Location Within Workzone,Type of Workzone,Workers Present in Workzone,Law Enforcement Present in Workzone,School Bus Related,Count of Nonfatal Injuries,Count of Traffic Fatalities,Count of Serious Injuries,Count of Pedestrians,Count of Drivers,Count of Bicyclists,Count of Vehicles,Count of Persons,Wrong Way,Workzone Inv,Commercial Vehicle Inv,Intersection Inv,Lane Departure,Speeding,Agressive Driving,Impaired Driver,Impaired Pedestrian,Impaired Bicyclist,Distracted Driver,Speeding or Aggressive Driving,Pedestrian Related,Bicyclist Related,Pedestrian or Bicyclist Related,Motorcycle Inv,No Belt,No Belt - Ages 1-4,No Belt - Ages 5-12,No Belt - Ages 13-17,Driver - Ages Teen,Driver - Ages 65 plus,Driver - Ages 65-69,Driver - Ages 70-74,Driver - Ages 75-79,Driver - Ages 80 plus,ARBM Latitude,ARBM Longitude,UTM Zone 17N X,UTM Zone 17N Y,ARBM Side of Road,Urban Rural Indicator,GIS Street Source,Extract Date,OBJECTID,x,y
2020895028470,2020,895028470,2020TA007991,COUNTY SHERIFF'S OFFICE,05 FIFTH,ORANGE,"August 16, 2020",1545,MONDAY,7530 APOPKA,0730,Y,PIEDMONT WEKIVA RD,US 441,0.011,N,28.654857,-81.470113,28.6545141,-81.4702174,75020000,8.56,00618,SR 500,US 441,T SIDE RD LEFT,1 THRU LANE 1,W WEST,23 SUBURBAN 4-5LN 2WY DIVD RASD,05 LOCAL,02 INTERSECTION,01 ON ROADWAY,02 FOUR-WAY INTERSECTION,03 CURB,35,"January 22, 2020",14 URBAN PRIN ART OTHER,23,PAVED,4,LAWN,9,,0,45,28000,RCI,5.3,1D0000,45,2 POSSIBLE INJURY,31 Q/C COMPLETED - LOC VERIFIED,0 NO,03 INFLUENCED BY INTERSECTION,01 DAYLIGHT,02 CLOUDY,02 WET,01 LEVEL,1 STRAIGHT,"TWO-WAY, DIVIDED, UNPROTECTED","TWO-WAY, DIVIDED, POSITIVE MED",TRAFFIC CONTROL SIGNAL,TRAFFIC CONTROL SIGNAL,4,NONE,NOT CODED,NOT CODED,NONE,NOT CODED,NOT CODED,14 MOTOR VEHICLE IN TRANSPORT,03 ANGLE,05 TURNING RIGHT,DROVE TOO FAST FOR CONDITIONS,NO CONTRIBUTING ACTION,00 NOT CODED,00 NOT CODED,00 NOT CODED,00 NOT CODED,01 NO,2,0,0,0,4,0,4,5,N,N,N,Y,N,Y,N,N,N,N,Y,Y,N,N,N,N,N,N,N,N,N,N,N,N,N,N,28.654448104,-81.470294346,454041.566783,3169792.857891,L,,ARBM15Q1R2,"June 10, 2023",2568863,-9069232.030795028,3331738.7889430146
2020895027570,2020,895027570,2020TC046913,COUNTY SHERIFF'S OFFICE,05 FIFTH,ORANGE,"July 22, 2020",1450,THURSDAY,7530 APOPKA,0730,Y,US 441,OAKLAND AVE,0.005,S,28.67316,-81.503216,28.6730961,-81.5031151,75020000,11.018,00629,SR 500,US 441,L LEFT,2 THRU LANE 2,W WEST,21 URBAN 4-5LN 2WY DIVD PAVD,02 U.S.,01 NON-JUNCTION,01 ON ROADWAY,01 NOT AT INTERSECTION,03 CURB,39,"January 22, 2020",14 URBAN PRIN ART OTHER,23,CURB&GUTTER,2,,0,,0,11,47000,RCI,3.5,,35,2 POSSIBLE INJURY,31 Q/C COMPLETED - LOC VERIFIED,0 NO,01 NOT AT INTERSECTION/RRX/BRIDGE,01 DAYLIGHT,03 RAIN,02 WET,01 LEVEL,1 STRAIGHT,"TWO-WAY, NOT DIV, W/CONT LTURN","TWO-WAY, NOT DIV, W/CONT LTURN",NO CONTROLS,NO CONTROLS,4,"RD SURFC (WET, ICY, SNOW, ETC)",NOT CODED,NOT CODED,NONE,NOT CODED,NOT CODED,14 MOTOR VEHICLE IN TRANSPORT,01 FRONT TO REAR,01 STRAIGHT AHEAD,OPERATED MV IN CARLESS OR NEGL,NO CONTRIBUTING ACTION,00 NOT CODED,00 NOT CODED,00 NOT CODED,00 NOT CODED,01 NO,1,0,0,0,2,0,2,2,N,N,N,N,N,N,N,N,N,N,Y,N,N,N,N,N,N,N,N,N,N,Y,Y,N,N,N,28.673114628,-81.50316643,450837.886167,3171873.975307,C,,ARBM15Q1R2,"June 10, 2023",2568928,-9072891.335536316,3334106.957476975
2020895027580,2020,895027580,2020TA007161,COUNTY SHERIFF'S OFFICE,05 FIFTH,ORANGE,"July 22, 2020",2032,THURSDAY,7530 APOPKA,0730,Y,US 441,SR 451,0.019,S,28.682833,-81.52668,28.6827643,-81.5268786,75020000,12.678,00639,SR 500,US 441,R RIGHT,2 THRU LANE 2,W WEST,20 URBAN 4-5LN 2WY DIVD RASD,02 U.S.,18 THROUGH ROADWAY,01 ON ROADWAY,01 NOT AT INTERSECTION,03 CURB,37,"January 22, 2020",14 URBAN PRIN ART OTHER,23,PAVED,4,CURB&GUTTER,2,,0,40,32000,RCI,5.6,1D0000,45,1 NO INJURY,31 Q/C COMPLETED - LOC VERIFIED,0 NO,03 INFLUENCED BY INTERSECTION,04 DARK-LIGHTED,03 RAIN,02 WET,03 UPHILL,1 STRAIGHT,"TWO-WAY, DIVIDED, POSITIVE MED","TWO-WAY, DIVIDED, POSITIVE MED",TRAFFIC CONTROL SIGNAL,TRAFFIC CONTROL SIGNAL,4,NONE,NOT CODED,NOT CODED,NONE,NOT CODED,NOT CODED,14 MOTOR VEHICLE IN TRANSPORT,01 FRONT TO REAR,01 STRAIGHT AHEAD,OTHER CONTRIBUTING ACTION,NO CONTRIBUTING ACTION,00 NOT CODED,00 NOT CODED,00 NOT CODED,00 NOT CODED,01 NO,0,0,0,0,3,0,3,4,N,N,N,Y,N,N,N,N,N,N,N,N,N,N,N,N,N,N,N,N,Y,N,N,N,N,N,28.682847089,-81.526877507,448525.907794,3172962.214061,R,,ARBM15Q1R2,"June 10, 2023",2568929,-9075530.841432773,3335341.8543426753
2020895027620,2020,895027620,2020TA007189,COUNTY SHERIFF'S OFFICE,05 FIFTH,ORANGE,"July 23, 2020",1555,FRIDAY,7530 APOPKA,0730,Y,SR 436,PIEDMONT WEKIWA RD,0.126,W,28.672808,-81.470325,28.6729343,-81.4699568,75120000,1.58,03344,SR 436,,R RIGHT,4 THRU LANE 4,W WEST,30 URBAN 6+LN 2WY DIVD RASD,03 STATE,18 THROUGH ROADWAY,01 ON ROADWAY,01 NOT AT INTERSECTION,01 PAVED,36,"September 8, 2019",14 URBAN PRIN ART OTHER,48,PAVED,4,CURB&GUTTER,2,,0,33,40000,RCI,4.5,,45,1 NO INJURY,31 Q/C COMPLETED - LOC VERIFIED,0 NO,01 NOT AT INTERSECTION/RRX/BRIDGE,01 DAYLIGHT,01 CLEAR,01 DRY,01 LEVEL,1 STRAIGHT,"TWO-WAY, DIVIDED, POSITIVE MED","TWO-WAY, DIVIDED, POSITIVE MED",NO CONTROLS,NO CONTROLS,8,NONE,NOT CODED,NOT CODED,NONE,NOT CODED,NOT CODED,14 MOTOR VEHICLE IN TRANSPORT,03 ANGLE,10 MAKING U-TURN,NO CONTRIBUTING ACTION,NO CONTRIBUTING ACTION,00 NOT CODED,00 NOT CODED,00 NOT CODED,00 NOT CODED,01 NO,0,0,0,0,2,0,2,2,N,N,N,N,N,N,N,N,N,N,N,N,N,N,N,N,N,N,N,N,N,N,N,N,N,N,28.672808534,-81.469939908,454084.206721,3171826.835566,R,,ARBM15Q1R2,"June 10, 2023",2568930,-9069192.574999914,3334068.1209106892
2020895027630,2020,895027630,2020TA007130,COUNTY SHERIFF'S OFFICE,05 FIFTH,ORANGE,"July 22, 2020",0730,THURSDAY,7530 APOPKA,0730,Y,SR 429,SR 429 CONNECTOR RD,0.439,S,28.691457,-81.558592,28.6913205,-81.5586923,75340000,9.137,02226,SR 414,,R RIGHT,S SIDE OF ROAD,N NORTH,03 TOLL ROAD URBAN,03 STATE,18 THROUGH ROADWAY,03 SHOULDER,01 NOT AT INTERSECTION,01 PAVED,38,"March 2, 2020",12 URBAN PRIN ART EXPR.,24,PAVED,8,,0,,0,40,36500,RCI,3.8,,55,1 NO INJURY,31 Q/C COMPLETED - LOC VERIFIED,0 NO,01 NOT AT INTERSECTION/RRX/BRIDGE,01 DAYLIGHT,01 CLEAR,01 DRY,01 LEVEL,1 STRAIGHT,"TWO-WAY, DIVIDED, POSITIVE MED","TWO-WAY, DIVIDED, POSITIVE MED",NO CONTROLS,NO CONTROLS,5,NONE,NOT CODED,NOT CODED,NONE,NOT CODED,NOT CODED,15 PARKED MOTOR VEHICLE,00 NOT CODED,01 STRAIGHT AHEAD,OPERATED MV IN CARLESS OR NEGL,NOT CODED,00 NOT CODED,00 NOT CODED,00 NOT CODED,00 NOT CODED,01 NO,0,0,0,0,1,0,2,1,N,N,Y,N,Y,N,N,N,N,N,Y,N,N,N,N,N,N,N,N,N,N,N,N,N,N,N,28.665954164,-81.553981592,445869.206537,3171102.653838,R,,ARBM15Q1R2,"June 10, 2023",2568931,-9078548.055190248,3333198.4797127894
2020872442780,2020,872442780,FHPK20OFF039188,FLORIDA HIGHWAY PATROL,08 TURNPIKE,ORANGE,"September 1, 2020",0419,WEDNESDAY,7552 WINTER GARDEN,0752,N,FL TPK,SR 429,2,N,28.54609,-81.61806,28.545262,-81.5909204,75470000,20.797,08874,SR 91,,M MEDIAN,M MIDDLE,N NORTH,03 TOLL ROAD URBAN,06 TURNPIKE/TOLL,01 NON-JUNCTION,04 MEDIAN,01 NOT AT INTERSECTION,01 PAVED,41,"August 23, 2020",12 URBAN PRIN ART EXPR.,48,PAVED WARN,10,LAWN,12,,0,26,102500,RCI,17.8,,70,1 NO INJURY,31 Q/C COMPLETED - LOC VERIFIED,0 NO,01 NOT AT INTERSECTION/RRX/BRIDGE,04 DARK-LIGHTED,01 CLEAR,01 DRY,01 LEVEL,1 STRAIGHT,"TWO-WAY, DIVIDED, POSITIVE MED",,NO CONTROLS,NOT CODED,8,NONE,NOT CODED,NOT CODED,NONE,NOT CODED,NOT CODED,30 CONCRETE TRAFFIC BARRIER,77 OTHER (SEE NARRATIVE),01 STRAIGHT AHEAD,OPERATED MV IN CARLESS OR NEGL,NOT CODED,00 NOT CODED,00 NOT CODED,00 NOT CODED,00 NOT CODED,01 NO,0,0,0,0,1,0,1,1,N,N,N,N,Y,N,N,N,N,N,N,N,N,N,N,N,N,N,N,N,N,N,N,N,N,N,28.54526864,-81.590961079,442189.76086,3157749.445036,R,,ARBM15Q1R2,"June 10, 2023",2569352,-9082664.593485625,3317895.9317684295
2020872442790,2020,872442790,FHPK20OFF041088,FLORIDA HIGHWAY PATROL,08 TURNPIKE,ORANGE,"September 11, 2020",1215,SATURDAY,7542 OCOEE,0742,N,SR 91,SR 408,1,N,28.54185,-81.5357099,0,0,75470000,17.569,08845,SR 91,,R RIGHT,S SIDE OF ROAD,N NORTH,03 TOLL ROAD URBAN,06 TURNPIKE/TOLL,01 NON-JUNCTION,01 ON ROADWAY,01 NOT AT INTERSECTION,01 PAVED,39,"November 11, 2019",12 URBAN PRIN ART EXPR.,72,PAVED WARN,12,LAWN,0,,0,26,151100,RCI,17.8,1D1400,70,1 NO INJURY,31 Q/C COMPLETED - LOC VERIFIED,0 NO,01 NOT AT INTERSECTION/RRX/BRIDGE,01 DAYLIGHT,03 RAIN,02 WET,01 LEVEL,3 CURVE LEFT,"TWO-WAY, DIVIDED, POSITIVE MED",,NO CONTROLS,NOT CODED,12,NONE,NOT CODED,NOT CODED,NONE,NOT CODED,NOT CODED,25 DITCH,77 OTHER (SEE NARRATIVE),01 STRAIGHT AHEAD,OPERATED MV IN CARLESS OR NEGL,NOT CODED,00 NOT CODED,00 NOT CODED,00 NOT CODED,00 NOT CODED,01 NO,0,0,0,0,1,0,1,1,N,N,N,N,Y,N,N,N,N,N,N,N,N,N,N,N,N,N,N,N,N,N,N,N,N,N,28.544381899,-81.538618668,447309.755688,3157627.08592,R,,ARBM15Q1R2,"June 10, 2023",2569353,-9076837.861261405,3317783.5610426785
2020895028700,2020,895028700,2020TA008227,COUNTY SHERIFF'S OFFICE,05 FIFTH,ORANGE,"August 22, 2020",1710,SUNDAY,7530 APOPKA,0730,Y,US 441,CR 435,0,,28.673161,-81.509439,28.6731072,-81.5095227,75020000,11.407,02221,SR 500,US 441,L LEFT,1 THRU LANE 1,W WEST,21 URBAN 4-5LN 2WY DIVD PAVD,02 U.S.,02 INTERSECTION,01 ON ROADWAY,02 FOUR-WAY INTERSECTION,03 CURB,39,"January 22, 2020",14 URBAN PRIN ART OTHER,23,CURB&GUTTER,2,,0,,0,12,42500,RCI,3.5,,35,2 POSSIBLE INJURY,31 Q/C COMPLETED - LOC VERIFIED,0 NO,02 AT INTERSECTION,01 DAYLIGHT,01 CLEAR,01 DRY,01 LEVEL,1 STRAIGHT,"TWO-WAY, NOT DIVIDED","TWO-WAY, NOT DIVIDED",TRAFFIC CONTROL SIGNAL,TRAFFIC CONTROL SIGNAL,4,NONE,NOT CODED,NOT CODED,NONE,NOT CODED,NOT CODED,14 MOTOR VEHICLE IN TRANSPORT,03 ANGLE,03 TURNING LEFT,FAILED TO YIELD RIGHT-OF-WAY,NO CONTRIBUTING ACTION,00 NOT CODED,00 NOT CODED,00 NOT CODED,00 NOT CODED,01 NO,1,0,0,0,2,0,2,3,N,N,N,Y,N,N,N,N,N,N,N,N,N,N,N,N,N,N,N,N,N,N,N,N,N,N,28.673114628,-81.509575454,450211.680516,3171876.630793,C,,ARBM15Q1R2,"June 10, 2023",2569409,-9073604.785104226,3334106.957460573
2020895028710,2020,895028710,2020TA008236,COUNTY SHERIFF'S OFFICE,05 FIFTH,ORANGE,"August 22, 2020",2344,SUNDAY,7530 APOPKA,0730,Y,HIAWASSEE RD,US 441,0,,28.65386,-81.469936,28.6545141,-81.4702174,75020000,8.56,00618,SR 500,US 441,S SIDE RD RIGHT,2 THRU LANE 2,N NORTH,23 SUBURBAN 4-5LN 2WY DIVD RASD,02 U.S.,03 INTERSECTION-RELATED,01 ON ROADWAY,02 FOUR-WAY INTERSECTION,03 CURB,35,"January 22, 2020",14 URBAN PRIN ART OTHER,23,PAVED,4,LAWN,9,,0,45,28000,RCI,5.3,1D0000,45,1 NO INJURY,31 Q/C COMPLETED - LOC VERIFIED,0 NO,02 AT INTERSECTION,04 DARK-LIGHTED,01 CLEAR,01 DRY,01 LEVEL,1 STRAIGHT,"TWO-WAY, DIVIDED, POSITIVE MED","TWO-WAY, DIVIDED, POSITIVE MED",TRAFFIC CONTROL SIGNAL,TRAFFIC CONTROL SIGNAL,4,NONE,NOT CODED,NOT CODED,NONE,NOT CODED,NOT CODED,14 MOTOR VEHICLE IN TRANSPORT,01 FRONT TO REAR,14 SLOWING,OPERATED MV IN CARLESS OR NEGL,NO CONTRIBUTING ACTION,00 NOT CODED,00 NOT CODED,00 NOT CODED,00 NOT CODED,01 NO,0,0,0,0,2,0,2,3,N,N,N,Y,N,N,N,N,N,N,Y,N,N,N,N,N,N,N,N,N,N,N,N,N,N,N,28.654590877,-81.470135374,454057.164392,3169808.614178,R,,ARBM15Q1R2,"June 10, 2023",2569410,-9069214.334109832,3331756.900471871
2020895028520,2020,895028520,2020TA008071,COUNTY SHERIFF'S OFFICE,05 FIFTH,ORANGE,"August 18, 2020",1828,WEDNESDAY,7530 APOPKA,0730,Y,US 441,BRADSHAW RD,0.042,S,28.679115,-81.521069,28.6790869,-81.5211587,75020000,12.247,02227,SR 500,US 441,R RIGHT,2 THRU LANE 2,W WEST,21 URBAN 4-5LN 2WY DIVD PAVD,02 U.S.,18 THROUGH ROADWAY,01 ON ROADWAY,01 NOT AT INTERSECTION,03 CURB,32,"January 22, 2020",14 URBAN PRIN ART OTHER,23,CURB&GUTTER,2,,0,,0,11,32000,RCI,5.6,,45,1 NO INJURY,31 Q/C COMPLETED - LOC VERIFIED,0 NO,03 INFLUENCED BY INTERSECTION,01 DAYLIGHT,02 CLOUDY,01 DRY,01 LEVEL,1 STRAIGHT,"TWO-WAY, NOT DIV, W/CONT LTURN","TWO-WAY, NOT DIV, W/CONT LTURN",TRAFFIC CONTROL SIGNAL,TRAFFIC CONTROL SIGNAL,4,NONE,NOT CODED,NOT CODED,NONE,NOT CODED,NOT CODED,14 MOTOR VEHICLE IN TRANSPORT,01 FRONT TO REAR,01 STRAIGHT AHEAD,OTHER CONTRIBUTING ACTION,NO CONTRIBUTING ACTION,00 NOT CODED,00 NOT CODED,00 NOT CODED,00 NOT CODED,01 NO,0,0,0,0,3,0,3,8,N,N,N,Y,N,N,N,N,N,N,N,N,N,N,N,N,N,N,N,N,N,N,N,N,N,N,28.679134295,-81.521203837,449078.418013,3172548.445186,C,,ARBM15Q1R2,"June 10, 2023",2569415,-9074899.251213409,3334870.7454204056
2020895029880,2020,895029880,2020TA009334,COUNTY SHERIFF'S OFFICE,05 FIFTH,ORANGE,"September 21, 2020",1550,TUESDAY,7530 APOPKA,0730,Y,BRADSHAW RD,US 441,0.028,S,28.679032,-81.521656,28.6794631,-81.5217029,75020000,12.289,02227,SR 500,US 441,S SIDE RD RIGHT,L LEFT TURN,W WEST,21 URBAN 4-5LN 2WY DIVD PAVD,05 LOCAL,04 DRIVEWAY/ALLEY ACCESS RELATED,01 ON ROADWAY,01 NOT AT INTERSECTION,03 CURB,32,"January 22, 2020",14 URBAN PRIN ART OTHER,23,CURB&GUTTER,2,,0,,0,11,32000,RCI,5.6,,45,1 NO INJURY,31 Q/C COMPLETED - LOC VERIFIED,0 NO,04 DRIVEWAY ACCESS,01 DAYLIGHT,01 CLEAR,01 DRY,01 LEVEL,1 STRAIGHT,"TWO-WAY, NOT DIVIDED","TWO-WAY, NOT DIVIDED",NO CONTROLS,TRAFFIC CONTROL SIGNAL,4,NONE,NOT CODED,NOT CODED,NONE,NOT CODED,NOT CODED,14 MOTOR VEHICLE IN TRANSPORT,03 ANGLE,17 ENTERING TRAFFIC LANE,FAILED TO YIELD RIGHT-OF-WAY,NO CONTRIBUTING ACTION,00 NOT CODED,00 NOT CODED,00 NOT CODED,00 NOT CODED,01 NO,0,0,0,0,2,0,2,4,N,N,N,N,N,N,N,N,N,N,N,N,N,N,N,N,N,N,N,N,N,N,N,N,N,N,28.679518645,-81.52173817,449026.39911,3172591.254788,R,,ARBM15Q1R2,"June 10, 2023",2569416,-9074958.73280151,3334919.5139885773
2020895029900,2020,895029900,2020TA009451,COUNTY SHERIFF'S OFFICE,05 FIFTH,ORANGE,"September 24, 2020",1657,FRIDAY,7530 APOPKA,0730,Y,ORANGE BLOSSOM TRL,ERROL PKWY,0.13,S,28.687029,-81.538081,28.68572,-81.5344903,75020000,13.183,02230,SR 500,US 441,R RIGHT,1 THRU LANE 1,E EAST,23 SUBURBAN 4-5LN 2WY DIVD RASD,02 U.S.,18 THROUGH ROADWAY,01 ON ROADWAY,01 NOT AT INTERSECTION,02 UNPAVED,36,"January 22, 2020",14 URBAN PRIN ART OTHER,24,PAVED,4,LAWN,8,,0,40,35500,RCI,6.8,,45,1 NO INJURY,31 Q/C COMPLETED - LOC VERIFIED,0 NO,01 NOT AT INTERSECTION/RRX/BRIDGE,01 DAYLIGHT,01 CLEAR,01 DRY,01 LEVEL,1 STRAIGHT,"TWO-WAY, DIVIDED, UNPROTECTED","TWO-WAY, DIVIDED, UNPROTECTED",NO CONTROLS,NO CONTROLS,4,NONE,NOT CODED,NOT CODED,NONE,NOT CODED,NOT CODED,14 MOTOR VEHICLE IN TRANSPORT,03 ANGLE,10 MAKING U-TURN,FAILED TO YIELD RIGHT-OF-WAY,NO CONTRIBUTING ACTION,00 NOT CODED,00 NOT CODED,00 NOT CODED,00 NOT CODED,01 NO,0,0,0,0,2,0,2,3,N,N,N,N,N,N,N,N,N,N,N,N,N,N,N,N,N,N,N,N,Y,N,N,N,N,N,28.685804915,-81.534487301,447783.913259,3173293.213364,R,,ARBM15Q1R2,"June 10, 2023",2569417,-9076377.959952932,3335717.178854534
2020895029910,2020,895029910,2020TA009134,COUNTY SHERIFF'S OFFICE,05 FIFTH,ORANGE,"September 16, 2020",0225,THURSDAY,7530 APOPKA,0730,Y,US 441,2ND ST,0.052,N,28.675947,-81.516553,0,0,75020000,11.897,00637,SR 500,US 441,L LEFT,1 THRU LANE 1,E EAST,21 URBAN 4-5LN 2WY DIVD PAVD,02 U.S.,15 CROSSOVER-RELATED,01 ON ROADWAY,01 NOT AT INTERSECTION,03 CURB,34,"January 22, 2020",14 URBAN PRIN ART OTHER,23,CURB&GUTTER,2,,0,,0,11,32000,RCI,5.6,,45,4 INCAPACITATING INJURY,31 Q/C COMPLETED - LOC VERIFIED,0 NO,01 NOT AT INTERSECTION/RRX/BRIDGE,04 DARK-LIGHTED,01 CLEAR,02 WET,01 LEVEL,1 STRAIGHT,"TWO-WAY, NOT DIV, W/CONT LTURN","TWO-WAY, NOT DIV, W/CONT LTURN",NO CONTROLS,OTHER (SEE NARRATIVE),4,NONE,NOT CODED,NOT CODED,NONE,NOT CODED,NOT CODED,14 MOTOR VEHICLE IN TRANSPORT,02 FRONT TO FRONT,01 STRAIGHT AHEAD,NO CONTRIBUTING ACTION,"OPER MV AGRSIVE, ERATIC, RCKLS",00 NOT CODED,00 NOT CODED,00 NOT CODED,00 NOT CODED,01 NO,2,0,2,0,2,0,2,2,Y,N,N,N,Y,Y,Y,N,N,N,N,Y,N,N,N,N,N,N,N,N,N,N,N,N,N,N,28.67604078,-81.516627404,449524.058908,3172203.775569,C,,ARBM15Q1R2,"June 10, 2023",2569418,-9074389.804758083,3334478.228245528
2020895029920,2020,895029920,2020TA009254,COUNTY SHERIFF'S OFFICE,05 FIFTH,ORANGE,"September 19, 2020",1700,SUNDAY,7530 APOPKA,0730,Y,SR 414,SR 451 ENT,0.279,S,28.653203,-81.53347,28.6520234,-81.5216112,75340000,4.847,04560,SR 414,,L LEFT,2 THRU LANE 2,W WEST,03 TOLL ROAD URBAN,03 STATE,01 NON-JUNCTION,01 ON ROADWAY,01 NOT AT INTERSECTION,01 PAVED,39,"March 2, 2020",12 URBAN PRIN ART EXPR.,36,PAVED,20,VALLEY GUTR,2,,0,26,36500,RCI,3.8,0D2226,65,3 NO-INCAPACITATING INJURY,31 Q/C COMPLETED - LOC VERIFIED,0 NO,01 NOT AT INTERSECTION/RRX/BRIDGE,01 DAYLIGHT,03 RAIN,02 WET,04 DOWNHILL,1 STRAIGHT,"TWO-WAY, NOT DIVIDED","TWO-WAY, NOT DIVIDED",NO CONTROLS,NO CONTROLS,6,NONE,NOT CODED,NOT CODED,NONE,NOT CODED,NOT CODED,14 MOTOR VEHICLE IN TRANSPORT,01 FRONT TO REAR,15 NEGOTIATING A CURVE,RAN OFF ROADWAY,NO CONTRIBUTING ACTION,00 NOT CODED,00 NOT CODED,00 NOT CODED,00 NOT CODED,01 NO,2,0,0,0,2,0,2,2,N,N,Y,N,Y,N,N,N,N,N,N,N,N,N,N,N,N,N,N,N,N,N,N,N,N,N,28.644474996,-81.508738506,450279.944212,3168703.348794,L,,ARBM15Q1R2,"June 10, 2023",2569419,-9073511.616307843,3330473.7017473932
2020895029060,2020,895029060,2020TA008594,COUNTY SHERIFF'S OFFICE,05 FIFTH,ORANGE,"August 31, 2020",1612,TUESDAY,7530 APOPKA,0730,Y,SR 429,US 441,0.028,S,28.695934,-81.559431,28.6827122,-81.5283353,75320030,0.028,01183,SR 451,,L LEFT,X RAMP,S SOUTH,07 RAMP URBAN,03 STATE,14 ENTRANCE/EXIT RAMP,03 SHOULDER,01 NOT AT INTERSECTION,00 N/A,0,"December 31, 2000",,15,PAVED,10,CURB&GUTTER,2,,0,,2600,RCI,4.1,,,2 POSSIBLE INJURY,31 Q/C COMPLETED - LOC VERIFIED,0 NO,07 ENTRANCE RAMP,01 DAYLIGHT,02 CLOUDY,02 WET,03 UPHILL,2 CURVE RIGHT,"TWO-WAY, NOT DIVIDED",,NO CONTROLS,NOT CODED,1,"RD SURFC (WET, ICY, SNOW, ETC)",NONE,NOT CODED,NONE,NOT CODED,NOT CODED,27 GUARDRAIL FACE,00 NOT CODED,17 ENTERING TRAFFIC LANE,DROVE TOO FAST FOR CONDITIONS,NOT CODED,00 NOT CODED,00 NOT CODED,00 NOT CODED,00 NOT CODED,01 NO,1,0,0,0,1,0,1,1,N,N,N,N,N,Y,N,N,N,N,N,Y,N,N,N,N,N,N,N,N,N,N,N,N,N,N,28.682748263,-81.528337753,448383.196264,3172951.895773,O,,ARBM15Q1R2,"June 10, 2023",2569480,-9075693.39522213,3335329.3142472636
2020881262630,2020,881262630,FHPD20OFF056738,FLORIDA HIGHWAY PATROL,05 FIFTH,ORANGE,"August 20, 2020",1323,FRIDAY,7554 WINTER PARK,0754,N,I 4,MILE MARKER #88,0,,28.6055899,-81.3863599,28.6092937,-81.3864779,75280000,22.53,00408,SR 400,I 4,L LEFT,A ACCEL/MERGE,W WEST,01 INTERSTATE URBAN,01 INTERSTATE,01 NON-JUNCTION,01 ON ROADWAY,01 NOT AT INTERSECTION,01 PAVED,27,"September 16, 2014",11 URBAN PRIN ART INT.,36,PAVED WARN,10,LAWN,2,,0,16,172500,RCI,6.8,,55,1 NO INJURY,31 Q/C COMPLETED - LOC VERIFIED,0 NO,01 NOT AT INTERSECTION/RRX/BRIDGE,01 DAYLIGHT,01 CLEAR,01 DRY,01 LEVEL,1 STRAIGHT,"TWO-WAY, DIVIDED, POSITIVE MED","TWO-WAY, DIVIDED, POSITIVE MED",NO CONTROLS,NO CONTROLS,6,NONE,NOT CODED,NOT CODED,NONE,NOT CODED,NOT CODED,14 MOTOR VEHICLE IN TRANSPORT,01 FRONT TO REAR,01 STRAIGHT AHEAD,OPERATED MV IN CARLESS OR NEGL,NO CONTRIBUTING ACTION,00 NOT CODED,00 NOT CODED,00 NOT CODED,00 NOT CODED,01 NO,0,0,0,0,2,0,2,2,N,N,N,N,N,N,N,N,N,N,Y,N,N,N,N,N,N,N,N,N,N,N,N,N,N,N,28.609319099,-81.386648532,462199.568934,3164763.848417,L,,ARBM15Q1R2,"June 10, 2023",2569912,-9059920.61847246,3326015.141681109