Crash Id,Calendar Year,FDOT Crash Number,Reporting Agency Case Number,Reporting Agency Type,FDOT Managing District,County Name,Crash Date,Crash Time,Day,DHSMV City,Crash Report City Code,In Town,On Roadway Name,Int Roadway Name,Reference Distance (Miles),Reference Direction,Officer Latitude,Officer Longitude,FDOT Latitude,FDOT Longitude,FDOT Roadway,Nearest Inventory MP,Nearest Node From Crash,State Road #,US Highway,Crash Side of Road,Accident Lane Number,Travel Direction Vehicle 1,FDOT Road Category,DHSMV Road System Id,Relation to Junction,Crash Harmful Event Location,Intersection Type,Shoulder Type,FDOT Roadway SKID Test Result,FDOT Roadway SKID Test Date,Functional Class,RCI Surface Width,RCI Shoulder Type First,RCI Shoulder Width First,RCI Shoulder Type Second,RCI Shoulder Width Second,RCI Shoulder Type Third,RCI Shoulder Width Third,RCI Median Width,Avg Daily Traffic,AADT Source,RCI Avg Per Truck Traffic,RCI Horiz Curve Condition,Posted Speed Limit,Highest Injury in Crash,CAR Status Code,Alcohols/Drug Involved,Site Location,Lighting,Weather,Road Surface,Roadway Grade,Roadway Alignment,Traffic Way Vehicle 1,Traffic Way Vehicle 2,Traffic Control Vehicle 1,Traffic Control Vehicle 2,Count of Lanes,Road Condition 1,Road Condition 2,Road Condition 3,Environment Condition 1,Environment Condition 2,Environment Condition 3,Crash Harmful Event,Manner of Collision,Vehicle Movement,Driver Action Vehicle 1,Driver Action Vehicle 2,Location Within Workzone,Type of Workzone,Workers Present in Workzone,Law Enforcement Present in Workzone,School Bus Related,Count of Nonfatal Injuries,Count of Traffic Fatalities,Count of Serious Injuries,Count of Pedestrians,Count of Drivers,Count of Bicyclists,Count of Vehicles,Count of Persons,Wrong Way,Workzone Inv,Commercial Vehicle Inv,Intersection Inv,Lane Departure,Speeding,Agressive Driving,Impaired Driver,Impaired Pedestrian,Impaired Bicyclist,Distracted Driver,Speeding or Aggressive Driving,Pedestrian Related,Bicyclist Related,Pedestrian or Bicyclist Related,Motorcycle Inv,No Belt,No Belt - Ages 1-4,No Belt - Ages 5-12,No Belt - Ages 13-17,Driver - Ages Teen,Driver - Ages 65 plus,Driver - Ages 65-69,Driver - Ages 70-74,Driver - Ages 75-79,Driver - Ages 80 plus,ARBM Latitude,ARBM Longitude,UTM Zone 17N X,UTM Zone 17N Y,ARBM Side of Road,Urban Rural Indicator,GIS Street Source,Extract Date,OBJECTID,x,y
2020895029730,2020,895029730,2020TA009261,COUNTY SHERIFF'S OFFICE,05 FIFTH,ORANGE,"September 19, 2020",2230,SUNDAY,7530 APOPKA,0730,Y,US 441,ERROL PKWY,0.299,S,28.688185,-81.54054,28.6847307,-81.531943,75020000,13.014,03022,SR 500,US 441,R RIGHT,2 THRU LANE 2,W WEST,23 SUBURBAN 4-5LN 2WY DIVD RASD,02 U.S.,01 NON-JUNCTION,01 ON ROADWAY,01 NOT AT INTERSECTION,01 PAVED,34,"January 22, 2020",14 URBAN PRIN ART OTHER,23,PAVED,4,LAWN,6,,0,18,35500,RCI,6.8,,45,2 POSSIBLE INJURY,31 Q/C COMPLETED - LOC VERIFIED,0 NO,01 NOT AT INTERSECTION/RRX/BRIDGE,05 DARK-NOT LIGHTED,01 CLEAR,01 DRY,01 LEVEL,1 STRAIGHT,"TWO-WAY, NOT DIV, W/CONT LTURN","TWO-WAY, NOT DIV, W/CONT LTURN",TRAFFIC CONTROL SIGNAL,TRAFFIC CONTROL SIGNAL,4,NONE,NOT CODED,NOT CODED,NONE,NOT CODED,NOT CODED,14 MOTOR VEHICLE IN TRANSPORT,01 FRONT TO REAR,01 STRAIGHT AHEAD,OPERATED MV IN CARLESS OR NEGL,NO CONTRIBUTING ACTION,00 NOT CODED,00 NOT CODED,00 NOT CODED,00 NOT CODED,01 NO,1,0,0,0,2,0,2,2,N,N,N,N,N,N,N,N,N,N,Y,N,N,N,N,N,N,N,N,N,N,N,N,N,N,N,28.684827043,-81.531934466,448032.830471,3173183.761919,R,,ARBM15Q1R2,"June 10, 2023",2819031,-9076093.779588656,3335593.0934547544
2020895029740,2020,895029740,2020TA009242,COUNTY SHERIFF'S OFFICE,05 FIFTH,ORANGE,"September 19, 2020",1203,SUNDAY,7530 APOPKA,0730,Y,US 441,SR 436,0.078,N,28.672601,-81.495716,0,0,75020000,10.8,02773,SR 500,US 441,M MEDIAN,M MIDDLE,W WEST,20 URBAN 4-5LN 2WY DIVD RASD,02 U.S.,18 THROUGH ROADWAY,01 ON ROADWAY,01 NOT AT INTERSECTION,01 PAVED,41,"January 22, 2020",14 URBAN PRIN ART OTHER,24,PAVED,4,CURB&GUTTER,2,,0,17,47000,RCI,3.5,,45,1 NO INJURY,31 Q/C COMPLETED - LOC VERIFIED,0 NO,01 NOT AT INTERSECTION/RRX/BRIDGE,01 DAYLIGHT,03 RAIN,02 WET,01 LEVEL,1 STRAIGHT,ONE-WAY TRAFFICWAY,,NO CONTROLS,NOT CODED,4,"RD SURFC (WET, ICY, SNOW, ETC)",NOT CODED,NOT CODED,WEATHER CONDITIONS,NOT CODED,NOT CODED,28 GUARDRAIL END,00 NOT CODED,01 STRAIGHT AHEAD,NO CONTRIBUTING ACTION,NOT CODED,00 NOT CODED,00 NOT CODED,00 NOT CODED,00 NOT CODED,01 NO,0,0,0,0,1,0,1,1,N,N,N,N,Y,N,N,N,N,N,N,N,N,N,N,N,N,N,N,N,Y,N,N,N,N,N,28.673094628,-81.499575839,451188.70209,3171870.286463,C,,ARBM15Q1R2,"June 10, 2023",2819032,-9072491.632738097,3334104.4199091746
2020895029760,2020,895029760,2020TA009244,COUNTY SHERIFF'S OFFICE,05 FIFTH,ORANGE,"September 19, 2020",1322,SUNDAY,7530 APOPKA,0730,Y,SR 414,ORANGE BLOSSOM TRL,0.028,S,28.676738,-81.559426,28.6340629,-81.4516256,75340000,0.196,04530,SR 414,,M MEDIAN,M MIDDLE,S SOUTH,03 TOLL ROAD URBAN,06 TURNPIKE/TOLL,01 NON-JUNCTION,02 OFF ROADWAY,01 NOT AT INTERSECTION,01 PAVED,39,"March 2, 2020",12 URBAN PRIN ART EXPR.,24,PAVED,4,LAWN,12,,0,26,36500,RCI,3.8,2D12,65,2 POSSIBLE INJURY,31 Q/C COMPLETED - LOC VERIFIED,0 NO,01 NOT AT INTERSECTION/RRX/BRIDGE,01 DAYLIGHT,03 RAIN,02 WET,04 DOWNHILL,3 CURVE LEFT,"TWO-WAY, DIVIDED, POSITIVE MED",,NO CONTROLS,NOT CODED,5,"RD SURFC (WET, ICY, SNOW, ETC)",NONE,NOT CODED,WEATHER CONDITIONS,NONE,NOT CODED,27 GUARDRAIL FACE,00 NOT CODED,01 STRAIGHT AHEAD,NO CONTRIBUTING ACTION,NOT CODED,00 NOT CODED,00 NOT CODED,00 NOT CODED,00 NOT CODED,01 NO,1,0,0,0,1,0,1,2,N,N,N,N,Y,N,N,N,N,N,N,N,N,N,N,N,N,N,N,N,N,N,N,N,N,N,28.634481156,-81.450475259,455970.026211,3167573.307704,R,,ARBM15Q1R2,"June 10, 2023",2819584,-9067025.779439146,3329206.1058224896
2020895029160,2020,895029160,2020TA008224,COUNTY SHERIFF'S OFFICE,05 FIFTH,ORANGE,"August 22, 2020",1502,SUNDAY,7530 APOPKA,0730,Y,ORANGE BLOSSOM TRL,PIEDMONT WEKIVA RD,0.042,S,28.654078,-81.46955,28.6540647,-81.4697497,75020000,8.518,00618,SR 500,US 441,R RIGHT,R RIGHT TURN,N NORTH,23 SUBURBAN 4-5LN 2WY DIVD RASD,02 U.S.,01 NON-JUNCTION,01 ON ROADWAY,01 NOT AT INTERSECTION,02 UNPAVED,35,"January 22, 2020",14 URBAN PRIN ART OTHER,23,PAVED,4,LAWN,9,,0,45,28000,RCI,5.3,,45,1 NO INJURY,31 Q/C COMPLETED - LOC VERIFIED,0 NO,03 INFLUENCED BY INTERSECTION,01 DAYLIGHT,03 RAIN,02 WET,01 LEVEL,1 STRAIGHT,"TWO-WAY, DIVIDED, UNPROTECTED","TWO-WAY, DIVIDED, UNPROTECTED",TRAFFIC CONTROL SIGNAL,TRAFFIC CONTROL SIGNAL,4,NONE,NOT CODED,NOT CODED,NONE,NOT CODED,NOT CODED,14 MOTOR VEHICLE IN TRANSPORT,03 ANGLE,16 LEAVING TRAFFIC LANE,FAILED TO KEEP IN PROPER LANE,NO CONTRIBUTING ACTION,00 NOT CODED,00 NOT CODED,00 NOT CODED,00 NOT CODED,01 NO,0,0,0,0,2,0,2,2,N,N,N,Y,N,N,N,N,N,N,N,N,N,N,N,N,N,N,N,N,N,N,N,N,N,N,28.654138825,-81.469671054,454102.3426,3169758.353952,R,,ARBM15Q1R2,"June 10, 2023",2819669,-9069162.646260424,3331699.5551799736
2020895029210,2020,895029210,2020TA008773,COUNTY SHERIFF'S OFFICE,05 FIFTH,ORANGE,"September 6, 2020",1440,MONDAY,7530 APOPKA,0730,Y,US 441,SHEELER AVE,0.038,N,28.670321,-81.493389,28.6705108,-81.4934614,75020000,10.354,02213,SR 500,US 441,L LEFT,2 THRU LANE 2,S SOUTH,33 SUBURBAN 6+LN 2WY DIVD RASD,02 U.S.,18 THROUGH ROADWAY,01 ON ROADWAY,01 NOT AT INTERSECTION,02 UNPAVED,35,"January 22, 2020",14 URBAN PRIN ART OTHER,24,PAVED,4,LAWN,12,,0,36,28000,RCI,5.3,,45,2 POSSIBLE INJURY,31 Q/C COMPLETED - LOC VERIFIED,0 NO,03 INFLUENCED BY INTERSECTION,01 DAYLIGHT,01 CLEAR,01 DRY,01 LEVEL,1 STRAIGHT,"TWO-WAY, DIVIDED, UNPROTECTED","TWO-WAY, DIVIDED, UNPROTECTED",NO CONTROLS,NO CONTROLS,5,NONE,NOT CODED,NOT CODED,NONE,NOT CODED,NOT CODED,14 MOTOR VEHICLE IN TRANSPORT,01 FRONT TO REAR,01 STRAIGHT AHEAD,FOLLOWED TOO CLOSELY,NO CONTRIBUTING ACTION,00 NOT CODED,00 NOT CODED,00 NOT CODED,00 NOT CODED,01 NO,1,0,0,0,2,0,2,4,N,N,N,Y,N,N,N,N,N,N,Y,N,N,N,N,N,N,N,N,N,Y,N,N,N,N,N,28.670432207,-81.493524342,451778.755479,3171572.862736,L,,ARBM15Q1R2,"June 10, 2023",2819670,-9071817.982944727,3333766.6203726954
2020895029220,2020,895029220,2020TA008781,COUNTY SHERIFF'S OFFICE,05 FIFTH,ORANGE,"September 6, 2020",2024,MONDAY,7530 APOPKA,0730,Y,SEMORAN BLVD E,SEMORAN COMMERCE PL,0.001,E,28.672876,-81.479239,28.6729867,-81.4788192,75120000,1.043,02433,SR 436,,L LEFT,3 THRU LANE 3,E EAST,30 URBAN 6+LN 2WY DIVD RASD,03 STATE,03 INTERSECTION-RELATED,01 ON ROADWAY,02 FOUR-WAY INTERSECTION,01 PAVED,36,"September 8, 2019",14 URBAN PRIN ART OTHER,48,PAVED,4,CURB&GUTTER,2,,0,33,34500,RCI,4.5,,45,3 NO-INCAPACITATING INJURY,31 Q/C COMPLETED - LOC VERIFIED,0 NO,03 INFLUENCED BY INTERSECTION,04 DARK-LIGHTED,01 CLEAR,01 DRY,01 LEVEL,1 STRAIGHT,"TWO-WAY, NOT DIVIDED","TWO-WAY, NOT DIVIDED",NO CONTROLS,NO CONTROLS,8,NONE,NOT CODED,NOT CODED,NONE,NOT CODED,NOT CODED,14 MOTOR VEHICLE IN TRANSPORT,01 FRONT TO REAR,01 STRAIGHT AHEAD,OTHER CONTRIBUTING ACTION,NO CONTRIBUTING ACTION,00 NOT CODED,00 NOT CODED,00 NOT CODED,00 NOT CODED,01 NO,1,0,0,0,2,0,2,2,N,N,N,Y,N,N,N,N,N,N,N,N,N,N,N,N,N,N,N,N,N,N,N,N,N,N,28.673114236,-81.478843983,453214.353017,3171864.15999,L,,ARBM15Q1R2,"June 10, 2023",2819671,-9070183.772381598,3334106.9078032514
2020895030010,2020,895030010,2020TA009561,COUNTY SHERIFF'S OFFICE,05 FIFTH,ORANGE,"September 19, 2020",1810,SUNDAY,7530 APOPKA,0730,Y,US 441,ROGER WILLIAMS AVE,0.009,S,28.66488,-81.484128,28.6652022,-81.4847372,75020000,9.709,02211,SR 500,US 441,R RIGHT,2 THRU LANE 2,N NORTH,23 SUBURBAN 4-5LN 2WY DIVD RASD,02 U.S.,01 NON-JUNCTION,01 ON ROADWAY,01 NOT AT INTERSECTION,01 PAVED,35,"January 22, 2020",14 URBAN PRIN ART OTHER,23,PAVED,5,LAWN,4,,0,45,28000,RCI,5.3,,45,1 NO INJURY,31 Q/C COMPLETED - LOC VERIFIED,0 NO,03 INFLUENCED BY INTERSECTION,01 DAYLIGHT,02 CLOUDY,02 WET,01 LEVEL,1 STRAIGHT,"TWO-WAY, NOT DIVIDED","TWO-WAY, NOT DIVIDED",NO CONTROLS,NO CONTROLS,4,"RD SURFC (WET, ICY, SNOW, ETC)",NOT CODED,NOT CODED,NONE,NOT CODED,NOT CODED,14 MOTOR VEHICLE IN TRANSPORT,01 FRONT TO REAR,14 SLOWING,NO CONTRIBUTING ACTION,NO CONTRIBUTING ACTION,00 NOT CODED,00 NOT CODED,00 NOT CODED,00 NOT CODED,01 NO,0,0,0,0,2,0,2,2,N,N,N,Y,N,N,N,N,N,N,N,N,N,N,N,N,N,N,N,N,N,N,N,N,N,N,28.665267484,-81.484674733,452641.121795,3170997.131386,R,,ARBM15Q1R2,"June 10, 2023",2819687,-9070832.84862831,3333111.3614217206
2020895028880,2020,895028880,2020TA008407,COUNTY SHERIFF'S OFFICE,05 FIFTH,ORANGE,"August 26, 2020",1800,THURSDAY,7530 APOPKA,0730,Y,SR 436,PIEDMONT WEKIWA RD,0.129,W,28.672827,-81.470371,28.6729347,-81.4700064,75120000,1.577,03344,SR 436,,R RIGHT,3 THRU LANE 3,S SOUTH,30 URBAN 6+LN 2WY DIVD RASD,03 STATE,01 NON-JUNCTION,01 ON ROADWAY,01 NOT AT INTERSECTION,03 CURB,36,"September 8, 2019",14 URBAN PRIN ART OTHER,48,PAVED,4,CURB&GUTTER,2,,0,33,40000,RCI,4.5,,45,1 NO INJURY,31 Q/C COMPLETED - LOC VERIFIED,0 NO,01 NOT AT INTERSECTION/RRX/BRIDGE,01 DAYLIGHT,01 CLEAR,01 DRY,01 LEVEL,1 STRAIGHT,"TWO-WAY, DIVIDED, POSITIVE MED","TWO-WAY, DIVIDED, POSITIVE MED",NO CONTROLS,NO CONTROLS,8,NONE,NOT CODED,NOT CODED,NONE,NOT CODED,NOT CODED,14 MOTOR VEHICLE IN TRANSPORT,03 ANGLE,03 TURNING LEFT,OPERATED MV IN CARLESS OR NEGL,NO CONTRIBUTING ACTION,00 NOT CODED,00 NOT CODED,00 NOT CODED,00 NOT CODED,01 NO,0,0,0,0,2,0,2,2,N,N,N,N,N,N,N,N,N,N,Y,N,N,N,N,N,N,N,N,N,N,N,N,N,N,N,28.672808963,-81.469989693,454079.342536,3171826.902266,R,,ARBM15Q1R2,"June 10, 2023",2820171,-9069198.117100623,3334068.175372443
2020895027840,2020,895027840,2020TA007375,COUNTY SHERIFF'S OFFICE,05 FIFTH,ORANGE,"July 29, 2020",1818,THURSDAY,7530 APOPKA,0730,Y,US 441,SR 451,0.038,N,28.683012,-81.527798,28.6830978,-81.5277387,75020000,12.735,00639,SR 500,US 441,R RIGHT,1 THRU LANE 1,E EAST,20 URBAN 4-5LN 2WY DIVD RASD,02 U.S.,18 THROUGH ROADWAY,01 ON ROADWAY,01 NOT AT INTERSECTION,03 CURB,37,"January 22, 2020",14 URBAN PRIN ART OTHER,23,PAVED,4,CURB&GUTTER,2,,0,40,35500,RCI,6.8,,45,1 NO INJURY,31 Q/C COMPLETED - LOC VERIFIED,0 NO,03 INFLUENCED BY INTERSECTION,01 DAYLIGHT,02 CLOUDY,01 DRY,01 LEVEL,1 STRAIGHT,"TWO-WAY, DIVIDED, POSITIVE MED","TWO-WAY, DIVIDED, POSITIVE MED",TRAFFIC CONTROL SIGNAL,TRAFFIC CONTROL SIGNAL,4,NONE,NOT CODED,NOT CODED,NONE,NOT CODED,NOT CODED,14 MOTOR VEHICLE IN TRANSPORT,01 FRONT TO REAR,01 STRAIGHT AHEAD,OTHER CONTRIBUTING ACTION,NO CONTRIBUTING ACTION,00 NOT CODED,00 NOT CODED,00 NOT CODED,00 NOT CODED,01 NO,0,0,0,0,2,0,2,9,N,N,N,Y,N,N,N,N,N,N,Y,N,N,N,N,N,N,N,N,N,N,N,N,N,N,N,28.683179844,-81.527736191,448442.179061,3172999.450159,R,,ARBM15Q1R2,"June 10, 2023",2820786,-9075626.429687556,3335384.0777738537
2020895027860,2020,895027860,2020TA007303,COUNTY SHERIFF'S OFFICE,05 FIFTH,ORANGE,"July 27, 2020",1540,TUESDAY,7530 APOPKA,0730,Y,US 441,SHEELER AVE,0.181,N,28.668606,-81.490352,28.6718229,-81.4952711,75020000,10.497,04123,SR 500,US 441,L LEFT,L LEFT TURN,0,41 SUBURBAN ONE WAY,02 U.S.,18 THROUGH ROADWAY,01 ON ROADWAY,01 NOT AT INTERSECTION,02 UNPAVED,32,"January 22, 2020",14 URBAN PRIN ART OTHER,24,PAVED,4,LAWN,12,,0,,11000,RCI,4.6,,45,1 NO INJURY,31 Q/C COMPLETED - LOC VERIFIED,0 NO,01 NOT AT INTERSECTION/RRX/BRIDGE,01 DAYLIGHT,03 RAIN,02 WET,01 LEVEL,1 STRAIGHT,"TWO-WAY, DIVIDED, POSITIVE MED","TWO-WAY, DIVIDED, POSITIVE MED",NO CONTROLS,NO CONTROLS,2,"RD SURFC (WET, ICY, SNOW, ETC)",NOT CODED,NOT CODED,NONE,NOT CODED,NOT CODED,14 MOTOR VEHICLE IN TRANSPORT,01 FRONT TO REAR,88 UNKNOWN,NOT CODED,NO CONTRIBUTING ACTION,00 NOT CODED,00 NOT CODED,00 NOT CODED,00 NOT CODED,01 NO,0,0,0,0,2,0,2,3,N,N,N,N,N,N,N,N,N,N,N,N,N,N,N,N,N,N,N,N,N,N,N,N,N,N,28.671871294,-81.495239393,451611.840338,3171732.990505,O,,ARBM15Q1R2,"June 10, 2023",2820787,-9072008.90165102,3333949.2061767867
2020895027240,2020,895027240,2020TA006655,COUNTY SHERIFF'S OFFICE,05 FIFTH,ORANGE,"July 8, 2020",1330,THURSDAY,7530 APOPKA,0730,Y,US 441,ORANOLE WAY,0.189,N,28.649472,-81.464758,28.6494535,-81.4649027,75020000,8.085,01318,SR 500,US 441,R RIGHT,2 THRU LANE 2,N NORTH,23 SUBURBAN 4-5LN 2WY DIVD RASD,02 U.S.,18 THROUGH ROADWAY,01 ON ROADWAY,01 NOT AT INTERSECTION,02 UNPAVED,35,"January 22, 2020",14 URBAN PRIN ART OTHER,23,PAVED,4,LAWN,9,,0,45,28000,RCI,5.3,,55,1 NO INJURY,31 Q/C COMPLETED - LOC VERIFIED,0 NO,01 NOT AT INTERSECTION/RRX/BRIDGE,01 DAYLIGHT,01 CLEAR,01 DRY,01 LEVEL,1 STRAIGHT,"TWO-WAY, DIVIDED, POSITIVE MED","TWO-WAY, DIVIDED, POSITIVE MED",NO CONTROLS,NO CONTROLS,4,NONE,NOT CODED,NOT CODED,NONE,NOT CODED,NOT CODED,14 MOTOR VEHICLE IN TRANSPORT,01 FRONT TO REAR,14 SLOWING,FOLLOWED TOO CLOSELY,NO CONTRIBUTING ACTION,00 NOT CODED,00 NOT CODED,00 NOT CODED,00 NOT CODED,01 NO,0,0,0,0,2,0,2,2,N,N,N,N,N,N,N,N,N,N,Y,N,N,N,N,N,N,N,N,N,N,N,N,N,N,N,28.649518269,-81.464831407,454573.301727,3169244.603691,R,,ARBM15Q1R2,"June 10, 2023",2820802,-9068623.899038037,3331113.4252311056
2020895027260,2020,895027260,2020TA006770,COUNTY SHERIFF'S OFFICE,05 FIFTH,ORANGE,"July 12, 2020",0545,MONDAY,7530 APOPKA,0730,Y,US 441,BRADSHAW RD,0.024,S,28.679689,-81.521922,28.6792472,-81.5213927,75020000,12.265,02227,SR 500,US 441,L LEFT,1 THRU LANE 1,W WEST,21 URBAN 4-5LN 2WY DIVD PAVD,02 U.S.,03 INTERSECTION-RELATED,01 ON ROADWAY,01 NOT AT INTERSECTION,03 CURB,32,"January 22, 2020",14 URBAN PRIN ART OTHER,23,CURB&GUTTER,2,,0,,0,11,32000,RCI,5.6,,45,2 POSSIBLE INJURY,31 Q/C COMPLETED - LOC VERIFIED,0 NO,01 NOT AT INTERSECTION/RRX/BRIDGE,04 DARK-LIGHTED,01 CLEAR,01 DRY,01 LEVEL,1 STRAIGHT,"TWO-WAY, NOT DIV, W/CONT LTURN","TWO-WAY, NOT DIVIDED",TRAFFIC CONTROL SIGNAL,TRAFFIC CONTROL SIGNAL,4,NONE,NOT CODED,NOT CODED,NONE,NOT CODED,NOT CODED,14 MOTOR VEHICLE IN TRANSPORT,03 ANGLE,17 ENTERING TRAFFIC LANE,OPERATED MV IN CARLESS OR NEGL,NO CONTRIBUTING ACTION,00 NOT CODED,00 NOT CODED,00 NOT CODED,00 NOT CODED,01 NO,1,0,0,0,2,0,2,9,N,N,N,N,N,N,N,N,N,N,Y,N,N,N,N,N,N,N,N,N,N,N,N,N,N,N,28.67929456,-81.521438244,449055.593763,3172566.300717,C,,ARBM15Q1R2,"June 10, 2023",2820803,-9074925.345126815,3334891.0807240997
2020895027270,2020,895027270,2020TA006678,COUNTY SHERIFF'S OFFICE,05 FIFTH,ORANGE,"July 9, 2020",0730,FRIDAY,7530 APOPKA,0730,Y,SR 414,HIAWASSEE RD,0.189,N,28.645052,-81.510103,28.6342843,-81.4786392,75340000,1.843,04536,SR 414,,R RIGHT,2 THRU LANE 2,E EAST,03 TOLL ROAD URBAN,03 STATE,18 THROUGH ROADWAY,01 ON ROADWAY,01 NOT AT INTERSECTION,01 PAVED,39,"March 2, 2020",12 URBAN PRIN ART EXPR.,36,PAVED,4,VALLEY GUTR,2,,0,26,36500,RCI,3.8,,65,1 NO INJURY,31 Q/C COMPLETED - LOC VERIFIED,0 NO,01 NOT AT INTERSECTION/RRX/BRIDGE,01 DAYLIGHT,03 RAIN,02 WET,01 LEVEL,1 STRAIGHT,"TWO-WAY, DIVIDED, POSITIVE MED",,NO CONTROLS,NOT CODED,6,"RD SURFC (WET, ICY, SNOW, ETC)",NOT CODED,NOT CODED,WEATHER CONDITIONS,NOT CODED,NOT CODED,30 CONCRETE TRAFFIC BARRIER,00 NOT CODED,01 STRAIGHT AHEAD,DROVE TOO FAST FOR CONDITIONS,NOT CODED,00 NOT CODED,00 NOT CODED,00 NOT CODED,00 NOT CODED,01 NO,0,0,0,0,1,0,1,1,N,N,N,N,Y,Y,N,N,N,N,Y,Y,N,N,N,N,N,N,N,N,N,N,N,N,N,N,28.634245145,-81.472103519,453855.926358,3167555.317014,R,,ARBM15Q1R2,"June 10, 2023",2820804,-9069433.426912025,3329176.1720371065
2020895028730,2020,895028730,2020TA008239,COUNTY SHERIFF'S OFFICE,05 FIFTH,ORANGE,"August 23, 2020",0610,MONDAY,7530 APOPKA,0730,Y,SR 414,MARDEN RD,0.038,N,28.652574,-81.524767,0,0,75340000,5.149,04562,SR 414,,L LEFT,S SIDE OF ROAD,E EAST,03 TOLL ROAD URBAN,06 TURNPIKE/TOLL,01 NON-JUNCTION,10 ROADSIDE,01 NOT AT INTERSECTION,01 PAVED,40,"March 2, 2020",12 URBAN PRIN ART EXPR.,24,PAVED,4,VALLEY GUTR,2,,0,26,36500,RCI,3.8,0D2226,65,2 POSSIBLE INJURY,31 Q/C COMPLETED - LOC VERIFIED,0 NO,01 NOT AT INTERSECTION/RRX/BRIDGE,04 DARK-LIGHTED,03 RAIN,02 WET,03 UPHILL,1 STRAIGHT,"TWO-WAY, DIVIDED, POSITIVE MED",,NO CONTROLS,NOT CODED,5,NONE,NOT CODED,NOT CODED,NONE,NOT CODED,NOT CODED,33 UTILITY POLE/LIGHT SUPPORT,00 NOT CODED,01 STRAIGHT AHEAD,NO CONTRIBUTING ACTION,NOT CODED,00 NOT CODED,00 NOT CODED,00 NOT CODED,00 NOT CODED,01 NO,1,0,0,0,1,0,1,1,N,N,N,N,N,N,N,N,N,N,N,N,N,N,N,N,N,N,N,N,N,N,N,N,N,N,28.645826984,-81.512469696,449915.924369,3168854.690748,L,,ARBM15Q1R2,"June 10, 2023",2820805,-9073926.970536258,3330645.1940574087
2020895029360,2020,895029360,2020TA008785,COUNTY SHERIFF'S OFFICE,05 FIFTH,ORANGE,"September 7, 2020",2257,TUESDAY,7530 APOPKA,0730,Y,US 441,LAKE DOE BLVD,0.108,S,28.684985,-81.532405,28.6849708,-81.532561,75020000,13.055,03022,SR 500,US 441,R RIGHT,1 THRU LANE 1,S SOUTH,23 SUBURBAN 4-5LN 2WY DIVD RASD,02 U.S.,18 THROUGH ROADWAY,01 ON ROADWAY,01 NOT AT INTERSECTION,01 PAVED,34,"January 22, 2020",14 URBAN PRIN ART OTHER,23,PAVED,4,LAWN,6,,0,18,35500,RCI,6.8,,45,3 NO-INCAPACITATING INJURY,31 Q/C COMPLETED - LOC VERIFIED,0 NO,01 NOT AT INTERSECTION/RRX/BRIDGE,04 DARK-LIGHTED,01 CLEAR,01 DRY,01 LEVEL,1 STRAIGHT,"TWO-WAY, NOT DIV, W/CONT LTURN","TWO-WAY, NOT DIV, W/CONT LTURN",NO CONTROLS,NO CONTROLS,4,NONE,NOT CODED,NOT CODED,NONE,NOT CODED,NOT CODED,14 MOTOR VEHICLE IN TRANSPORT,02 FRONT TO FRONT,01 STRAIGHT AHEAD,RAN OFF ROADWAY,NO CONTRIBUTING ACTION,00 NOT CODED,00 NOT CODED,00 NOT CODED,00 NOT CODED,01 NO,1,0,0,0,2,0,2,2,Y,N,N,N,Y,N,N,N,N,N,N,N,N,N,N,N,N,N,N,N,N,Y,Y,N,N,N,28.685061209,-81.532554808,447972.341134,3173209.975174,R,,ARBM15Q1R2,"June 10, 2023",2821337,-9076162.835860943,3335622.807520128
2020895028750,2020,895028750,2020TA008276,COUNTY SHERIFF'S OFFICE,05 FIFTH,ORANGE,"August 23, 2020",1640,MONDAY,7530 APOPKA,0730,Y,SR 414,HIAWASSEE RD,0.205,N,28.634206,-81.485608,28.6342972,-81.4802679,75340000,1.942,04537,SR 414,,L LEFT,2 THRU LANE 2,W WEST,03 TOLL ROAD URBAN,03 STATE,01 NON-JUNCTION,01 ON ROADWAY,01 NOT AT INTERSECTION,01 PAVED,39,"March 2, 2020",12 URBAN PRIN ART EXPR.,36,PAVED,4,VALLEY GUTR,2,,0,26,36500,RCI,3.8,,65,1 NO INJURY,31 Q/C COMPLETED - LOC VERIFIED,0 NO,01 NOT AT INTERSECTION/RRX/BRIDGE,01 DAYLIGHT,02 CLOUDY,01 DRY,03 UPHILL,2 CURVE RIGHT,"TWO-WAY, DIVIDED, POSITIVE MED",,NO CONTROLS,NOT CODED,6,OBSTRUCTION IN ROADWAY,NOT CODED,NOT CODED,NONE,NOT CODED,NOT CODED,16 WORK ZONE/MAINTENANCE EQUIPMEN,00 NOT CODED,01 STRAIGHT AHEAD,NO CONTRIBUTING ACTION,NOT CODED,00 NOT CODED,00 NOT CODED,00 NOT CODED,00 NOT CODED,01 NO,0,0,0,0,1,0,1,1,N,N,N,N,N,N,N,N,N,N,N,N,N,N,N,N,N,N,N,N,N,N,N,N,N,N,28.634081341,-81.473776429,453692.339798,3167537.816472,L,,ARBM15Q1R2,"June 10, 2023",2821355,-9069619.654504322,3329155.3966852017