Crash Id,Calendar Year,FDOT Crash Number,Reporting Agency Case Number,Reporting Agency Type,FDOT Managing District,County Name,Crash Date,Crash Time,Day,DHSMV City,Crash Report City Code,In Town,On Roadway Name,Int Roadway Name,Reference Distance (Miles),Reference Direction,Officer Latitude,Officer Longitude,FDOT Latitude,FDOT Longitude,FDOT Roadway,Nearest Inventory MP,Nearest Node From Crash,State Road #,US Highway,Crash Side of Road,Accident Lane Number,Travel Direction Vehicle 1,FDOT Road Category,DHSMV Road System Id,Relation to Junction,Crash Harmful Event Location,Intersection Type,Shoulder Type,FDOT Roadway SKID Test Result,FDOT Roadway SKID Test Date,Functional Class,RCI Surface Width,RCI Shoulder Type First,RCI Shoulder Width First,RCI Shoulder Type Second,RCI Shoulder Width Second,RCI Shoulder Type Third,RCI Shoulder Width Third,RCI Median Width,Avg Daily Traffic,AADT Source,RCI Avg Per Truck Traffic,RCI Horiz Curve Condition,Posted Speed Limit,Highest Injury in Crash,CAR Status Code,Alcohols/Drug Involved,Site Location,Lighting,Weather,Road Surface,Roadway Grade,Roadway Alignment,Traffic Way Vehicle 1,Traffic Way Vehicle 2,Traffic Control Vehicle 1,Traffic Control Vehicle 2,Count of Lanes,Road Condition 1,Road Condition 2,Road Condition 3,Environment Condition 1,Environment Condition 2,Environment Condition 3,Crash Harmful Event,Manner of Collision,Vehicle Movement,Driver Action Vehicle 1,Driver Action Vehicle 2,Location Within Workzone,Type of Workzone,Workers Present in Workzone,Law Enforcement Present in Workzone,School Bus Related,Count of Nonfatal Injuries,Count of Traffic Fatalities,Count of Serious Injuries,Count of Pedestrians,Count of Drivers,Count of Bicyclists,Count of Vehicles,Count of Persons,Wrong Way,Workzone Inv,Commercial Vehicle Inv,Intersection Inv,Lane Departure,Speeding,Agressive Driving,Impaired Driver,Impaired Pedestrian,Impaired Bicyclist,Distracted Driver,Speeding or Aggressive Driving,Pedestrian Related,Bicyclist Related,Pedestrian or Bicyclist Related,Motorcycle Inv,No Belt,No Belt - Ages 1-4,No Belt - Ages 5-12,No Belt - Ages 13-17,Driver - Ages Teen,Driver - Ages 65 plus,Driver - Ages 65-69,Driver - Ages 70-74,Driver - Ages 75-79,Driver - Ages 80 plus,ARBM Latitude,ARBM Longitude,UTM Zone 17N X,UTM Zone 17N Y,ARBM Side of Road,Urban Rural Indicator,GIS Street Source,Extract Date,OBJECTID,x,y
2020895029150,2020,895029150,2020TA008727,COUNTY SHERIFF'S OFFICE,05 FIFTH,ORANGE,"September 4, 2020",1114,SATURDAY,7530 APOPKA,0730,Y,SR 451,US 441,0.037,N,28.683387,-81.52676,28.6828755,-81.5271665,75020000,12.697,00639,SR 500,US 441,T SIDE RD LEFT,2 THRU LANE 2,S SOUTH,20 URBAN 4-5LN 2WY DIVD RASD,05 LOCAL,03 INTERSECTION-RELATED,01 ON ROADWAY,01 NOT AT INTERSECTION,03 CURB,37,"January 22, 2020",14 URBAN PRIN ART OTHER,23,PAVED,4,CURB&GUTTER,2,,0,40,35500,RCI,6.8,1D0000,45,1 NO INJURY,31 Q/C COMPLETED - LOC VERIFIED,0 NO,03 INFLUENCED BY INTERSECTION,01 DAYLIGHT,01 CLEAR,01 DRY,03 UPHILL,1 STRAIGHT,"TWO-WAY, DIVIDED, POSITIVE MED","TWO-WAY, DIVIDED, POSITIVE MED",TRAFFIC CONTROL SIGNAL,TRAFFIC CONTROL SIGNAL,4,NONE,NOT CODED,NOT CODED,NONE,NOT CODED,NOT CODED,14 MOTOR VEHICLE IN TRANSPORT,01 FRONT TO REAR,14 SLOWING,OPERATED MV IN CARLESS OR NEGL,NO CONTRIBUTING ACTION,00 NOT CODED,00 NOT CODED,00 NOT CODED,00 NOT CODED,01 NO,0,0,0,0,2,0,2,8,N,N,N,Y,N,N,N,N,N,N,N,N,N,N,N,N,N,N,N,N,N,N,N,N,N,N,28.682807769,-81.527314672,448483.178454,3172958.046463,L,,ARBM15Q1R2,"June 10, 2023",2823560,-9075579.506327862,3335336.8650473617
2020895028930,2020,895028930,2020TA008443,COUNTY SHERIFF'S OFFICE,05 FIFTH,ORANGE,"August 27, 2020",1644,FRIDAY,7530 APOPKA,0730,Y,SR 436,WEKIWA SPRINGS RD S,0.104,E,28.673014,-81.466455,28.6728914,-81.4661671,75120000,1.81,02434,SR 436,,L LEFT,3 THRU LANE 3,S SOUTH,30 URBAN 6+LN 2WY DIVD RASD,03 STATE,01 NON-JUNCTION,01 ON ROADWAY,01 NOT AT INTERSECTION,03 CURB,36,"September 8, 2019",14 URBAN PRIN ART OTHER,48,PAVED,4,CURB&GUTTER,2,,0,33,57500,RCI,4.5,,45,1 NO INJURY,31 Q/C COMPLETED - LOC VERIFIED,0 NO,01 NOT AT INTERSECTION/RRX/BRIDGE,01 DAYLIGHT,01 CLEAR,01 DRY,01 LEVEL,1 STRAIGHT,"TWO-WAY, DIVIDED, POSITIVE MED","TWO-WAY, DIVIDED, POSITIVE MED",NO CONTROLS,NO CONTROLS,8,NONE,NOT CODED,NOT CODED,NONE,NOT CODED,NOT CODED,14 MOTOR VEHICLE IN TRANSPORT,01 FRONT TO REAR,17 ENTERING TRAFFIC LANE,FOLLOWED TOO CLOSELY,NO CONTRIBUTING ACTION,00 NOT CODED,00 NOT CODED,00 NOT CODED,00 NOT CODED,01 NO,0,0,0,0,2,0,2,3,N,N,N,N,N,N,N,N,N,N,Y,N,N,N,N,N,N,N,N,N,N,N,N,N,N,N,28.672988224,-81.466116262,454457.880775,3171845.278778,L,,ARBM15Q1R2,"June 10, 2023",2824069,-9068766.928549094,3334090.9196538376
2020895028940,2020,895028940,2020TA008354,COUNTY SHERIFF'S OFFICE,05 FIFTH,ORANGE,"August 25, 2020",1524,WEDNESDAY,7530 APOPKA,0730,Y,SR 429,SR 451 EXIT,0.197,N,28.646407,-81.542807,28.6505267,-81.5432454,75320100,0.864,02179,SR 429,,L LEFT,2 THRU LANE 2,S SOUTH,03 TOLL ROAD URBAN,06 TURNPIKE/TOLL,01 NON-JUNCTION,01 ON ROADWAY,01 NOT AT INTERSECTION,02 UNPAVED,36,"September 9, 2019",12 URBAN PRIN ART EXPR.,24,PAVED WARN,10,VALLEY GUTR,3.5,LAWN,6,58,21000,RCI,4.1,1D21,70,1 NO INJURY,31 Q/C COMPLETED - LOC VERIFIED,0 NO,01 NOT AT INTERSECTION/RRX/BRIDGE,01 DAYLIGHT,01 CLEAR,01 DRY,01 LEVEL,1 STRAIGHT,"TWO-WAY, NOT DIVIDED",,NO CONTROLS,NOT CODED,4,NONE,NOT CODED,NOT CODED,NONE,NOT CODED,NOT CODED,18 OTHER NON-FIXED OBJECT,00 NOT CODED,01 STRAIGHT AHEAD,NO CONTRIBUTING ACTION,NOT CODED,00 NOT CODED,00 NOT CODED,00 NOT CODED,00 NOT CODED,01 NO,0,0,0,0,1,0,1,1,N,N,N,N,N,N,N,N,N,N,N,N,N,N,N,N,N,N,N,N,N,N,N,N,N,N,28.651267025,-81.543849014,446851.892487,3169470.936928,L,,ARBM15Q1R2,"June 10, 2023",2824070,-9077420.101305513,3331335.256284578
2020895028950,2020,895028950,2020TA008277,COUNTY SHERIFF'S OFFICE,05 FIFTH,ORANGE,"August 23, 2020",1823,MONDAY,7530 APOPKA,0730,Y,SR 451,ORANGE BLOSSOM TRL W,0.015,N,28.683066,-81.526821,28.6828755,-81.5271665,75020000,12.697,00639,SR 500,US 441,T SIDE RD LEFT,1 THRU LANE 1,N NORTH,20 URBAN 4-5LN 2WY DIVD RASD,02 U.S.,18 THROUGH ROADWAY,01 ON ROADWAY,01 NOT AT INTERSECTION,03 CURB,37,"January 22, 2020",14 URBAN PRIN ART OTHER,23,PAVED,4,CURB&GUTTER,2,,0,40,35500,RCI,6.8,1D0000,45,1 NO INJURY,31 Q/C COMPLETED - LOC VERIFIED,0 NO,01 NOT AT INTERSECTION/RRX/BRIDGE,01 DAYLIGHT,01 CLEAR,01 DRY,04 DOWNHILL,1 STRAIGHT,"TWO-WAY, NOT DIVIDED","TWO-WAY, DIVIDED, POSITIVE MED",NO CONTROLS,NO CONTROLS,4,NONE,NOT CODED,NOT CODED,NONE,NOT CODED,NOT CODED,14 MOTOR VEHICLE IN TRANSPORT,03 ANGLE,06 CHANGING LANES,FAILED TO KEEP IN PROPER LANE,NO CONTRIBUTING ACTION,00 NOT CODED,00 NOT CODED,00 NOT CODED,00 NOT CODED,01 NO,0,0,0,0,2,0,2,2,N,N,N,N,Y,N,N,N,N,N,N,N,N,N,N,N,N,N,N,N,Y,N,N,N,N,N,28.682807769,-81.527314672,448483.178454,3172958.046463,L,,ARBM15Q1R2,"June 10, 2023",2824071,-9075579.506327862,3335336.8650473617
2020895029960,2020,895029960,2020TA009503,COUNTY SHERIFF'S OFFICE,05 FIFTH,ORANGE,"September 26, 2020",1502,SUNDAY,7530 APOPKA,0730,Y,CR 435,US 441,0.009,S,28.672998,-81.509393,28.6731072,-81.5095227,75020000,11.407,02221,SR 500,US 441,S SIDE RD RIGHT,R RIGHT TURN,N NORTH,21 URBAN 4-5LN 2WY DIVD PAVD,02 U.S.,18 THROUGH ROADWAY,01 ON ROADWAY,02 FOUR-WAY INTERSECTION,01 PAVED,39,"January 22, 2020",14 URBAN PRIN ART OTHER,23,CURB&GUTTER,2,,0,,0,12,42500,RCI,3.5,,35,1 NO INJURY,31 Q/C COMPLETED - LOC VERIFIED,0 NO,03 INFLUENCED BY INTERSECTION,01 DAYLIGHT,01 CLEAR,01 DRY,01 LEVEL,1 STRAIGHT,"TWO-WAY, NOT DIVIDED","TWO-WAY, NOT DIVIDED",NO CONTROLS,NO CONTROLS,4,NONE,NOT CODED,NOT CODED,NONE,NOT CODED,NOT CODED,14 MOTOR VEHICLE IN TRANSPORT,"04 SIDESWIPE, SAME DIRECTION",01 STRAIGHT AHEAD,NO CONTRIBUTING ACTION,NO CONTRIBUTING ACTION,00 NOT CODED,00 NOT CODED,00 NOT CODED,00 NOT CODED,01 NO,0,0,0,0,2,0,2,4,N,N,N,Y,N,N,N,N,N,N,N,N,N,N,N,N,N,N,N,N,N,N,N,N,N,N,28.673114628,-81.509575454,450211.680516,3171876.630793,C,,ARBM15Q1R2,"June 10, 2023",2824684,-9073604.785104226,3334106.957460573
2020895027220,2020,895027220,2020TA006765,COUNTY SHERIFF'S OFFICE,05 FIFTH,ORANGE,"July 11, 2020",1932,SUNDAY,7530 APOPKA,0730,Y,ORANGE BLOSSOM TRL,BRADSHAW RD,0.041,S,28.67988,-81.522114,28.6790958,-81.5211717,75020000,12.248,02227,SR 500,US 441,R RIGHT,2 THRU LANE 2,N NORTH,21 URBAN 4-5LN 2WY DIVD PAVD,02 U.S.,18 THROUGH ROADWAY,01 ON ROADWAY,01 NOT AT INTERSECTION,03 CURB,32,"January 22, 2020",14 URBAN PRIN ART OTHER,23,CURB&GUTTER,2,,0,,0,11,32000,RCI,5.6,,45,2 POSSIBLE INJURY,31 Q/C COMPLETED - LOC VERIFIED,0 NO,03 INFLUENCED BY INTERSECTION,01 DAYLIGHT,01 CLEAR,01 DRY,01 LEVEL,1 STRAIGHT,"TWO-WAY, DIVIDED, POSITIVE MED","TWO-WAY, DIVIDED, POSITIVE MED",NO CONTROLS,NO CONTROLS,4,NONE,NOT CODED,NOT CODED,NONE,NOT CODED,NOT CODED,14 MOTOR VEHICLE IN TRANSPORT,01 FRONT TO REAR,01 STRAIGHT AHEAD,IMPROPER PASSING,NO CONTRIBUTING ACTION,00 NOT CODED,00 NOT CODED,00 NOT CODED,00 NOT CODED,01 NO,1,0,0,0,2,0,2,4,N,N,N,Y,N,N,N,N,N,N,N,N,N,N,N,Y,N,N,N,N,N,N,N,N,N,N,28.679143199,-81.52121686,449077.15,3172549.43716,C,,ARBM15Q1R2,"June 10, 2023",2824694,-9074900.700860666,3334871.875191949
2020872832350,2020,872832350,FHPK20OFF035307,FLORIDA HIGHWAY PATROL,08 TURNPIKE,ORANGE,"August 9, 2020",1937,MONDAY,7552 WINTER GARDEN,0752,N,SR 91,SR 429,0.25,S,28.5452866,-81.5719093,28.5467431,-81.5532899,75470000,18.499,08846,SR 91,,M MEDIAN,M MIDDLE,N NORTH,03 TOLL ROAD URBAN,06 TURNPIKE/TOLL,01 NON-JUNCTION,03 SHOULDER,01 NOT AT INTERSECTION,01 PAVED,39,"November 11, 2019",12 URBAN PRIN ART EXPR.,60,PAVED WARN,10,LAWN,12,,0,26,95700,RCI,17.8,,70,3 NO-INCAPACITATING INJURY,31 Q/C COMPLETED - LOC VERIFIED,0 NO,01 NOT AT INTERSECTION/RRX/BRIDGE,01 DAYLIGHT,03 RAIN,02 WET,01 LEVEL,1 STRAIGHT,"TWO-WAY, DIVIDED, POSITIVE MED",,NO CONTROLS,NOT CODED,10,"RD SURFC (WET, ICY, SNOW, ETC)",NOT CODED,NOT CODED,WEATHER CONDITIONS,NOT CODED,NOT CODED,30 CONCRETE TRAFFIC BARRIER,77 OTHER (SEE NARRATIVE),01 STRAIGHT AHEAD,DROVE TOO FAST FOR CONDITIONS,NOT CODED,00 NOT CODED,00 NOT CODED,00 NOT CODED,00 NOT CODED,01 NO,1,0,0,0,1,0,1,1,N,N,N,N,Y,Y,N,N,N,N,N,Y,N,N,N,N,N,N,N,N,N,N,N,N,N,N,28.546766354,-81.553315766,445873.210441,3157897.79877,R,,ARBM15Q1R2,"June 10, 2023",2824759,-9078473.935338587,3318085.729842151
2020895029370,2020,895029370,2020TA008893,COUNTY SHERIFF'S OFFICE,05 FIFTH,ORANGE,"September 9, 2020",1332,THURSDAY,7530 APOPKA,0730,Y,SR 414,MARDEN RD,0.663,N,28.648085,-81.516127,28.6529839,-81.5365743,75340000,5.765,01737,SR 414,,M MEDIAN,M MIDDLE,E EAST,03 TOLL ROAD URBAN,03 STATE,18 THROUGH ROADWAY,03 SHOULDER,01 NOT AT INTERSECTION,01 PAVED,40,"March 2, 2020",12 URBAN PRIN ART EXPR.,24,PAVED,8,LAWN,12,,0,26,36500,RCI,3.8,1D2908,65,1 NO INJURY,31 Q/C COMPLETED - LOC VERIFIED,0 NO,01 NOT AT INTERSECTION/RRX/BRIDGE,01 DAYLIGHT,03 RAIN,02 WET,04 DOWNHILL,1 STRAIGHT,"TWO-WAY, DIVIDED, POSITIVE MED",,NO CONTROLS,NOT CODED,4,"RD SURFC (WET, ICY, SNOW, ETC)",NOT CODED,NOT CODED,NONE,NOT CODED,NOT CODED,30 CONCRETE TRAFFIC BARRIER,00 NOT CODED,01 STRAIGHT AHEAD,DROVE TOO FAST FOR CONDITIONS,NOT CODED,00 NOT CODED,00 NOT CODED,00 NOT CODED,00 NOT CODED,01 NO,0,0,0,0,1,0,1,1,N,N,N,N,Y,Y,N,N,N,N,Y,Y,N,N,N,N,N,N,N,N,N,N,N,N,N,N,28.650097939,-81.518241549,449353.880088,3169330.294317,R,,ARBM15Q1R2,"June 10, 2023",2825233,-9074569.490548206,3331186.9563045464
2020895029380,2020,895029380,2020TA008837,COUNTY SHERIFF'S OFFICE,05 FIFTH,ORANGE,"September 7, 2020",1708,TUESDAY,7530 APOPKA,0730,Y,SR 414,MARDEN RD,0.568,S,28.648922,-81.517223,28.6494977,-81.5175446,75340000,4.543,04559,SR 414,,M MEDIAN,M MIDDLE,W WEST,03 TOLL ROAD URBAN,03 STATE,18 THROUGH ROADWAY,03 SHOULDER,01 NOT AT INTERSECTION,01 PAVED,39,"March 2, 2020",12 URBAN PRIN ART EXPR.,36,PAVED,4,VALLEY GUTR,2,,0,26,36500,RCI,3.8,0D2226,65,1 NO INJURY,31 Q/C COMPLETED - LOC VERIFIED,0 NO,01 NOT AT INTERSECTION/RRX/BRIDGE,01 DAYLIGHT,03 RAIN,02 WET,01 LEVEL,1 STRAIGHT,"TWO-WAY, DIVIDED, POSITIVE MED",,NO CONTROLS,NOT CODED,6,"RD SURFC (WET, ICY, SNOW, ETC)",NOT CODED,NOT CODED,NONE,NOT CODED,NOT CODED,30 CONCRETE TRAFFIC BARRIER,00 NOT CODED,01 STRAIGHT AHEAD,DROVE TOO FAST FOR CONDITIONS,NOT CODED,00 NOT CODED,00 NOT CODED,00 NOT CODED,00 NOT CODED,01 NO,0,0,0,0,1,0,1,1,N,N,N,N,Y,Y,N,N,N,N,Y,Y,N,N,N,N,N,N,N,N,N,N,N,N,N,N,28.643142481,-81.504363683,450706.887672,3168553.910142,R,,ARBM15Q1R2,"June 10, 2023",2825234,-9073024.61307563,3330304.6815702273
2020898556820,2020,898556820,2020TA009181,CITY POLICE DEPARTMENT,05 FIFTH,ORANGE,"September 17, 2020",1315,FRIDAY,"7500 UNINCORPORATED, ORANGE",1700,N,SR 400,SR 600,0.284,N,0,0,28.5120223,-81.3937989,75280000,15.238,00361,SR 400,I 4,R RIGHT,1 THRU LANE 1,E EAST,01 INTERSTATE URBAN,01 INTERSTATE,01 NON-JUNCTION,01 ON ROADWAY,01 NOT AT INTERSECTION,01 PAVED,27,"September 16, 2014",11 URBAN PRIN ART INT.,48,PAVED,10,CURB&GUTTER,2,,0,140,150000,RCI,6.8,,50,2 POSSIBLE INJURY,31 Q/C COMPLETED - LOC VERIFIED,0 NO,01 NOT AT INTERSECTION/RRX/BRIDGE,01 DAYLIGHT,01 CLEAR,01 DRY,02 HILLCREST,1 STRAIGHT,"TWO-WAY, DIVIDED, POSITIVE MED","TWO-WAY, DIVIDED, POSITIVE MED",NO CONTROLS,NO CONTROLS,8,NONE,NOT CODED,NOT CODED,NONE,NOT CODED,NOT CODED,14 MOTOR VEHICLE IN TRANSPORT,01 FRONT TO REAR,01 STRAIGHT AHEAD,FOLLOWED TOO CLOSELY,NO CONTRIBUTING ACTION,00 NOT CODED,00 NOT CODED,00 NOT CODED,00 NOT CODED,01 NO,1,0,0,0,2,0,2,2,N,N,N,N,N,N,N,N,N,N,Y,N,N,N,N,N,N,N,N,N,N,N,N,N,N,N,28.512016737,-81.393797986,461465.179399,3153986.422457,R,,ARBM15Q1R2,"June 10, 2023",2825277,-9060716.491930783,3313682.778937374
2020876761930,2020,876761930,WGPD20OFF002420,COUNTY SHERIFF'S OFFICE,05 FIFTH,ORANGE,"July 24, 2020",2315,SATURDAY,7552 WINTER GARDEN,0752,Y,SR 50,ORANGE WEST BLVD,0.003,W,28.54764,-81.6024699,28.5510781,-81.6018209,75050000,3.442,02118,SR 50,,R RIGHT,S SIDE OF ROAD,S SOUTH,30 URBAN 6+LN 2WY DIVD RASD,03 STATE,03 INTERSECTION-RELATED,02 OFF ROADWAY,03 T-INTERSECTION,03 CURB,38,"April 1, 2018",14 URBAN PRIN ART OTHER,36,PAVED,4,CURB&GUTTER,2,,0,30,41509,RCI,4.5,,50,0 UNKNOWN/NOT CODED,31 Q/C COMPLETED - LOC VERIFIED,0 NO,03 INFLUENCED BY INTERSECTION,04 DARK-LIGHTED,01 CLEAR,01 DRY,01 LEVEL,1 STRAIGHT,"TWO-WAY, DIVIDED, POSITIVE MED",,NO CONTROLS,NOT CODED,6,NONE,NOT CODED,NOT CODED,NONE,NOT CODED,NOT CODED,25 DITCH,77 OTHER (SEE NARRATIVE),03 TURNING LEFT,NOT CODED,NOT CODED,00 NOT CODED,00 NOT CODED,00 NOT CODED,00 NOT CODED,01 NO,0,0,0,0,0,0,1,0,N,N,N,Y,N,N,N,N,N,N,N,N,N,N,N,N,N,N,N,N,N,N,N,N,N,N,28.550994661,-81.601927081,441120.185159,3158389.152368,R,,ARBM15Q1R2,"June 10, 2023",2826437,-9083885.323615223,3318621.5765935294
2020882168880,2020,882168880,FHPK20OFF029896,FLORIDA HIGHWAY PATROL,08 TURNPIKE,ORANGE,"July 10, 2020",1142,SATURDAY,7552 WINTER GARDEN,0752,N,SR 429,WESTERN WAY,0.2,N,28.3827681,-81.6135571,0,0,75473007,0.2,04025,SR 429,,R RIGHT,X RAMP,N NORTH,08 RAMP RURAL,06 TURNPIKE/TOLL,01 NON-JUNCTION,03 SHOULDER,01 NOT AT INTERSECTION,01 PAVED,0,"December 31, 2000",,15,PAVED,2,LAWN,6,,0,,4500,RCI,14.7,,,1 NO INJURY,31 Q/C COMPLETED - LOC VERIFIED,0 NO,07 ENTRANCE RAMP,01 DAYLIGHT,03 RAIN,02 WET,01 LEVEL,1 STRAIGHT,"TWO-WAY, DIVIDED, POSITIVE MED",,NO CONTROLS,NOT CODED,1,NONE,NOT CODED,NOT CODED,NONE,NOT CODED,NOT CODED,27 GUARDRAIL FACE,77 OTHER (SEE NARRATIVE),06 CHANGING LANES,SWERVED OR AVOIDED:  DUE TO WI,NOT CODED,00 NOT CODED,00 NOT CODED,00 NOT CODED,00 NOT CODED,01 NO,0,0,0,0,1,0,1,1,N,N,N,N,Y,N,N,N,N,N,N,N,N,N,N,N,N,N,N,N,N,N,N,N,N,N,28.380712787,-81.611904701,440048.133347,3139529.221181,O,,ARBM15Q1R2,"June 10, 2023",2826798,-9084996.027017402,3297058.97896433
2020882022070,2020,882022070,FHPD20OFF046573,FLORIDA HIGHWAY PATROL,05 FIFTH,ORANGE,"July 10, 2020",0158,SATURDAY,7546 ORLANDO,0746,N,I 4,MILE MARKER #69,0.038,N,28.3992766,-81.4849603,28.3878753,-81.4951149,75280000,3.568,00330,SR 400,I 4,R RIGHT,3 THRU LANE 3,E EAST,01 INTERSTATE URBAN,01 INTERSTATE,01 NON-JUNCTION,01 ON ROADWAY,01 NOT AT INTERSECTION,01 PAVED,35,"March 2, 2020",11 URBAN PRIN ART INT.,48,PAVED WARN,10,LAWN,12,,0,64,224000,RCI,6.8,,60,1 NO INJURY,31 Q/C COMPLETED - LOC VERIFIED,0 NO,01 NOT AT INTERSECTION/RRX/BRIDGE,04 DARK-LIGHTED,01 CLEAR,01 DRY,01 LEVEL,1 STRAIGHT,"TWO-WAY, DIVIDED, POSITIVE MED","TWO-WAY, DIVIDED, POSITIVE MED",NO CONTROLS,NO CONTROLS,8,NONE,NOT CODED,NOT CODED,NONE,NOT CODED,NOT CODED,14 MOTOR VEHICLE IN TRANSPORT,01 FRONT TO REAR,01 STRAIGHT AHEAD,OPERATED MV IN CARLESS OR NEGL,NO CONTRIBUTING ACTION,00 NOT CODED,00 NOT CODED,00 NOT CODED,00 NOT CODED,01 NO,0,0,0,0,2,0,2,3,N,N,N,N,N,N,N,N,N,N,N,N,N,N,N,N,N,N,N,N,N,N,N,N,N,N,28.387874938,-81.495107711,451494.849857,3140270.121341,R,,ARBM15Q1R2,"June 10, 2023",2827769,-9071994.241735073,3297965.21527036
2020882401410,2020,882401410,FHPK20OFF030205,FLORIDA HIGHWAY PATROL,05 FIFTH,ORANGE,"July 12, 2020",0700,MONDAY,7546 ORLANDO,0746,N,SR 600,CONSULATE DR,0.4,N,28.4168899,-81.3918699,28.4338924,-81.404706,75010000,5.927,01840,SR 500,US 17,R RIGHT,S SIDE OF ROAD,N NORTH,30 URBAN 6+LN 2WY DIVD RASD,04 COUNTY,01 NON-JUNCTION,01 ON ROADWAY,01 NOT AT INTERSECTION,01 PAVED,30,"March 1, 2020",14 URBAN PRIN ART OTHER,32,CURB&GUTTER,2,,0,,0,5,67000,RCI,6.9,0D3000,45,1 NO INJURY,31 Q/C COMPLETED - LOC VERIFIED,0 NO,01 NOT AT INTERSECTION/RRX/BRIDGE,01 DAYLIGHT,01 CLEAR,01 DRY,01 LEVEL,1 STRAIGHT,"TWO-WAY, DIVIDED, POSITIVE MED",,NO CONTROLS,NOT CODED,6,NONE,NOT CODED,NOT CODED,NONE,NOT CODED,NOT CODED,30 CONCRETE TRAFFIC BARRIER,77 OTHER (SEE NARRATIVE),77 OTHER (SEE NARRATIVE),OTHER CONTRIBUTING ACTION,NOT CODED,00 NOT CODED,00 NOT CODED,00 NOT CODED,00 NOT CODED,01 NO,0,0,0,0,1,0,1,1,N,N,N,N,Y,N,N,N,N,N,N,N,N,N,N,N,N,N,N,N,N,N,N,N,N,N,28.433999758,-81.404711359,460368.143465,3145346.917662,C,,ARBM15Q1R2,"June 10, 2023",2827843,-9061931.363031594,3303802.9142893315
2020882791700,2020,882791700,FHPK20OFF042027,FLORIDA HIGHWAY PATROL,08 TURNPIKE,ORANGE,"September 16, 2020",1734,THURSDAY,7546 ORLANDO,0746,N,SR 528,MILE MARKER #4,0,,28.4344846,-81.4012646,0,0,75471128,0.384,03283,SR 528,,R RIGHT,X RAMP,N NORTH,08 RAMP RURAL,06 TURNPIKE/TOLL,01 NON-JUNCTION,02 OFF ROADWAY,01 NOT AT INTERSECTION,01 PAVED,0,"December 31, 2000",,16,PAVED,4,LAWN,8,,0,,5300,RCI,14.7,,,1 NO INJURY,31 Q/C COMPLETED - LOC VERIFIED,0 NO,07 ENTRANCE RAMP,01 DAYLIGHT,03 RAIN,02 WET,03 UPHILL,1 STRAIGHT,ONE-WAY TRAFFICWAY,,NO CONTROLS,NOT CODED,1,"RD SURFC (WET, ICY, SNOW, ETC)",NOT CODED,NOT CODED,WEATHER CONDITIONS,NOT CODED,NOT CODED,27 GUARDRAIL FACE,77 OTHER (SEE NARRATIVE),15 NEGOTIATING A CURVE,OPERATED MV IN CARLESS OR NEGL,NOT CODED,00 NOT CODED,00 NOT CODED,00 NOT CODED,00 NOT CODED,01 NO,0,0,0,0,1,0,1,3,N,N,N,N,Y,N,N,N,N,N,N,N,N,N,N,N,N,N,N,N,N,N,N,N,N,N,28.424167375,-81.419357573,458930.085492,3144262.56105,O,,ARBM15Q1R2,"June 10, 2023",2828391,-9063561.77267065,3302558.2845120416
2020883033050,2020,883033050,FHPD20OFF044347,FLORIDA HIGHWAY PATROL,05 FIFTH,ORANGE,"July 1, 2020",0045,THURSDAY,7540 MAITLAND,0740,N,I 4,SR 423,1,N,28.62013,-81.38652,28.6202732,-81.3865154,75280000,23.285,00406,SR 400,I 4,R RIGHT,2 THRU LANE 2,E EAST,01 INTERSTATE URBAN,01 INTERSTATE,01 NON-JUNCTION,01 ON ROADWAY,01 NOT AT INTERSECTION,01 PAVED,27,"September 16, 2014",11 URBAN PRIN ART INT.,48,PAVED WARN,10,LAWN,2,,0,16,172500,RCI,6.8,,55,2 POSSIBLE INJURY,31 Q/C COMPLETED - LOC VERIFIED,0 NO,01 NOT AT INTERSECTION/RRX/BRIDGE,04 DARK-LIGHTED,01 CLEAR,01 DRY,01 LEVEL,1 STRAIGHT,"TWO-WAY, DIVIDED, POSITIVE MED","TWO-WAY, DIVIDED, POSITIVE MED",NO CONTROLS,NO CONTROLS,8,NONE,NOT CODED,NOT CODED,NONE,NOT CODED,NOT CODED,14 MOTOR VEHICLE IN TRANSPORT,01 FRONT TO REAR,01 STRAIGHT AHEAD,EXCEEDED POSTED SPEED,NO CONTRIBUTING ACTION,00 NOT CODED,00 NOT CODED,00 NOT CODED,00 NOT CODED,01 NO,3,0,0,0,2,0,2,3,N,N,N,N,Y,Y,N,N,N,N,Y,Y,N,N,N,N,N,N,N,N,N,N,N,N,N,N,28.620289183,-81.386516887,462216.365769,3165979.143853,R,,ARBM15Q1R2,"June 10, 2023",2828403,-9059905.963786475,3327406.235536673
2020883033090,2020,883033090,FHPD20OFF046013,FLORIDA HIGHWAY PATROL,05 FIFTH,ORANGE,"July 7, 2020",2250,WEDNESDAY,7546 ORLANDO,0746,N,I 4,SR 535,1,N,28.37471,-81.5069299,28.388821,-81.4942666,75280000,3.651,00330,SR 400,I 4,L LEFT,1 THRU LANE 1,W WEST,01 INTERSTATE URBAN,01 INTERSTATE,01 NON-JUNCTION,01 ON ROADWAY,01 NOT AT INTERSECTION,01 PAVED,35,"March 2, 2020",11 URBAN PRIN ART INT.,48,PAVED WARN,10,LAWN,12,,0,64,224000,RCI,6.8,,60,2 POSSIBLE INJURY,31 Q/C COMPLETED - LOC VERIFIED,0 NO,01 NOT AT INTERSECTION/RRX/BRIDGE,04 DARK-LIGHTED,01 CLEAR,01 DRY,01 LEVEL,1 STRAIGHT,"TWO-WAY, DIVIDED, POSITIVE MED","TWO-WAY, DIVIDED, POSITIVE MED",NO CONTROLS,NO CONTROLS,8,NONE,NOT CODED,NOT CODED,NONE,NOT CODED,NOT CODED,14 MOTOR VEHICLE IN TRANSPORT,01 FRONT TO REAR,01 STRAIGHT AHEAD,NOT CODED,NO CONTRIBUTING ACTION,00 NOT CODED,00 NOT CODED,00 NOT CODED,00 NOT CODED,01 NO,5,0,0,0,3,0,5,5,N,N,N,N,Y,N,N,N,N,N,N,N,N,N,N,N,N,N,N,N,N,N,N,N,N,N,28.388796971,-81.494697345,451535.472846,3140372.102448,L,,ARBM15Q1R2,"June 10, 2023",2828406,-9071948.56007697,3298081.8856917303