Crash Id,Calendar Year,FDOT Crash Number,Reporting Agency Case Number,Reporting Agency Type,FDOT Managing District,County Name,Crash Date,Crash Time,Day,DHSMV City,Crash Report City Code,In Town,On Roadway Name,Int Roadway Name,Reference Distance (Miles),Reference Direction,Officer Latitude,Officer Longitude,FDOT Latitude,FDOT Longitude,FDOT Roadway,Nearest Inventory MP,Nearest Node From Crash,State Road #,US Highway,Crash Side of Road,Accident Lane Number,Travel Direction Vehicle 1,FDOT Road Category,DHSMV Road System Id,Relation to Junction,Crash Harmful Event Location,Intersection Type,Shoulder Type,FDOT Roadway SKID Test Result,FDOT Roadway SKID Test Date,Functional Class,RCI Surface Width,RCI Shoulder Type First,RCI Shoulder Width First,RCI Shoulder Type Second,RCI Shoulder Width Second,RCI Shoulder Type Third,RCI Shoulder Width Third,RCI Median Width,Avg Daily Traffic,AADT Source,RCI Avg Per Truck Traffic,RCI Horiz Curve Condition,Posted Speed Limit,Highest Injury in Crash,CAR Status Code,Alcohols/Drug Involved,Site Location,Lighting,Weather,Road Surface,Roadway Grade,Roadway Alignment,Traffic Way Vehicle 1,Traffic Way Vehicle 2,Traffic Control Vehicle 1,Traffic Control Vehicle 2,Count of Lanes,Road Condition 1,Road Condition 2,Road Condition 3,Environment Condition 1,Environment Condition 2,Environment Condition 3,Crash Harmful Event,Manner of Collision,Vehicle Movement,Driver Action Vehicle 1,Driver Action Vehicle 2,Location Within Workzone,Type of Workzone,Workers Present in Workzone,Law Enforcement Present in Workzone,School Bus Related,Count of Nonfatal Injuries,Count of Traffic Fatalities,Count of Serious Injuries,Count of Pedestrians,Count of Drivers,Count of Bicyclists,Count of Vehicles,Count of Persons,Wrong Way,Workzone Inv,Commercial Vehicle Inv,Intersection Inv,Lane Departure,Speeding,Agressive Driving,Impaired Driver,Impaired Pedestrian,Impaired Bicyclist,Distracted Driver,Speeding or Aggressive Driving,Pedestrian Related,Bicyclist Related,Pedestrian or Bicyclist Related,Motorcycle Inv,No Belt,No Belt - Ages 1-4,No Belt - Ages 5-12,No Belt - Ages 13-17,Driver - Ages Teen,Driver - Ages 65 plus,Driver - Ages 65-69,Driver - Ages 70-74,Driver - Ages 75-79,Driver - Ages 80 plus,ARBM Latitude,ARBM Longitude,UTM Zone 17N X,UTM Zone 17N Y,ARBM Side of Road,Urban Rural Indicator,GIS Street Source,Extract Date,OBJECTID,x,y
2020240636140,2020,240636140,2020-00222123,COUNTY SHERIFF'S OFFICE,05 FIFTH,ORANGE,"July 19, 2020",2205,MONDAY,7546 ORLANDO,0746,Y,SR 408,ROSALIND AVE EXIT,0.189,E,0,0,28.5371206,-81.3646104,75008000,6.339,01166,SR 408,,L LEFT,2 THRU LANE 2,W WEST,03 TOLL ROAD URBAN,01 INTERSTATE,01 NON-JUNCTION,01 ON ROADWAY,01 NOT AT INTERSECTION,01 PAVED,37,"March 2, 2020",12 URBAN PRIN ART EXPR.,48,PAVED WARN,8,,0,,0,35,159500,RCI,4.5,1D3000,55,2 POSSIBLE INJURY,31 Q/C COMPLETED - LOC VERIFIED,0 NO,01 NOT AT INTERSECTION/RRX/BRIDGE,04 DARK-LIGHTED,01 CLEAR,01 DRY,01 LEVEL,1 STRAIGHT,"TWO-WAY, DIVIDED, POSITIVE MED","TWO-WAY, DIVIDED, POSITIVE MED",NO CONTROLS,NO CONTROLS,9,NONE,NOT CODED,NOT CODED,NONE,NOT CODED,NOT CODED,14 MOTOR VEHICLE IN TRANSPORT,01 FRONT TO REAR,14 SLOWING,FOLLOWED TOO CLOSELY,NO CONTRIBUTING ACTION,04 ACTIVITY AREA,03 WORK ON SHOULDER OR MEDIAN,02 YES,01 NO,01 NO,1,0,0,0,2,0,2,2,N,Y,N,N,N,N,N,N,N,N,N,N,N,N,N,N,N,N,N,N,N,N,N,N,N,N,28.537364657,-81.364641896,464326.7843,3156785.5743,L,,ARBM15Q1R2,"June 10, 2023",2838914,-9057470.849944497,3316894.3448932082
2020240636180,2020,240636180,2020-00216504,COUNTY SHERIFF'S OFFICE,05 FIFTH,ORANGE,"July 10, 2020",1733,SATURDAY,7546 ORLANDO,0746,Y,KIRKMAN RD,MAJOR BLVD,0,,0,0,28.4775475,-81.4587991,75270000,1.955,00119,SR 435,,R RIGHT,1 THRU LANE 1,N NORTH,33 SUBURBAN 6+LN 2WY DIVD RASD,03 STATE,03 INTERSECTION-RELATED,01 ON ROADWAY,01 NOT AT INTERSECTION,01 PAVED,36,"March 3, 2020",14 URBAN PRIN ART OTHER,36,PAVED,5,LAWN,6,,0,40,48000,RCI,6.1,,50,1 NO INJURY,31 Q/C COMPLETED - LOC VERIFIED,0 NO,02 AT INTERSECTION,01 DAYLIGHT,02 CLOUDY,01 DRY,01 LEVEL,1 STRAIGHT,"TWO-WAY, DIVIDED, POSITIVE MED","TWO-WAY, DIVIDED, POSITIVE MED",TRAFFIC CONTROL SIGNAL,TRAFFIC CONTROL SIGNAL,6,NONE,NOT CODED,NOT CODED,NONE,NOT CODED,NOT CODED,14 MOTOR VEHICLE IN TRANSPORT,01 FRONT TO REAR,01 STRAIGHT AHEAD,FOLLOWED TOO CLOSELY,NO CONTRIBUTING ACTION,00 NOT CODED,00 NOT CODED,00 NOT CODED,00 NOT CODED,01 NO,0,0,0,0,3,0,3,3,N,N,N,Y,N,N,N,N,N,N,N,N,N,N,N,N,N,N,N,N,N,N,N,N,N,N,28.477927038,-81.458675719,455102.121934,3150232.336679,R,,ARBM15Q1R2,"June 10, 2023",2838915,-9067938.650163123,3309364.8514153427
2020240647980,2020,240647980,2020-00305003,COUNTY SHERIFF'S OFFICE,05 FIFTH,ORANGE,"September 27, 2020",1605,MONDAY,7546 ORLANDO,0746,Y,SEMORAN BLVD,LAKE MARGARET DR,0.005,S,0,0,28.5059701,-81.3102647,75003000,3.783,02621,SR 436,,L LEFT,3 THRU LANE 3,0,30 URBAN 6+LN 2WY DIVD RASD,03 STATE,01 NON-JUNCTION,01 ON ROADWAY,01 NOT AT INTERSECTION,03 CURB,38,"March 2, 2020",14 URBAN PRIN ART OTHER,36,PAVED,4,CURB&GUTTER,2,,0,32,65000,RCI,5.2,,50,1 NO INJURY,31 Q/C COMPLETED - LOC VERIFIED,0 NO,01 NOT AT INTERSECTION/RRX/BRIDGE,01 DAYLIGHT,03 RAIN,02 WET,00 NOT CODED,0 NOT CODED,NOT CODED,"TWO-WAY, DIVIDED, POSITIVE MED",NOT CODED,NO CONTROLS,6,NONE,NOT CODED,NOT CODED,NONE,NOT CODED,NOT CODED,14 MOTOR VEHICLE IN TRANSPORT,01 FRONT TO REAR,00 NOT CODED,NOT CODED,NO CONTRIBUTING ACTION,00 NOT CODED,00 NOT CODED,00 NOT CODED,00 NOT CODED,01 NO,0,0,0,0,2,0,3,2,N,N,N,N,N,N,N,N,N,N,N,N,N,N,N,N,N,N,N,N,N,N,N,N,N,N,28.505962732,-81.310368181,469627.458996,3153291.786352,L,,ARBM15Q1R2,"June 10, 2023",2838929,-9051429.12575056,3312915.8547579404
2020240650300,2020,240650300,2020-00301016,COUNTY SHERIFF'S OFFICE,05 FIFTH,ORANGE,"September 24, 2020",0035,FRIDAY,7546 ORLANDO,0746,Y,I 4,FL TPK,0,,0,0,28.4823138,-81.4448544,75280000,11.264,00463,SR 400,I 4,L LEFT,4 THRU LANE 4,W WEST,01 INTERSTATE URBAN,01 INTERSTATE,77 OTHER (SEE NARRATIVE),03 SHOULDER,01 NOT AT INTERSECTION,01 PAVED,31,"September 16, 2014",11 URBAN PRIN ART INT.,36,PAVED WARN,10,LAWN,12,,0,64,178000,RCI,5.6,,55,2 POSSIBLE INJURY,31 Q/C COMPLETED - LOC VERIFIED,0 NO,01 NOT AT INTERSECTION/RRX/BRIDGE,04 DARK-LIGHTED,01 CLEAR,01 DRY,01 LEVEL,1 STRAIGHT,"TWO-WAY, DIVIDED, POSITIVE MED","TWO-WAY, DIVIDED, POSITIVE MED",NO CONTROLS,NO CONTROLS,6,WORK ZONE (CONST/MNT/UTLTY)NTE,OTHER (SEE NARRATIVE),NOT CODED,NONE,NOT CODED,NOT CODED,14 MOTOR VEHICLE IN TRANSPORT,03 ANGLE,77 OTHER (SEE NARRATIVE),SWERVED OR AVOIDED:  DUE TO WI,NO CONTRIBUTING ACTION,04 ACTIVITY AREA,01 LANE CLOSURE,02 YES,02 OFFICER PRESENT,01 NO,1,0,0,0,2,0,3,2,N,Y,Y,N,Y,N,N,N,N,N,N,N,N,N,N,Y,N,N,N,N,N,N,N,N,N,N,28.48247293,-81.445066258,456436.17648,3150730.942437,L,,ARBM15Q1R2,"June 10, 2023",2838930,-9066423.651429562,3309940.570408815
2020240650630,2020,240650630,2020-00282306,COUNTY SHERIFF'S OFFICE,05 FIFTH,ORANGE,"September 8, 2020",0610,WEDNESDAY,7546 ORLANDO,0746,Y,COLONIAL DR W,WESTMORELAND DR N,0.047,E,0,0,28.5529857,-81.3925564,75060000,0.186,05163,SR 50,US 17,M MEDIAN,T CONTIN. TURN,W WEST,20 URBAN 4-5LN 2WY DIVD RASD,03 STATE,01 NON-JUNCTION,01 ON ROADWAY,01 NOT AT INTERSECTION,03 CURB,37,"September 9, 2019",14 URBAN PRIN ART OTHER,22,PAVED,6,CURB&GUTTER,2,,0,12,36000,RCI,4.8,,40,3 NO-INCAPACITATING INJURY,31 Q/C COMPLETED - LOC VERIFIED,0 NO,03 INFLUENCED BY INTERSECTION,04 DARK-LIGHTED,01 CLEAR,01 DRY,01 LEVEL,1 STRAIGHT,,"TWO-WAY, DIVIDED, UNPROTECTED",NOT CODED,NO CONTROLS,4,NONE,NOT CODED,NOT CODED,NONE,NOT CODED,NOT CODED,10 PEDESTRIAN,77 OTHER (SEE NARRATIVE),14 SLOWING,NOT CODED,NO CONTRIBUTING ACTION,00 NOT CODED,00 NOT CODED,00 NOT CODED,00 NOT CODED,01 NO,1,0,0,1,1,0,1,2,N,N,N,Y,N,N,N,N,N,N,N,N,Y,N,Y,N,N,N,N,N,N,N,N,N,N,N,28.552998936,-81.392560918,461601.09166,3158526.246334,C,,ARBM15Q1R2,"June 10, 2023",2838934,-9060578.782237342,3318875.583407743
2020240650770,2020,240650770,2020-00295225,COUNTY SHERIFF'S OFFICE,05 FIFTH,ORANGE,"September 19, 2020",0303,SUNDAY,7546 ORLANDO,0746,Y,I 4,ANDERSON ST W,0.002,N,0,0,0,0,75280173,0.002,04513,SR 400,I 4,R RIGHT,X RAMP,E EAST,08 RAMP RURAL,01 INTERSTATE,01 NON-JUNCTION,01 ON ROADWAY,01 NOT AT INTERSECTION,01 PAVED,0,"December 31, 2000",,12,PAVED,8,,0,,0,,6800,RCI,3.8,,,0 UNKNOWN/NOT CODED,31 Q/C COMPLETED - LOC VERIFIED,0 NO,07 ENTRANCE RAMP,04 DARK-LIGHTED,03 RAIN,02 WET,01 LEVEL,1 STRAIGHT,ONE-WAY TRAFFICWAY,,NO CONTROLS,NOT CODED,1,OTHER (SEE NARRATIVE),NOT CODED,NOT CODED,WEATHER CONDITIONS,NOT CODED,NOT CODED,30 CONCRETE TRAFFIC BARRIER,77 OTHER (SEE NARRATIVE),77 OTHER (SEE NARRATIVE),NOT CODED,NOT CODED,00 NOT CODED,00 NOT CODED,00 NOT CODED,00 NOT CODED,01 NO,0,0,0,0,0,0,1,0,N,N,N,N,Y,N,N,N,N,N,N,N,N,N,N,N,N,N,N,N,N,N,N,N,N,N,28.536246657,-81.382061691,462622.18334,3156667.02172,O,,ARBM15Q1R2,"June 10, 2023",2838935,-9059410.013315313,3316752.678586313
2020240650790,2020,240650790,2020-00246472,COUNTY SHERIFF'S OFFICE,05 FIFTH,ORANGE,"August 7, 2020",2220,SATURDAY,7546 ORLANDO,0746,Y,SAND LAKE RD W,UNIVERSAL BLVD,0,,0,0,28.4499703,-81.465621,75002000,0.665,06456,SR 482,,I INTERSECTION,M MIDDLE,U UNNWN,20 URBAN 4-5LN 2WY DIVD RASD,05 LOCAL,02 INTERSECTION,01 ON ROADWAY,02 FOUR-WAY INTERSECTION,03 CURB,34,"May 19, 2015",16 URBAN MINOR ART,24,PAVED,5,CURB&GUTTER,2,,0,40,47500,RCI,2.6,,40,4 INCAPACITATING INJURY,31 Q/C COMPLETED - LOC VERIFIED,0 NO,02 AT INTERSECTION,05 DARK-NOT LIGHTED,01 CLEAR,01 DRY,01 LEVEL,1 STRAIGHT,"TWO-WAY, DIVIDED, POSITIVE MED","TWO-WAY, DIVIDED, POSITIVE MED",TRAFFIC CONTROL SIGNAL,TRAFFIC CONTROL SIGNAL,4,NONE,NOT CODED,NOT CODED,NONE,NOT CODED,NOT CODED,14 MOTOR VEHICLE IN TRANSPORT,03 ANGLE,88 UNKNOWN,OPERATED MV IN CARLESS OR NEGL,NO CONTRIBUTING ACTION,04 ACTIVITY AREA,03 WORK ON SHOULDER OR MEDIAN,01 NO,01 NO,01 NO,3,0,2,0,2,0,2,3,N,Y,N,Y,N,N,N,N,N,N,N,N,N,N,N,N,N,N,N,N,N,N,N,N,N,N,28.449984681,-81.465626869,454409.7041,3147139.3694,R,,ARBM15Q1R2,"June 10, 2023",2838936,-9068712.448713016,3305826.6084794803
2020240653410,2020,240653410,2020-00301380,COUNTY SHERIFF'S OFFICE,05 FIFTH,ORANGE,"September 24, 2020",1002,FRIDAY,7546 ORLANDO,0746,Y,SEMORAN BLVD S,ANDORA ST,0.057,S,0,0,28.5344754,-81.310504,75003000,5.744,02992,SR 436,,L LEFT,1 THRU LANE 1,S SOUTH,30 URBAN 6+LN 2WY DIVD RASD,03 STATE,01 NON-JUNCTION,01 ON ROADWAY,01 NOT AT INTERSECTION,02 UNPAVED,36,"March 2, 2020",14 URBAN PRIN ART OTHER,33,CURB&GUTTER,2,,0,,0,16,56000,RCI,5.2,,45,1 NO INJURY,31 Q/C COMPLETED - LOC VERIFIED,0 NO,01 NOT AT INTERSECTION/RRX/BRIDGE,01 DAYLIGHT,01 CLEAR,01 DRY,01 LEVEL,1 STRAIGHT,"TWO-WAY, DIVIDED, POSITIVE MED","TWO-WAY, DIVIDED, POSITIVE MED",NO CONTROLS,NO CONTROLS,6,NONE,NOT CODED,NOT CODED,NONE,NOT CODED,NOT CODED,14 MOTOR VEHICLE IN TRANSPORT,"04 SIDESWIPE, SAME DIRECTION",06 CHANGING LANES,IMPROPER TURN,NO CONTRIBUTING ACTION,00 NOT CODED,00 NOT CODED,00 NOT CODED,00 NOT CODED,01 NO,0,0,0,0,2,0,2,2,N,N,N,N,Y,N,N,N,N,N,N,N,N,N,N,N,N,N,N,N,N,N,N,N,N,N,28.534487736,-81.310581598,469614.753001,3156451.967196,L,,ARBM15Q1R2,"June 10, 2023",2838937,-9051452.883437956,3316529.8019862985
2020240641650,2020,240641650,2020-00234141,COUNTY SHERIFF'S OFFICE,05 FIFTH,ORANGE,"July 27, 2020",1225,TUESDAY,7546 ORLANDO,0746,Y,SR 438,NICHOLS ST *,0.004,W,0,0,28.5718864,-81.4023806,75250002,0.97,02318,SR 438,,L LEFT,1 THRU LANE 1,0,40 URBAN ONE WAY,03 STATE,04 DRIVEWAY/ALLEY ACCESS RELATED,01 ON ROADWAY,01 NOT AT INTERSECTION,03 CURB,35,"June 11, 1991",16 URBAN MINOR ART,22,PAVED,4,PAVED WARN,8,CURB&GUTTER,2,,7300,RCI,2,,30,1 NO INJURY,31 Q/C COMPLETED - LOC VERIFIED,0 NO,04 DRIVEWAY ACCESS,01 DAYLIGHT,01 CLEAR,01 DRY,00 NOT CODED,0 NOT CODED,NOT CODED,ONE-WAY TRAFFICWAY,NOT CODED,NO CONTROLS,2,NONE,NOT CODED,NOT CODED,NONE,NOT CODED,NOT CODED,14 MOTOR VEHICLE IN TRANSPORT,03 ANGLE,00 NOT CODED,NOT CODED,NO CONTRIBUTING ACTION,00 NOT CODED,00 NOT CODED,00 NOT CODED,00 NOT CODED,01 NO,0,0,0,0,1,0,2,2,N,N,N,N,N,N,N,N,N,N,N,N,N,N,N,N,N,N,N,N,N,N,N,N,N,N,28.571874649,-81.402831518,460603.47888,3160620.739478,O,,ARBM15Q1R2,"June 10, 2023",2838938,-9061722.10058333,3321267.9818979707
2020240641670,2020,240641670,2020-00235014,COUNTY SHERIFF'S OFFICE,05 FIFTH,ORANGE,"July 28, 2020",0859,WEDNESDAY,7546 ORLANDO,0746,Y,SR 408,I 4,0,,0,0,28.5353967,-81.3867065,75280177,0.897,04838,SR 400,I 4,L LEFT,X RAMP,W WEST,08 RAMP RURAL,03 STATE,14 ENTRANCE/EXIT RAMP,01 ON ROADWAY,01 NOT AT INTERSECTION,01 PAVED,0,"December 31, 2000",,14,PAVED,5,VALLEY GUTR,3,,0,,22500,RCI,4.5,,,1 NO INJURY,31 Q/C COMPLETED - LOC VERIFIED,0 NO,07 ENTRANCE RAMP,01 DAYLIGHT,02 CLOUDY,01 DRY,01 LEVEL,1 STRAIGHT,"TWO-WAY, DIVIDED, POSITIVE MED","TWO-WAY, DIVIDED, POSITIVE MED",NO CONTROLS,NO CONTROLS,1,NONE,NOT CODED,NOT CODED,NONE,NOT CODED,NOT CODED,14 MOTOR VEHICLE IN TRANSPORT,01 FRONT TO REAR,01 STRAIGHT AHEAD,FOLLOWED TOO CLOSELY,NO CONTRIBUTING ACTION,00 NOT CODED,00 NOT CODED,00 NOT CODED,00 NOT CODED,01 NO,0,0,0,0,3,0,3,3,N,N,Y,N,N,N,N,N,N,N,N,N,N,N,N,N,N,N,N,N,N,N,N,N,N,N,28.535422029,-81.386717844,462166.3648,3156577.1251,O,,ARBM15Q1R2,"June 10, 2023",2838939,-9059928.33396495,3316648.187702251
2020240641750,2020,240641750,2020-00244074,COUNTY SHERIFF'S OFFICE,05 FIFTH,ORANGE,"August 5, 2020",1740,THURSDAY,7546 ORLANDO,0746,Y,MILLS AVE S,SOUTH ST,0.02,S,0,0,0,0,75080102,0.106,00252,SR 15,,L LEFT,1 THRU LANE 1,N NORTH,21 URBAN 4-5LN 2WY DIVD PAVD,03 STATE,01 NON-JUNCTION,01 ON ROADWAY,01 NOT AT INTERSECTION,01 PAVED,41,"January 30, 2018",17 URBAN MAJOR COLLECTOR,24,CURB&GUTTER,2,,0,,0,18,12400,RCI,10.1,,30,3 NO-INCAPACITATING INJURY,31 Q/C COMPLETED - LOC VERIFIED,0 NO,04 DRIVEWAY ACCESS,01 DAYLIGHT,01 CLEAR,01 DRY,01 LEVEL,1 STRAIGHT,"TWO-WAY, NOT DIVIDED","TWO-WAY, NOT DIVIDED",NO CONTROLS,NO CONTROLS,4,NONE,NOT CODED,NOT CODED,NONE,NOT CODED,NOT CODED,14 MOTOR VEHICLE IN TRANSPORT,03 ANGLE,03 TURNING LEFT,FAILED TO YIELD RIGHT-OF-WAY,NO CONTRIBUTING ACTION,00 NOT CODED,00 NOT CODED,00 NOT CODED,00 NOT CODED,01 NO,1,0,0,0,2,0,2,2,N,N,N,N,N,N,N,N,N,N,N,N,N,N,N,N,N,N,N,N,N,N,N,N,N,N,28.538285792,-81.364268618,464363.612602,3156887.511266,C,,ARBM15Q1R2,"June 10, 2023",2838940,-9057429.296839867,3317011.066638125
2020240647430,2020,240647430,2020-00247819,COUNTY SHERIFF'S OFFICE,05 FIFTH,ORANGE,"August 9, 2020",0215,MONDAY,7546 ORLANDO,0746,Y,SEMORAN BLVD S,CURRY FORD RD,0.009,N,0,0,0,0,75003000,5.018,00854,SR 436,,R RIGHT,S SIDE OF ROAD,N NORTH,30 URBAN 6+LN 2WY DIVD RASD,05 LOCAL,02 INTERSECTION,01 ON ROADWAY,02 FOUR-WAY INTERSECTION,01 PAVED,36,"March 2, 2020",14 URBAN PRIN ART OTHER,33,CURB&GUTTER,2,,0,,0,23,61000,RCI,7.3,,45,2 POSSIBLE INJURY,31 Q/C COMPLETED - LOC VERIFIED,0 NO,04 DRIVEWAY ACCESS,04 DARK-LIGHTED,01 CLEAR,01 DRY,01 LEVEL,1 STRAIGHT,"TWO-WAY, DIVIDED, POSITIVE MED",,NO CONTROLS,NOT CODED,6,NONE,NOT CODED,NOT CODED,NONE,NOT CODED,NOT CODED,14 MOTOR VEHICLE IN TRANSPORT,03 ANGLE,01 STRAIGHT AHEAD,NO CONTRIBUTING ACTION,NOT CODED,00 NOT CODED,00 NOT CODED,00 NOT CODED,00 NOT CODED,01 NO,1,0,0,0,1,0,1,1,N,N,N,N,N,N,N,N,N,N,N,N,N,N,N,N,N,N,N,N,Y,N,N,N,N,N,28.52388852,-81.310303083,469638.963911,3155277.666834,R,,ARBM15Q1R2,"June 10, 2023",2839446,-9051421.879225565,3315186.8305428294
2020240649660,2020,240649660,2020-00245956,COUNTY SHERIFF'S OFFICE,05 FIFTH,ORANGE,"August 7, 2020",2352,SATURDAY,7546 ORLANDO,0746,Y,MICHIGAN ST,SEMORAN BLVD S,0,,0,0,28.5149089,-81.3103101,75003000,4.398,02572,SR 436,,T SIDE RD LEFT,L LEFT TURN,E EAST,30 URBAN 6+LN 2WY DIVD RASD,03 STATE,02 INTERSECTION,01 ON ROADWAY,03 T-INTERSECTION,01 PAVED,38,"March 2, 2020",14 URBAN PRIN ART OTHER,36,PAVED,4,CURB&GUTTER,2,,0,32,65000,RCI,5.2,,50,2 POSSIBLE INJURY,31 Q/C COMPLETED - LOC VERIFIED,0 NO,02 AT INTERSECTION,01 DAYLIGHT,01 CLEAR,01 DRY,01 LEVEL,1 STRAIGHT,"TWO-WAY, NOT DIVIDED",,TRAFFIC CONTROL SIGNAL,NOT CODED,6,NONE,NONE,NONE,NONE,NONE,NONE,11 PEDALCYCLE,03 ANGLE,03 TURNING LEFT,NO CONTRIBUTING ACTION,NOT CODED,00 NOT CODED,00 NOT CODED,00 NOT CODED,00 NOT CODED,01 NO,1,0,0,0,1,1,1,3,N,N,N,Y,N,N,N,N,N,N,N,N,N,Y,Y,N,N,N,N,N,N,N,N,N,N,N,28.51490844,-81.310436912,469623.295963,3154282.847582,L,,ARBM15Q1R2,"June 10, 2023",2839447,-9051436.776902132,3314049.11710147
2020240649670,2020,240649670,2020-00262087,COUNTY SHERIFF'S OFFICE,05 FIFTH,ORANGE,"August 21, 2020",1415,SATURDAY,7546 ORLANDO,0746,Y,ANDERSON ST,CRYSTAL LAKE DR,0.002,W,0,0,0,0,75080101,2.07,01853,SR 15,,R RIGHT,R RIGHT TURN,E EAST,40 URBAN ONE WAY,05 LOCAL,01 NON-JUNCTION,01 ON ROADWAY,01 NOT AT INTERSECTION,01 PAVED,35,"January 30, 2018",16 URBAN MINOR ART,22,CURB&GUTTER,2,,0,,0,,17000,RCI,10.1,,30,2 POSSIBLE INJURY,31 Q/C COMPLETED - LOC VERIFIED,0 NO,03 INFLUENCED BY INTERSECTION,01 DAYLIGHT,01 CLEAR,01 DRY,01 LEVEL,1 STRAIGHT,ONE-WAY TRAFFICWAY,ONE-WAY TRAFFICWAY,NO CONTROLS,NO CONTROLS,2,NONE,NOT CODED,NOT CODED,NONE,NOT CODED,NOT CODED,14 MOTOR VEHICLE IN TRANSPORT,01 FRONT TO REAR,01 STRAIGHT AHEAD,OPERATED MV IN CARLESS OR NEGL,NO CONTRIBUTING ACTION,00 NOT CODED,00 NOT CODED,00 NOT CODED,00 NOT CODED,01 NO,1,0,0,0,3,0,3,3,N,N,N,Y,N,N,N,N,N,N,Y,N,N,N,N,N,N,N,N,N,Y,N,N,N,N,N,28.537974656,-81.34361302,466384.263978,3156847.078329,O,,ARBM15Q1R2,"June 10, 2023",2839448,-9055129.925524099,3316971.6409235946
2020240649690,2020,240649690,2020-00256288,COUNTY SHERIFF'S OFFICE,05 FIFTH,ORANGE,"August 16, 2020",1448,MONDAY,7546 ORLANDO,0746,Y,I 4,MINNESOTA AVE,0,,0,0,28.5900566,-81.3784366,75280000,21.025,01413,SR 400,I 4,L LEFT,3 THRU LANE 3,S SOUTH,01 INTERSTATE URBAN,03 STATE,01 NON-JUNCTION,01 ON ROADWAY,01 NOT AT INTERSECTION,01 PAVED,25,"September 16, 2014",11 URBAN PRIN ART INT.,48,PAVED,10,LAWN,2,,0,12,162500,RCI,6.8,,50,1 NO INJURY,31 Q/C COMPLETED - LOC VERIFIED,0 NO,01 NOT AT INTERSECTION/RRX/BRIDGE,01 DAYLIGHT,03 RAIN,02 WET,01 LEVEL,1 STRAIGHT,"TWO-WAY, DIVIDED, POSITIVE MED","TWO-WAY, DIVIDED, POSITIVE MED",NO CONTROLS,NO CONTROLS,8,"RD SURFC (WET, ICY, SNOW, ETC)",NOT CODED,NOT CODED,NONE,NOT CODED,NOT CODED,14 MOTOR VEHICLE IN TRANSPORT,01 FRONT TO REAR,01 STRAIGHT AHEAD,OTHER CONTRIBUTING ACTION,NO CONTRIBUTING ACTION,00 NOT CODED,00 NOT CODED,00 NOT CODED,00 NOT CODED,01 NO,0,0,0,0,2,0,2,2,N,N,N,N,N,N,N,N,N,N,N,N,N,N,N,N,N,N,N,N,N,N,N,N,N,N,28.590096537,-81.378696486,462970.263654,3162631.767972,L,,ARBM15Q1R2,"June 10, 2023",2839449,-9059035.40034765,3323577.9186100243
2020240649700,2020,240649700,2020-00249794,COUNTY SHERIFF'S OFFICE,05 FIFTH,ORANGE,"August 10, 2020",1900,TUESDAY,7546 ORLANDO,0746,Y,US 441,COLONIAL DR,0.009,N,0,0,28.5530937,-81.3956049,75020000,0.009,05075,SR 500,US 441,L LEFT,L LEFT TURN,S SOUTH,21 URBAN 4-5LN 2WY DIVD PAVD,02 U.S.,01 NON-JUNCTION,01 ON ROADWAY,01 NOT AT INTERSECTION,03 CURB,30,"January 22, 2020",14 URBAN PRIN ART OTHER,22,CURB&GUTTER,2,,0,,0,12,32000,RCI,4.6,,35,2 POSSIBLE INJURY,31 Q/C COMPLETED - LOC VERIFIED,0 NO,03 INFLUENCED BY INTERSECTION,01 DAYLIGHT,03 RAIN,02 WET,01 LEVEL,1 STRAIGHT,"TWO-WAY, NOT DIV, W/CONT LTURN","TWO-WAY, NOT DIV, W/CONT LTURN",NO CONTROLS,NO CONTROLS,4,NONE,NOT CODED,NOT CODED,NONE,NOT CODED,NOT CODED,32 TREE (STANDING),01 FRONT TO REAR,01 STRAIGHT AHEAD,OPERATED MV IN CARLESS OR NEGL,NO CONTRIBUTING ACTION,00 NOT CODED,00 NOT CODED,00 NOT CODED,00 NOT CODED,01 NO,1,0,0,0,3,0,3,4,N,N,N,Y,N,N,N,N,N,N,N,N,N,N,N,N,N,N,N,N,N,N,N,N,N,N,28.553095468,-81.395596886,461304.156826,3158537.917002,C,,ARBM15Q1R2,"June 10, 2023",2839450,-9060916.744821291,3318887.8172947844
2020240663210,2020,240663210,2020-00283730,COUNTY SHERIFF'S OFFICE,05 FIFTH,ORANGE,"September 9, 2020",0800,THURSDAY,7546 ORLANDO,0746,Y,SR 408,CRYSTAL LAKE DR,0.038,E,0,0,28.5382014,-81.3430359,75008000,7.659,01785,SR 408,,L LEFT,1 THRU LANE 1,W WEST,03 TOLL ROAD URBAN,03 STATE,01 NON-JUNCTION,01 ON ROADWAY,01 NOT AT INTERSECTION,01 PAVED,37,"March 2, 2020",12 URBAN PRIN ART EXPR.,60,PAVED WARN,8,,0,,0,40,156000,RCI,4.5,,55,1 NO INJURY,31 Q/C COMPLETED - LOC VERIFIED,0 NO,01 NOT AT INTERSECTION/RRX/BRIDGE,01 DAYLIGHT,01 CLEAR,01 DRY,01 LEVEL,1 STRAIGHT,"TWO-WAY, DIVIDED, POSITIVE MED","TWO-WAY, DIVIDED, POSITIVE MED",NO CONTROLS,NO CONTROLS,10,NONE,NOT CODED,NOT CODED,NONE,NOT CODED,NOT CODED,14 MOTOR VEHICLE IN TRANSPORT,01 FRONT TO REAR,14 SLOWING,FOLLOWED TOO CLOSELY,NO CONTRIBUTING ACTION,00 NOT CODED,00 NOT CODED,00 NOT CODED,00 NOT CODED,01 NO,0,0,0,0,2,0,2,2,N,N,N,N,N,N,N,N,N,N,N,N,N,N,N,N,N,N,N,N,N,N,N,N,N,N,28.538473043,-81.343080556,466436.513314,3156902.142995,L,,ARBM15Q1R2,"June 10, 2023",2839468,-9055070.651956176,3317034.794427106