Crash Id,Calendar Year,FDOT Crash Number,Reporting Agency Case Number,Reporting Agency Type,FDOT Managing District,County Name,Crash Date,Crash Time,Day,DHSMV City,Crash Report City Code,In Town,On Roadway Name,Int Roadway Name,Reference Distance (Miles),Reference Direction,Officer Latitude,Officer Longitude,FDOT Latitude,FDOT Longitude,FDOT Roadway,Nearest Inventory MP,Nearest Node From Crash,State Road #,US Highway,Crash Side of Road,Accident Lane Number,Travel Direction Vehicle 1,FDOT Road Category,DHSMV Road System Id,Relation to Junction,Crash Harmful Event Location,Intersection Type,Shoulder Type,FDOT Roadway SKID Test Result,FDOT Roadway SKID Test Date,Functional Class,RCI Surface Width,RCI Shoulder Type First,RCI Shoulder Width First,RCI Shoulder Type Second,RCI Shoulder Width Second,RCI Shoulder Type Third,RCI Shoulder Width Third,RCI Median Width,Avg Daily Traffic,AADT Source,RCI Avg Per Truck Traffic,RCI Horiz Curve Condition,Posted Speed Limit,Highest Injury in Crash,CAR Status Code,Alcohols/Drug Involved,Site Location,Lighting,Weather,Road Surface,Roadway Grade,Roadway Alignment,Traffic Way Vehicle 1,Traffic Way Vehicle 2,Traffic Control Vehicle 1,Traffic Control Vehicle 2,Count of Lanes,Road Condition 1,Road Condition 2,Road Condition 3,Environment Condition 1,Environment Condition 2,Environment Condition 3,Crash Harmful Event,Manner of Collision,Vehicle Movement,Driver Action Vehicle 1,Driver Action Vehicle 2,Location Within Workzone,Type of Workzone,Workers Present in Workzone,Law Enforcement Present in Workzone,School Bus Related,Count of Nonfatal Injuries,Count of Traffic Fatalities,Count of Serious Injuries,Count of Pedestrians,Count of Drivers,Count of Bicyclists,Count of Vehicles,Count of Persons,Wrong Way,Workzone Inv,Commercial Vehicle Inv,Intersection Inv,Lane Departure,Speeding,Agressive Driving,Impaired Driver,Impaired Pedestrian,Impaired Bicyclist,Distracted Driver,Speeding or Aggressive Driving,Pedestrian Related,Bicyclist Related,Pedestrian or Bicyclist Related,Motorcycle Inv,No Belt,No Belt - Ages 1-4,No Belt - Ages 5-12,No Belt - Ages 13-17,Driver - Ages Teen,Driver - Ages 65 plus,Driver - Ages 65-69,Driver - Ages 70-74,Driver - Ages 75-79,Driver - Ages 80 plus,ARBM Latitude,ARBM Longitude,UTM Zone 17N X,UTM Zone 17N Y,ARBM Side of Road,Urban Rural Indicator,GIS Street Source,Extract Date,OBJECTID,x,y
2020840049250,2020,840049250,20-600318,COUNTY SHERIFF'S OFFICE,05 FIFTH,ORANGE,"September 9, 2020",0900,THURSDAY,7532 BELLE ISLE,0732,Y,CONWAY RD,HOFFNER AVE,0,,0,0,28.4805031,-81.3306556,75080000,12.829,00180,SR 15,,R RIGHT,L LEFT TURN,N NORTH,20 URBAN 4-5LN 2WY DIVD RASD,03 STATE,18 THROUGH ROADWAY,01 ON ROADWAY,02 FOUR-WAY INTERSECTION,03 CURB,42,"January 9, 2019",16 URBAN MINOR ART,22,CURB&GUTTER,2,,0,,0,18,25500,RCI,4.5,,40,1 NO INJURY,31 Q/C COMPLETED - LOC VERIFIED,0 NO,02 AT INTERSECTION,01 DAYLIGHT,01 CLEAR,01 DRY,01 LEVEL,1 STRAIGHT,"TWO-WAY, DIVIDED, POSITIVE MED","TWO-WAY, DIVIDED, POSITIVE MED",NO CONTROLS,NO CONTROLS,4,NONE,NOT CODED,NOT CODED,NONE,NOT CODED,NOT CODED,14 MOTOR VEHICLE IN TRANSPORT,01 FRONT TO REAR,01 STRAIGHT AHEAD,FOLLOWED TOO CLOSELY,NO CONTRIBUTING ACTION,00 NOT CODED,00 NOT CODED,00 NOT CODED,00 NOT CODED,01 NO,0,0,0,0,2,0,2,3,N,N,N,Y,N,N,N,N,N,N,N,N,N,N,N,N,N,N,N,N,N,N,N,N,N,N,28.48048467,-81.330607236,467639.089447,3150474.508668,C,,ARBM15Q1R2,"June 10, 2023",2865318,-9053682.127673978,3309688.7626477536
2020840049260,2020,840049260,20-600324,COUNTY SHERIFF'S OFFICE,05 FIFTH,ORANGE,"September 10, 2020",1503,FRIDAY,7532 BELLE ISLE,0732,Y,HOFFNER AVE,CONWAY RD,0.009,S,0,0,28.480504,-81.3305077,75080000,12.82,00180,SR 15,,R RIGHT,L LEFT TURN,E EAST,20 URBAN 4-5LN 2WY DIVD RASD,05 LOCAL,01 NON-JUNCTION,01 ON ROADWAY,01 NOT AT INTERSECTION,01 PAVED,42,"January 9, 2019",16 URBAN MINOR ART,24,PAVED,4,CURB&GUTTER,2,,0,18,25500,RCI,4.5,,40,2 POSSIBLE INJURY,31 Q/C COMPLETED - LOC VERIFIED,0 NO,03 INFLUENCED BY INTERSECTION,01 DAYLIGHT,01 CLEAR,01 DRY,01 LEVEL,1 STRAIGHT,"TWO-WAY, NOT DIVIDED","TWO-WAY, NOT DIVIDED",NO CONTROLS,NO CONTROLS,4,NONE,NOT CODED,NOT CODED,NONE,NOT CODED,NOT CODED,14 MOTOR VEHICLE IN TRANSPORT,01 FRONT TO REAR,14 SLOWING,NO CONTRIBUTING ACTION,NO CONTRIBUTING ACTION,00 NOT CODED,00 NOT CODED,00 NOT CODED,00 NOT CODED,01 NO,1,0,0,0,2,0,2,2,N,N,N,Y,N,N,N,N,N,N,N,N,N,N,N,N,N,N,N,N,N,N,N,N,N,N,28.48048467,-81.330459695,467653.531299,3150474.468931,C,,ARBM15Q1R2,"June 10, 2023",2865319,-9053665.703457804,3309688.7625675686
2020840049270,2020,840049270,20-600327,COUNTY SHERIFF'S OFFICE,05 FIFTH,ORANGE,"September 11, 2020",1330,SATURDAY,7532 BELLE ISLE,0732,Y,HANSEL AVE,WALLACE ST,0,N,0,0,28.4720485,-81.3678166,75040000,9.08,00705,SR 527,,R RIGHT,1 THRU LANE 1,N NORTH,40 URBAN ONE WAY,05 LOCAL,02 INTERSECTION,01 ON ROADWAY,02 FOUR-WAY INTERSECTION,01 PAVED,33,"September 9, 2019",14 URBAN PRIN ART OTHER,24,PAVED,12,CURB&GUTTER,2,,0,,27000,RCI,5.1,,40,1 NO INJURY,31 Q/C COMPLETED - LOC VERIFIED,0 NO,01 NOT AT INTERSECTION/RRX/BRIDGE,01 DAYLIGHT,02 CLOUDY,01 DRY,01 LEVEL,1 STRAIGHT,ONE-WAY TRAFFICWAY,ONE-WAY TRAFFICWAY,NO CONTROLS,NO CONTROLS,2,NONE,NOT CODED,NOT CODED,NONE,NOT CODED,NOT CODED,14 MOTOR VEHICLE IN TRANSPORT,01 FRONT TO REAR,01 STRAIGHT AHEAD,NO CONTRIBUTING ACTION,NO CONTRIBUTING ACTION,00 NOT CODED,00 NOT CODED,00 NOT CODED,00 NOT CODED,01 NO,0,0,0,0,2,0,2,2,N,N,Y,N,N,N,N,N,N,N,N,N,N,N,N,N,N,N,N,N,N,N,N,N,N,N,28.47205836,-81.367806897,463994.982386,3149551.590418,O,,ARBM15Q1R2,"June 10, 2023",2865320,-9057823.176120501,3308621.643882521
2020840049280,2020,840049280,20-600334,COUNTY SHERIFF'S OFFICE,05 FIFTH,ORANGE,"September 17, 2020",1500,FRIDAY,7532 BELLE ISLE,0732,Y,HANSEL AVE,FAIRLANE AVE,0.003,S,0,0,28.47279,-81.3678291,75040000,9.131,00706,SR 527,,R RIGHT,2 THRU LANE 2,N NORTH,40 URBAN ONE WAY,04 COUNTY,01 NON-JUNCTION,01 ON ROADWAY,01 NOT AT INTERSECTION,03 CURB,33,"September 9, 2019",14 URBAN PRIN ART OTHER,24,PAVED,12,CURB&GUTTER,2,,0,,27000,RCI,5.1,,40,2 POSSIBLE INJURY,31 Q/C COMPLETED - LOC VERIFIED,0 NO,03 INFLUENCED BY INTERSECTION,01 DAYLIGHT,01 CLEAR,01 DRY,01 LEVEL,1 STRAIGHT,ONE-WAY TRAFFICWAY,ONE-WAY TRAFFICWAY,TRAFFIC CONTROL SIGNAL,TRAFFIC CONTROL SIGNAL,2,NONE,NOT CODED,NOT CODED,NONE,NOT CODED,NOT CODED,14 MOTOR VEHICLE IN TRANSPORT,01 FRONT TO REAR,01 STRAIGHT AHEAD,FOLLOWED TOO CLOSELY,NO CONTRIBUTING ACTION,00 NOT CODED,00 NOT CODED,00 NOT CODED,00 NOT CODED,01 NO,2,0,0,0,2,0,2,3,N,N,N,Y,N,N,N,N,N,N,N,N,N,N,N,N,N,N,N,N,N,N,N,N,N,N,28.472798108,-81.367825409,463993.421042,3149633.548265,O,,ARBM15Q1R2,"June 10, 2023",2865321,-9057825.236924548,3308715.3231914868
2020871650270,2020,871650270,FHPD20OFF048177,FLORIDA HIGHWAY PATROL,05 FIFTH,ORANGE,"July 16, 2020",1347,FRIDAY,7546 ORLANDO,0746,N,VINELAND RD,SR 50,0.009,N,28.5521179,-81.4895879,28.551042,-81.5872789,75050000,4.326,05006,SR 50,,T SIDE RD LEFT,2 THRU LANE 2,E EAST,30 URBAN 6+LN 2WY DIVD RASD,03 STATE,03 INTERSECTION-RELATED,01 ON ROADWAY,01 NOT AT INTERSECTION,03 CURB,38,"April 1, 2018",14 URBAN PRIN ART OTHER,36,PAVED,4,CURB&GUTTER,2,,0,30,50500,RCI,3.6,,45,1 NO INJURY,31 Q/C COMPLETED - LOC VERIFIED,0 NO,01 NOT AT INTERSECTION/RRX/BRIDGE,01 DAYLIGHT,01 CLEAR,01 DRY,01 LEVEL,1 STRAIGHT,"TWO-WAY, DIVIDED, POSITIVE MED","TWO-WAY, DIVIDED, POSITIVE MED",TRAFFIC CONTROL SIGNAL,TRAFFIC CONTROL SIGNAL,6,NONE,NOT CODED,NOT CODED,NONE,NOT CODED,NOT CODED,14 MOTOR VEHICLE IN TRANSPORT,03 ANGLE,03 TURNING LEFT,IMPROPER TURN,NO CONTRIBUTING ACTION,00 NOT CODED,00 NOT CODED,00 NOT CODED,00 NOT CODED,01 NO,0,0,0,0,2,0,2,2,N,N,N,N,N,N,N,N,N,N,N,N,N,N,N,N,N,N,N,N,N,N,N,N,N,N,28.551114089,-81.587364498,442544.772751,3158395.317106,L,,ARBM15Q1R2,"June 10, 2023",2865370,-9082264.223812886,3318636.711822449
2020837813610,2020,837813610,FHPD20OFF049539,FLORIDA HIGHWAY PATROL,05 FIFTH,ORANGE,"July 22, 2020",1445,THURSDAY,"7500 UNINCORPORATED, ORANGE",0700,N,SR 50,PARRY LN,0.25,W,28.5642887,-81.1411543,28.5646846,-81.1433799,75060000,15.635,04187,SR 50,,R RIGHT,1 THRU LANE 1,E EAST,23 SUBURBAN 4-5LN 2WY DIVD RASD,03 STATE,01 NON-JUNCTION,01 ON ROADWAY,01 NOT AT INTERSECTION,02 UNPAVED,36,"September 9, 2019",14 URBAN PRIN ART OTHER,24,PAVED,4,LAWN,6,,0,21,43000,RCI,5.1,0D3000,55,2 POSSIBLE INJURY,31 Q/C COMPLETED - LOC VERIFIED,0 NO,01 NOT AT INTERSECTION/RRX/BRIDGE,01 DAYLIGHT,02 CLOUDY,02 WET,01 LEVEL,1 STRAIGHT,"TWO-WAY, DIVIDED, UNPROTECTED","TWO-WAY, DIVIDED, UNPROTECTED",NO CONTROLS,NO CONTROLS,4,NONE,NOT CODED,NOT CODED,NONE,NOT CODED,NOT CODED,14 MOTOR VEHICLE IN TRANSPORT,01 FRONT TO REAR,01 STRAIGHT AHEAD,"OPER MV AGRSIVE, ERATIC, RCKLS",NO CONTRIBUTING ACTION,00 NOT CODED,00 NOT CODED,00 NOT CODED,00 NOT CODED,01 NO,1,0,0,0,2,0,2,4,N,N,N,N,N,N,Y,N,N,N,N,Y,N,N,N,N,N,N,N,N,N,Y,N,N,N,Y,28.564641238,-81.143498825,485965.053277,3159761.55781,R,,ARBM15Q1R2,"June 10, 2023",2866268,-9032853.30884873,3320351.1347350045
2020838559950,2020,838559950,20700299,COUNTY SHERIFF'S OFFICE,05 FIFTH,ORANGE,"August 19, 2020",1025,THURSDAY,7535 EDGEWOOD,0735,Y,ORANGE AVE,HOFFNER AVE,0.009,N,28.475331,-81.370068,28.4755562,-81.3702902,75040101,0.634,00721,SR 527,,L LEFT,L LEFT TURN,S SOUTH,40 URBAN ONE WAY,04 COUNTY,01 NON-JUNCTION,01 ON ROADWAY,01 NOT AT INTERSECTION,01 PAVED,30,"September 9, 2019",14 URBAN PRIN ART OTHER,24,CURB&GUTTER,2,,0,,0,,23000,RCI,6,9D00,35,2 POSSIBLE INJURY,31 Q/C COMPLETED - LOC VERIFIED,0 NO,03 INFLUENCED BY INTERSECTION,01 DAYLIGHT,01 CLEAR,01 DRY,01 LEVEL,1 STRAIGHT,ONE-WAY TRAFFICWAY,ONE-WAY TRAFFICWAY,TRAFFIC CONTROL SIGNAL,TRAFFIC CONTROL SIGNAL,2,NONE,NOT CODED,NOT CODED,NONE,NOT CODED,NOT CODED,14 MOTOR VEHICLE IN TRANSPORT,"04 SIDESWIPE, SAME DIRECTION",06 CHANGING LANES,OPERATED MV IN CARLESS OR NEGL,NO CONTRIBUTING ACTION,00 NOT CODED,00 NOT CODED,00 NOT CODED,00 NOT CODED,01 NO,1,0,0,0,2,0,2,2,N,N,N,Y,N,N,N,N,N,N,N,N,N,N,N,N,N,N,N,N,N,N,N,N,N,N,28.475553348,-81.370270425,463755.016029,3149939.52,O,,ARBM15Q1R2,"June 10, 2023",2866387,-9058097.414980276,3309064.243321194
2020838559970,2020,838559970,20700312,COUNTY SHERIFF'S OFFICE,05 FIFTH,ORANGE,"August 24, 2020",1513,TUESDAY,7535 EDGEWOOD,0735,Y,ORANGE AVE S,OAK LYNN DR,0.044,S,28.4822,-81.37204,28.4829297,-81.3716491,75040000,9.886,00715,SR 527,,L LEFT,2 THRU LANE 2,S SOUTH,40 URBAN ONE WAY,03 STATE,01 NON-JUNCTION,01 ON ROADWAY,01 NOT AT INTERSECTION,01 PAVED,33,"September 9, 2019",14 URBAN PRIN ART OTHER,24,PAVED,4,CURB&GUTTER,2,,0,,27000,RCI,5.1,1D3000,40,3 NO-INCAPACITATING INJURY,31 Q/C COMPLETED - LOC VERIFIED,0 NO,01 NOT AT INTERSECTION/RRX/BRIDGE,01 DAYLIGHT,01 CLEAR,01 DRY,01 LEVEL,1 STRAIGHT,ONE-WAY TRAFFICWAY,ONE-WAY TRAFFICWAY,NO CONTROLS,NO CONTROLS,2,NONE,NOT CODED,NOT CODED,NONE,NOT CODED,NOT CODED,14 MOTOR VEHICLE IN TRANSPORT,01 FRONT TO REAR,01 STRAIGHT AHEAD,FOLLOWED TOO CLOSELY,NO CONTRIBUTING ACTION,00 NOT CODED,00 NOT CODED,00 NOT CODED,00 NOT CODED,01 NO,1,0,0,0,3,0,3,3,N,N,N,N,N,N,N,N,N,N,Y,N,N,N,N,N,N,N,N,N,N,Y,Y,N,N,N,28.482932643,-81.371638889,463623.587532,3150757.442584,O,,ARBM15Q1R2,"June 10, 2023",2866388,-9058249.751749057,3309998.792833737
2020860852900,2020,860852900,OCPD20OFF002929,COUNTY SHERIFF'S OFFICE,05 FIFTH,ORANGE,"July 27, 2020",1440,TUESDAY,7542 OCOEE,0742,Y,SILVER STAR RD,OCOEE HILLS RD,0,,28.5736099,-81.52584,28.573622,-81.5258541,75250000,1.644,06434,SR 438,,R RIGHT,1 THRU LANE 1,W WEST,11 URBAN 2-3LN 2WY DIVD PAVD,04 COUNTY,02 INTERSECTION,01 ON ROADWAY,03 T-INTERSECTION,01 PAVED,41,"September 8, 2019",16 URBAN MINOR ART,12,PAVED,4,CURB&GUTTER,2,CURB&GUTTER,2,12,19900,RCI,6.1,1D00,45,1 NO INJURY,31 Q/C COMPLETED - LOC VERIFIED,0 NO,02 AT INTERSECTION,01 DAYLIGHT,03 RAIN,02 WET,01 LEVEL,1 STRAIGHT,"TWO-WAY, DIVIDED, UNPROTECTED","TWO-WAY, DIVIDED, UNPROTECTED",TRAFFIC CONTROL SIGNAL,TRAFFIC CONTROL SIGNAL,2,NONE,NOT CODED,NOT CODED,NONE,NOT CODED,NOT CODED,14 MOTOR VEHICLE IN TRANSPORT,"04 SIDESWIPE, SAME DIRECTION",05 TURNING RIGHT,NOT CODED,NO CONTRIBUTING ACTION,00 NOT CODED,00 NOT CODED,00 NOT CODED,00 NOT CODED,01 NO,0,0,0,0,1,0,2,1,N,N,N,Y,N,N,N,N,N,N,N,N,N,N,N,N,N,N,N,N,N,N,N,N,N,N,28.573624652,-81.525851783,448572.9075,3160861.251421,C,,ARBM15Q1R2,"June 10, 2023",2866968,-9075416.6579056,3321489.8069331427
2020838559880,2020,838559880,20700283,COUNTY SHERIFF'S OFFICE,05 FIFTH,ORANGE,"August 2, 2020",1013,MONDAY,7535 EDGEWOOD,0735,Y,ORANGE AVE S,MARY JESS RD,0.003,N,28.480283,-81.372016,0,0,75040000,9.74,00714,SR 527,,L LEFT,S SIDE OF ROAD,S SOUTH,40 URBAN ONE WAY,03 STATE,77 OTHER (SEE NARRATIVE),01 ON ROADWAY,01 NOT AT INTERSECTION,03 CURB,33,"September 9, 2019",14 URBAN PRIN ART OTHER,24,PAVED,4,CURB&GUTTER,2,,0,,27000,RCI,5.1,1D3000,40,1 NO INJURY,31 Q/C COMPLETED - LOC VERIFIED,0 NO,01 NOT AT INTERSECTION/RRX/BRIDGE,01 DAYLIGHT,01 CLEAR,01 DRY,01 LEVEL,1 STRAIGHT,ONE-WAY TRAFFICWAY,,NO CONTROLS,NOT CODED,2,NONE,NOT CODED,NOT CODED,NONE,NOT CODED,NOT CODED,"36 OTHER POST, POLE, OR SUPPORT",00 NOT CODED,05 TURNING RIGHT,OPERATED MV IN CARLESS OR NEGL,NOT CODED,00 NOT CODED,00 NOT CODED,00 NOT CODED,00 NOT CODED,01 NO,0,0,0,0,1,0,1,1,N,N,Y,N,N,N,N,N,N,N,N,N,N,N,N,N,N,N,N,N,N,N,N,N,N,N,28.480908511,-81.370947618,463690.558018,3150532.991601,O,,ARBM15Q1R2,"June 10, 2023",2867565,-9058172.799805425,3309742.4404683374
2020838559850,2020,838559850,20700272,COUNTY SHERIFF'S OFFICE,05 FIFTH,ORANGE,"July 23, 2020",1629,FRIDAY,7535 EDGEWOOD,0735,Y,W HOLDEN AVE,LAKE HOLDEN HILLS DR,0.026,W,28.494608,-81.386111,28.494611,-81.386105,75516500,0.908,,,,R RIGHT,1 THRU LANE 1,E EAST,,04 COUNTY,01 NON-JUNCTION,01 ON ROADWAY,01 NOT AT INTERSECTION,02 UNPAVED,0,"December 31, 2000",,,,0,,0,,0,,,RCI,0,,,2 POSSIBLE INJURY,33 Q/C VERIFIED AS OFF-SYSTEM,0 NO,01 NOT AT INTERSECTION/RRX/BRIDGE,01 DAYLIGHT,01 CLEAR,01 DRY,01 LEVEL,1 STRAIGHT,"TWO-WAY, NOT DIVIDED","TWO-WAY, NOT DIVIDED",NO CONTROLS,NO CONTROLS,,NONE,NOT CODED,NOT CODED,NONE,NOT CODED,NOT CODED,14 MOTOR VEHICLE IN TRANSPORT,01 FRONT TO REAR,01 STRAIGHT AHEAD,FOLLOWED TOO CLOSELY,NO CONTRIBUTING ACTION,00 NOT CODED,00 NOT CODED,00 NOT CODED,00 NOT CODED,01 NO,1,0,0,0,2,0,2,3,N,N,N,N,N,N,N,N,N,N,N,N,N,N,N,N,N,N,N,N,Y,N,N,N,N,N,28.494614668,-81.386105,462211.777536,3152056.094421,C,U,ARBM15Q1R2,"June 10, 2023",2868092,-9059860.112376137,3311478.394324859
2020838559860,2020,838559860,20700273,COUNTY SHERIFF'S OFFICE,05 FIFTH,ORANGE,"July 24, 2020",1738,SATURDAY,7535 EDGEWOOD,0735,Y,HANSEL AVE,LAKE HARBOR CIR,0,,28.478221,-81.369157,28.4788176,-81.3695902,75040000,9.574,01375,SR 527,,R RIGHT,1 THRU LANE 1,W WEST,40 URBAN ONE WAY,03 STATE,02 INTERSECTION,01 ON ROADWAY,02 FOUR-WAY INTERSECTION,01 PAVED,33,"September 9, 2019",14 URBAN PRIN ART OTHER,24,PAVED,4,CURB&GUTTER,2,,0,,27000,RCI,5.1,,40,1 NO INJURY,31 Q/C COMPLETED - LOC VERIFIED,0 NO,02 AT INTERSECTION,01 DAYLIGHT,01 CLEAR,01 DRY,01 LEVEL,1 STRAIGHT,ONE-WAY TRAFFICWAY,ONE-WAY TRAFFICWAY,NO CONTROLS,NO CONTROLS,2,NONE,NOT CODED,NOT CODED,NONE,NOT CODED,NOT CODED,14 MOTOR VEHICLE IN TRANSPORT,77 OTHER (SEE NARRATIVE),01 STRAIGHT AHEAD,OPERATED MV IN CARLESS OR NEGL,NO CONTRIBUTING ACTION,00 NOT CODED,00 NOT CODED,00 NOT CODED,00 NOT CODED,01 NO,0,0,0,0,2,0,2,2,N,N,N,Y,N,N,N,N,N,N,N,N,N,N,N,N,N,N,N,N,N,N,N,N,N,N,28.478828883,-81.369580105,463823.706603,3150302.189267,O,,ARBM15Q1R2,"June 10, 2023",2868093,-9058020.568846175,3309479.064865951
2020870663440,2020,870663440,OCPD20OFF003037,COUNTY SHERIFF'S OFFICE,05 FIFTH,ORANGE,"August 3, 2020",2150,TUESDAY,7542 OCOEE,0742,Y,SILVER STAR RD,CLARKE RD,0,,28.5736999,-81.51738,28.573713,-81.5173625,75250000,2.16,06436,SR 438,,L LEFT,1 THRU LANE 1,W WEST,20 URBAN 4-5LN 2WY DIVD RASD,03 STATE,02 INTERSECTION,01 ON ROADWAY,02 FOUR-WAY INTERSECTION,01 PAVED,38,"September 8, 2019",16 URBAN MINOR ART,24,PAVED,4,CURB&GUTTER,2,,0,30,19900,RCI,6.1,,45,3 NO-INCAPACITATING INJURY,31 Q/C COMPLETED - LOC VERIFIED,0 NO,02 AT INTERSECTION,04 DARK-LIGHTED,01 CLEAR,02 WET,01 LEVEL,1 STRAIGHT,"TWO-WAY, DIVIDED, UNPROTECTED","TWO-WAY, DIVIDED, UNPROTECTED",TRAFFIC CONTROL SIGNAL,TRAFFIC CONTROL SIGNAL,4,NONE,NOT CODED,NOT CODED,NONE,NOT CODED,NOT CODED,14 MOTOR VEHICLE IN TRANSPORT,02 FRONT TO FRONT,03 TURNING LEFT,FAILED TO YIELD RIGHT-OF-WAY,NO CONTRIBUTING ACTION,00 NOT CODED,00 NOT CODED,00 NOT CODED,00 NOT CODED,01 NO,3,0,0,0,2,0,2,4,N,N,N,Y,N,N,N,N,N,N,N,N,N,N,N,N,N,N,N,N,N,N,N,N,N,N,28.573794652,-81.517371154,449402.38723,3160876.473633,L,,ARBM15Q1R2,"June 10, 2023",2869096,-9074472.598368328,3321511.355813743
2020871650290,2020,871650290,FHPD20OFF049342,FLORIDA HIGHWAY PATROL,05 FIFTH,ORANGE,"July 21, 2020",1704,WEDNESDAY,7546 ORLANDO,0746,N,CR 526,SR 435,0.002,E,28.53807,-81.4580799,28.5380691,-81.4581659,75270000,6.103,00128,SR 435,,S SIDE RD RIGHT,R RIGHT TURN,W WEST,33 SUBURBAN 6+LN 2WY DIVD RASD,04 COUNTY,03 INTERSECTION-RELATED,01 ON ROADWAY,02 FOUR-WAY INTERSECTION,03 CURB,30,"February 11, 2020",14 URBAN PRIN ART OTHER,36,PAVED,4,LAWN,7,,0,32,59500,RCI,6.1,,45,3 NO-INCAPACITATING INJURY,31 Q/C COMPLETED - LOC VERIFIED,0 NO,03 INFLUENCED BY INTERSECTION,01 DAYLIGHT,02 CLOUDY,01 DRY,01 LEVEL,1 STRAIGHT,"TWO-WAY, DIVIDED, POSITIVE MED","TWO-WAY, DIVIDED, POSITIVE MED",NO CONTROLS,NO CONTROLS,6,NONE,NOT CODED,NOT CODED,NONE,NOT CODED,NOT CODED,14 MOTOR VEHICLE IN TRANSPORT,01 FRONT TO REAR,01 STRAIGHT AHEAD,OPERATED MV IN CARLESS OR NEGL,NO CONTRIBUTING ACTION,00 NOT CODED,00 NOT CODED,00 NOT CODED,00 NOT CODED,01 NO,1,0,0,0,2,0,2,2,N,N,N,Y,N,N,N,N,N,N,Y,N,N,N,N,N,N,N,N,N,N,Y,N,N,N,Y,28.538153553,-81.458076869,455186.202312,3156904.325851,R,,ARBM15Q1R2,"June 10, 2023",2870263,-9067871.986615753,3316994.3096727817
2020871650350,2020,871650350,FHPD20OFF059016,FLORIDA HIGHWAY PATROL,05 FIFTH,ORANGE,"August 28, 2020",2007,SATURDAY,7546 ORLANDO,0746,N,SR 50,CR 419,0,,28.5607499,-81.1296399,28.560578,-81.1292758,75060000,16.538,05217,SR 50,,L LEFT,2 THRU LANE 2,S SOUTH,23 SUBURBAN 4-5LN 2WY DIVD RASD,03 STATE,02 INTERSECTION,01 ON ROADWAY,02 FOUR-WAY INTERSECTION,02 UNPAVED,36,"September 9, 2019",14 URBAN PRIN ART OTHER,24,PAVED,4,LAWN,6,,0,21,43000,RCI,5.1,,45,3 NO-INCAPACITATING INJURY,31 Q/C COMPLETED - LOC VERIFIED,0 NO,02 AT INTERSECTION,01 DAYLIGHT,03 RAIN,02 WET,01 LEVEL,1 STRAIGHT,"TWO-WAY, NOT DIV, W/CONT LTURN","TWO-WAY, DIVIDED, POSITIVE MED",TRAFFIC CONTROL SIGNAL,TRAFFIC CONTROL SIGNAL,4,NONE,NOT CODED,NOT CODED,NONE,NOT CODED,NOT CODED,14 MOTOR VEHICLE IN TRANSPORT,03 ANGLE,05 TURNING RIGHT,NO CONTRIBUTING ACTION,NO CONTRIBUTING ACTION,00 NOT CODED,00 NOT CODED,00 NOT CODED,00 NOT CODED,01 NO,3,0,0,0,2,0,2,3,N,N,N,Y,N,N,N,N,N,N,N,N,N,N,N,N,N,N,N,N,N,N,N,N,N,N,28.560702589,-81.129496776,487334.057795,3159323.656956,L,,ARBM15Q1R2,"June 10, 2023",2870264,-9031294.607453048,3319851.9305126895
2020819626000,2020,819626000,FHPK20OFF029652,FLORIDA HIGHWAY PATROL,08 TURNPIKE,ORANGE,"July 9, 2020",0940,FRIDAY,"7500 UNINCORPORATED, ORANGE",0700,N,SR 91,SR 417,0.019,N,28.3688265,-81.3892486,28.3683357,-81.389466,75470000,1.469,04958,SR 91,,M MEDIAN,M MIDDLE,N NORTH,03 TOLL ROAD URBAN,06 TURNPIKE/TOLL,01 NON-JUNCTION,01 ON ROADWAY,01 NOT AT INTERSECTION,01 PAVED,30,"March 15, 2017",12 URBAN PRIN ART EXPR.,24,PAVED WARN,12,LAWN,0,,0,40,77400,RCI,17.8,,70,1 NO INJURY,31 Q/C COMPLETED - LOC VERIFIED,0 NO,01 NOT AT INTERSECTION/RRX/BRIDGE,01 DAYLIGHT,03 RAIN,02 WET,01 LEVEL,1 STRAIGHT,"TWO-WAY, DIVIDED, POSITIVE MED",,NO CONTROLS,NOT CODED,4,"RD SURFC (WET, ICY, SNOW, ETC)",NOT CODED,NOT CODED,WEATHER CONDITIONS,NOT CODED,NOT CODED,30 CONCRETE TRAFFIC BARRIER,77 OTHER (SEE NARRATIVE),01 STRAIGHT AHEAD,OPERATED MV IN CARLESS OR NEGL,NOT CODED,04 ACTIVITY AREA,03 WORK ON SHOULDER OR MEDIAN,01 NO,01 NO,01 NO,0,0,0,0,1,0,1,1,N,Y,N,N,Y,N,N,N,N,N,N,N,N,N,N,N,N,N,N,N,N,N,N,N,N,N,28.368280478,-81.389467539,461837.386352,3138061.410499,R,,ARBM15Q1R2,"June 10, 2023",2870330,-9060234.428091653,3295486.049542615
2020819626110,2020,819626110,FHPK20OFF039420,FLORIDA HIGHWAY PATROL,05 FIFTH,ORANGE,"September 2, 2020",1045,THURSDAY,7542 OCOEE,0742,N,SR 50,470110,0.004,E,28.5513858,-81.5592799,28.5484084,-81.6395686,75050000,1.102,03250,SR 50,,L LEFT,3 THRU LANE 3,W WEST,30 URBAN 6+LN 2WY DIVD RASD,03 STATE,02 INTERSECTION,01 ON ROADWAY,77 OTHER (SEE NARRATIVE),01 PAVED,46,"April 1, 2018",14 URBAN PRIN ART OTHER,36,PAVED,4,CURB&GUTTER,2,,0,40,57500,RCI,4.6,2D00,50,1 NO INJURY,31 Q/C COMPLETED - LOC VERIFIED,0 NO,03 INFLUENCED BY INTERSECTION,01 DAYLIGHT,01 CLEAR,01 DRY,01 LEVEL,1 STRAIGHT,"TWO-WAY, NOT DIV, W/CONT LTURN","TWO-WAY, NOT DIV, W/CONT LTURN",TRAFFIC CONTROL SIGNAL,TRAFFIC CONTROL SIGNAL,6,NONE,NOT CODED,NOT CODED,NONE,NOT CODED,NOT CODED,14 MOTOR VEHICLE IN TRANSPORT,"04 SIDESWIPE, SAME DIRECTION",01 STRAIGHT AHEAD,OPERATED MV IN CARLESS OR NEGL,NO CONTRIBUTING ACTION,00 NOT CODED,00 NOT CODED,00 NOT CODED,00 NOT CODED,01 NO,0,0,0,0,2,0,2,3,N,N,N,Y,N,N,N,N,N,N,N,N,N,N,N,N,N,N,N,N,N,N,N,N,N,N,28.548503701,-81.639762822,437417.582076,3158132.352806,L,,ARBM15Q1R2,"June 10, 2023",2870331,-9088097.180252632,3318305.898321203