Crash Id,Calendar Year,FDOT Crash Number,Reporting Agency Case Number,Reporting Agency Type,FDOT Managing District,County Name,Crash Date,Crash Time,Day,DHSMV City,Crash Report City Code,In Town,On Roadway Name,Int Roadway Name,Reference Distance (Miles),Reference Direction,Officer Latitude,Officer Longitude,FDOT Latitude,FDOT Longitude,FDOT Roadway,Nearest Inventory MP,Nearest Node From Crash,State Road #,US Highway,Crash Side of Road,Accident Lane Number,Travel Direction Vehicle 1,FDOT Road Category,DHSMV Road System Id,Relation to Junction,Crash Harmful Event Location,Intersection Type,Shoulder Type,FDOT Roadway SKID Test Result,FDOT Roadway SKID Test Date,Functional Class,RCI Surface Width,RCI Shoulder Type First,RCI Shoulder Width First,RCI Shoulder Type Second,RCI Shoulder Width Second,RCI Shoulder Type Third,RCI Shoulder Width Third,RCI Median Width,Avg Daily Traffic,AADT Source,RCI Avg Per Truck Traffic,RCI Horiz Curve Condition,Posted Speed Limit,Highest Injury in Crash,CAR Status Code,Alcohols/Drug Involved,Site Location,Lighting,Weather,Road Surface,Roadway Grade,Roadway Alignment,Traffic Way Vehicle 1,Traffic Way Vehicle 2,Traffic Control Vehicle 1,Traffic Control Vehicle 2,Count of Lanes,Road Condition 1,Road Condition 2,Road Condition 3,Environment Condition 1,Environment Condition 2,Environment Condition 3,Crash Harmful Event,Manner of Collision,Vehicle Movement,Driver Action Vehicle 1,Driver Action Vehicle 2,Location Within Workzone,Type of Workzone,Workers Present in Workzone,Law Enforcement Present in Workzone,School Bus Related,Count of Nonfatal Injuries,Count of Traffic Fatalities,Count of Serious Injuries,Count of Pedestrians,Count of Drivers,Count of Bicyclists,Count of Vehicles,Count of Persons,Wrong Way,Workzone Inv,Commercial Vehicle Inv,Intersection Inv,Lane Departure,Speeding,Agressive Driving,Impaired Driver,Impaired Pedestrian,Impaired Bicyclist,Distracted Driver,Speeding or Aggressive Driving,Pedestrian Related,Bicyclist Related,Pedestrian or Bicyclist Related,Motorcycle Inv,No Belt,No Belt - Ages 1-4,No Belt - Ages 5-12,No Belt - Ages 13-17,Driver - Ages Teen,Driver - Ages 65 plus,Driver - Ages 65-69,Driver - Ages 70-74,Driver - Ages 75-79,Driver - Ages 80 plus,ARBM Latitude,ARBM Longitude,UTM Zone 17N X,UTM Zone 17N Y,ARBM Side of Road,Urban Rural Indicator,GIS Street Source,Extract Date,OBJECTID,x,y
2020882686420,2020,882686420,FHPD20OFF048130,FLORIDA HIGHWAY PATROL,05 FIFTH,ORANGE,"July 16, 2020",1048,FRIDAY,7546 ORLANDO,0746,N,SR 500,LAQUINTA DR,0.019,S,28.44069,-81.40353,28.4404341,-81.4036055,75010000,6.376,00503,SR 500,US 17,R RIGHT,1 THRU LANE 1,N NORTH,30 URBAN 6+LN 2WY DIVD RASD,03 STATE,01 NON-JUNCTION,01 ON ROADWAY,01 NOT AT INTERSECTION,01 PAVED,38,"March 1, 2020",14 URBAN PRIN ART OTHER,30,CURB&GUTTER,2,,0,,0,15,67000,RCI,6.9,,45,1 NO INJURY,31 Q/C COMPLETED - LOC VERIFIED,0 NO,03 INFLUENCED BY INTERSECTION,01 DAYLIGHT,01 CLEAR,01 DRY,01 LEVEL,1 STRAIGHT,"TWO-WAY, DIVIDED, POSITIVE MED","TWO-WAY, DIVIDED, POSITIVE MED",NO CONTROLS,NO CONTROLS,6,NONE,NOT CODED,NOT CODED,NONE,NOT CODED,NOT CODED,14 MOTOR VEHICLE IN TRANSPORT,03 ANGLE,01 STRAIGHT AHEAD,OTHER CONTRIBUTING ACTION,OTHER CONTRIBUTING ACTION,00 NOT CODED,00 NOT CODED,00 NOT CODED,00 NOT CODED,01 NO,0,0,0,0,2,0,2,4,N,N,N,Y,N,N,N,N,N,N,N,N,N,N,N,N,N,N,N,N,N,N,N,N,N,N,28.440422318,-81.403534161,460485.809342,3146058.04558,R,,ARBM15Q1R2,"June 10, 2023",2926621,-9061800.318117902,3304615.9748928864
2020882686430,2020,882686430,FHPD20OFF051390,FLORIDA HIGHWAY PATROL,05 FIFTH,ORANGE,"July 30, 2020",0808,FRIDAY,7546 ORLANDO,0746,N,KIRKMAN RD,COLONIAL DR,0.002,S,28.55226,-81.4565599,28.5523549,-81.4565422,75270000,7.099,05040,SR 435,,R RIGHT,R RIGHT TURN,N NORTH,10 URBAN 2-3LN 2WY DIVD RASD,04 COUNTY,01 NON-JUNCTION,01 ON ROADWAY,01 NOT AT INTERSECTION,03 CURB,38,"February 11, 2020",14 URBAN PRIN ART OTHER,24,CURB&GUTTER,2,,0,,0,25,28000,RCI,6.1,,45,1 NO INJURY,31 Q/C COMPLETED - LOC VERIFIED,0 NO,03 INFLUENCED BY INTERSECTION,01 DAYLIGHT,01 CLEAR,01 DRY,01 LEVEL,1 STRAIGHT,"TWO-WAY, DIVIDED, POSITIVE MED","TWO-WAY, DIVIDED, POSITIVE MED",NO CONTROLS,TRAFFIC CONTROL SIGNAL,3,NONE,NOT CODED,NOT CODED,NONE,NOT CODED,NOT CODED,14 MOTOR VEHICLE IN TRANSPORT,01 FRONT TO REAR,01 STRAIGHT AHEAD,OPERATED MV IN CARLESS OR NEGL,NO CONTRIBUTING ACTION,00 NOT CODED,00 NOT CODED,00 NOT CODED,00 NOT CODED,01 NO,0,0,0,0,2,0,2,2,N,N,N,Y,N,N,N,N,N,N,Y,N,N,N,N,N,N,N,N,N,N,N,N,N,N,N,28.552425459,-81.456556868,455340.926779,3158484.884572,C,,ARBM15Q1R2,"June 10, 2023",2926622,-9067702.78090398,3318802.9047614457
2020882686460,2020,882686460,FHPD20OFF061794,FLORIDA HIGHWAY PATROL,05 FIFTH,ORANGE,"September 8, 2020",2324,WEDNESDAY,7546 ORLANDO,0746,N,SR 528,MM 21,0,,28.45149,-81.1410199,28.45149,-81.1422952,75002000,20.41,01875,SR 528,,L LEFT,2 THRU LANE 2,W WEST,04 TOLL ROAD RURAL,03 STATE,01 NON-JUNCTION,01 ON ROADWAY,01 NOT AT INTERSECTION,01 PAVED,38,"April 2, 2018",02 RURAL PRIN ART EXPR.,24,PAVED WARN,10,LAWN,12,,0,42,56500,RCI,8.9,,70,1 NO INJURY,31 Q/C COMPLETED - LOC VERIFIED,0 NO,01 NOT AT INTERSECTION/RRX/BRIDGE,04 DARK-LIGHTED,01 CLEAR,02 WET,01 LEVEL,1 STRAIGHT,"TWO-WAY, DIVIDED, POSITIVE MED","TWO-WAY, DIVIDED, POSITIVE MED",NO CONTROLS,NO CONTROLS,4,NONE,NOT CODED,NOT CODED,NONE,NOT CODED,NOT CODED,14 MOTOR VEHICLE IN TRANSPORT,01 FRONT TO REAR,01 STRAIGHT AHEAD,OPERATED MV IN CARLESS OR NEGL,NO CONTRIBUTING ACTION,00 NOT CODED,00 NOT CODED,00 NOT CODED,00 NOT CODED,01 NO,0,0,0,0,3,0,3,3,N,N,N,N,N,N,N,N,N,N,N,N,N,N,N,N,N,N,N,N,N,N,N,N,N,N,28.451684014,-81.14215136,486082.024491,3147247.598468,L,,ARBM15Q1R2,"June 10, 2023",2926623,-9032703.30924628,3306041.763468948
2020882006530,2020,882006530,FHPK20OFF033998,FLORIDA HIGHWAY PATROL,05 FIFTH,ORANGE,"August 2, 2020",1713,MONDAY,7546 ORLANDO,0746,N,I 4,SR 91,0,,28.4773336,-81.445484,28.4784546,-81.4494901,75280000,10.877,00346,SR 400,I 4,L LEFT,3 THRU LANE 3,S SOUTH,01 INTERSTATE URBAN,06 TURNPIKE/TOLL,01 NON-JUNCTION,01 ON ROADWAY,01 NOT AT INTERSECTION,01 PAVED,31,"September 16, 2014",11 URBAN PRIN ART INT.,48,PAVED WARN,10,LAWN,12,,0,64,177000,RCI,7.3,,55,2 POSSIBLE INJURY,31 Q/C COMPLETED - LOC VERIFIED,0 NO,01 NOT AT INTERSECTION/RRX/BRIDGE,01 DAYLIGHT,02 CLOUDY,01 DRY,01 LEVEL,1 STRAIGHT,"TWO-WAY, DIVIDED, POSITIVE MED","TWO-WAY, DIVIDED, POSITIVE MED",NO CONTROLS,NO CONTROLS,8,NONE,NOT CODED,NOT CODED,NONE,NOT CODED,NOT CODED,14 MOTOR VEHICLE IN TRANSPORT,01 FRONT TO REAR,01 STRAIGHT AHEAD,OPERATED MV IN CARLESS OR NEGL,NO CONTRIBUTING ACTION,00 NOT CODED,00 NOT CODED,00 NOT CODED,00 NOT CODED,01 NO,1,0,0,0,4,0,4,7,N,N,N,N,N,N,N,N,N,N,N,N,N,N,N,N,N,N,N,N,N,N,N,N,N,N,28.478645941,-81.449731888,455977.904846,3150308.670829,L,,ARBM15Q1R2,"June 10, 2023",2927352,-9066943.027125541,3309455.8959003175
2020880298780,2020,880298780,FHPK20OFF035490,FLORIDA HIGHWAY PATROL,08 TURNPIKE,ORANGE,"August 11, 2020",0610,WEDNESDAY,7546 ORLANDO,0746,N,SR 91,SR 528,0.5,N,28.42435,-81.39623,28.4395312,-81.4134872,75470000,6.906,08915,SR 91,,M MEDIAN,M MIDDLE,N NORTH,03 TOLL ROAD URBAN,06 TURNPIKE/TOLL,01 NON-JUNCTION,02 OFF ROADWAY,01 NOT AT INTERSECTION,01 PAVED,40,"November 11, 2019",12 URBAN PRIN ART EXPR.,48,PAVED WARN,10,LAWN,12,,0,26,112000,RCI,17.8,,70,2 POSSIBLE INJURY,31 Q/C COMPLETED - LOC VERIFIED,0 NO,01 NOT AT INTERSECTION/RRX/BRIDGE,03 DAWN,01 CLEAR,01 DRY,01 LEVEL,1 STRAIGHT,"TWO-WAY, DIVIDED, POSITIVE MED",,NO CONTROLS,NOT CODED,8,WORK ZONE (CONST/MNT/UTLTY)NTE,NOT CODED,NOT CODED,NONE,NOT CODED,NOT CODED,18 OTHER NON-FIXED OBJECT,77 OTHER (SEE NARRATIVE),77 OTHER (SEE NARRATIVE),RAN OFF ROADWAY,NOT CODED,05 TERMINATION AREA,03 WORK ON SHOULDER OR MEDIAN,01 NO,01 NO,01 NO,1,0,0,0,1,0,1,1,N,Y,N,N,Y,N,N,N,N,N,Y,N,N,N,N,N,N,N,N,N,N,N,N,N,N,N,28.439509336,-81.413457575,459513.748797,3145960.201392,R,,ARBM15Q1R2,"June 10, 2023",2927794,-9062904.987763546,3304500.393381008
2020880298790,2020,880298790,FHPK20OFF037647,FLORIDA HIGHWAY PATROL,05 FIFTH,ORANGE,"August 23, 2020",0900,MONDAY,7546 ORLANDO,0746,N,SR 528,TRADEPORT DR,0.076,W,28.4491799,-81.3532699,0,0,75002000,8.655,05609,SR 528,,M MEDIAN,M MIDDLE,E EAST,03 TOLL ROAD URBAN,06 TURNPIKE/TOLL,01 NON-JUNCTION,04 MEDIAN,01 NOT AT INTERSECTION,01 PAVED,38,"March 3, 2020",12 URBAN PRIN ART EXPR.,36,PAVED WARN,10,VALLEY GUTR,3,,0,22,108500,RCI,3.7,,55,2 POSSIBLE INJURY,31 Q/C COMPLETED - LOC VERIFIED,0 NO,01 NOT AT INTERSECTION/RRX/BRIDGE,01 DAYLIGHT,02 CLOUDY,02 WET,01 LEVEL,1 STRAIGHT,"TWO-WAY, DIVIDED, POSITIVE MED",,NO CONTROLS,NOT CODED,6,OTHER (SEE NARRATIVE),NOT CODED,NOT CODED,NONE,NOT CODED,NOT CODED,30 CONCRETE TRAFFIC BARRIER,77 OTHER (SEE NARRATIVE),01 STRAIGHT AHEAD,NO CONTRIBUTING ACTION,NOT CODED,00 NOT CODED,00 NOT CODED,00 NOT CODED,00 NOT CODED,01 NO,1,0,0,0,1,0,1,1,N,N,N,N,Y,N,N,N,N,N,N,N,N,N,N,N,N,N,N,N,N,Y,N,Y,N,N,28.450979208,-81.334801188,467219.465262,3147206.920875,R,,ARBM15Q1R2,"June 10, 2023",2927795,-9054148.99619694,3305952.5264153974
2020880298800,2020,880298800,FHPK20OFF038133,FLORIDA HIGHWAY PATROL,08 TURNPIKE,ORANGE,"August 26, 2020",0615,THURSDAY,7546 ORLANDO,0746,N,SR 528,SR 600,0.5,W,28.4303899,-81.41428,0,0,75471000,4.021,02642,SR 528,,R RIGHT,S SIDE OF ROAD,E EAST,03 TOLL ROAD URBAN,06 TURNPIKE/TOLL,01 NON-JUNCTION,02 OFF ROADWAY,01 NOT AT INTERSECTION,01 PAVED,37,"November 12, 2019",12 URBAN PRIN ART EXPR.,48,PAVED WARN,12,LAWN,12,,0,28,85500,RCI,10.3,1D0300,55,2 POSSIBLE INJURY,31 Q/C COMPLETED - LOC VERIFIED,0 NO,01 NOT AT INTERSECTION/RRX/BRIDGE,01 DAYLIGHT,01 CLEAR,01 DRY,01 LEVEL,1 STRAIGHT,"TWO-WAY, DIVIDED, POSITIVE MED",,NO CONTROLS,NOT CODED,8,UNKNOWN,NOT CODED,NOT CODED,NONE,NOT CODED,NOT CODED,23 CULVERT,77 OTHER (SEE NARRATIVE),01 STRAIGHT AHEAD,NO CONTRIBUTING ACTION,NOT CODED,00 NOT CODED,00 NOT CODED,00 NOT CODED,00 NOT CODED,01 NO,1,0,0,0,1,0,1,1,N,N,Y,N,Y,N,N,N,N,N,N,N,N,N,N,N,N,N,N,N,N,N,N,N,N,N,28.431375269,-81.412816008,459573.480842,3145058.863154,R,,ARBM15Q1R2,"June 10, 2023",2927796,-9062833.568772696,3303470.682712838
2020877808920,2020,877808920,OCPD20OFF002914,COUNTY SHERIFF'S OFFICE,05 FIFTH,ORANGE,"July 26, 2020",0801,MONDAY,7542 OCOEE,0742,N,SR 50,BLUFORD AVE,0.019,E,28.5516599,-81.53801,28.5516605,-81.5374697,75050000,7.354,02518,SR 50,,L LEFT,2 THRU LANE 2,W WEST,30 URBAN 6+LN 2WY DIVD RASD,03 STATE,01 NON-JUNCTION,01 ON ROADWAY,02 FOUR-WAY INTERSECTION,02 UNPAVED,43,"June 10, 2018",14 URBAN PRIN ART OTHER,36,PAVED,4,CURB&GUTTER,2,,0,30,47000,RCI,3.3,,45,2 POSSIBLE INJURY,31 Q/C COMPLETED - LOC VERIFIED,0 NO,03 INFLUENCED BY INTERSECTION,01 DAYLIGHT,01 CLEAR,01 DRY,01 LEVEL,1 STRAIGHT,"TWO-WAY, DIVIDED, POSITIVE MED","TWO-WAY, DIVIDED, POSITIVE MED",TRAFFIC CONTROL SIGNAL,TRAFFIC CONTROL SIGNAL,6,NONE,NOT CODED,NOT CODED,NONE,NOT CODED,NOT CODED,14 MOTOR VEHICLE IN TRANSPORT,01 FRONT TO REAR,01 STRAIGHT AHEAD,OPERATED MV IN CARLESS OR NEGL,NO CONTRIBUTING ACTION,00 NOT CODED,00 NOT CODED,00 NOT CODED,00 NOT CODED,01 NO,2,0,0,0,2,0,2,2,N,N,N,Y,N,N,N,N,N,N,N,N,N,N,N,N,N,N,N,N,N,N,N,N,N,N,28.551654659,-81.537535832,447419.298089,3158432.33542,C,,ARBM15Q1R2,"June 10, 2023",2927814,-9076717.32056505,3318705.219198211
2020882313770,2020,882313770,FHPD20OFF046997,FLORIDA HIGHWAY PATROL,05 FIFTH,ORANGE,"July 11, 2020",2138,SUNDAY,"7500 UNINCORPORATED, ORANGE",0700,N,SR 436,WEKIWA SPRINGS RD,0,E,28.6730484,-81.4681284,28.6729137,-81.4678987,75120000,1.706,06162,SR 436,,L LEFT,4 THRU LANE 4,W WEST,30 URBAN 6+LN 2WY DIVD RASD,03 STATE,03 INTERSECTION-RELATED,01 ON ROADWAY,02 FOUR-WAY INTERSECTION,03 CURB,36,"September 8, 2019",14 URBAN PRIN ART OTHER,48,PAVED,4,CURB&GUTTER,2,,0,33,40000,RCI,4.5,,45,2 POSSIBLE INJURY,31 Q/C COMPLETED - LOC VERIFIED,0 NO,03 INFLUENCED BY INTERSECTION,04 DARK-LIGHTED,01 CLEAR,01 DRY,01 LEVEL,1 STRAIGHT,"TWO-WAY, DIVIDED, POSITIVE MED","TWO-WAY, DIVIDED, POSITIVE MED",TRAFFIC CONTROL SIGNAL,TRAFFIC CONTROL SIGNAL,8,NONE,NOT CODED,NOT CODED,NONE,NOT CODED,NOT CODED,14 MOTOR VEHICLE IN TRANSPORT,03 ANGLE,06 CHANGING LANES,FAILED TO KEEP IN PROPER LANE,NO CONTRIBUTING ACTION,00 NOT CODED,00 NOT CODED,00 NOT CODED,00 NOT CODED,01 NO,1,0,0,0,2,0,2,2,N,N,N,Y,N,N,N,N,N,N,N,N,N,N,N,N,N,N,N,N,N,N,N,N,N,N,28.673018115,-81.46784128,454289.348051,3171849.249544,L,,ARBM15Q1R2,"June 10, 2023",2927909,-9068958.956625605,3334094.712172297
2020880298820,2020,880298820,FHPK20OFF039192,FLORIDA HIGHWAY PATROL,08 TURNPIKE,ORANGE,"September 1, 2020",0635,WEDNESDAY,7546 ORLANDO,0746,N,SR 91,MILE MARKER #263,0,,28.5036099,-81.48444,28.5065135,-81.4883642,75470000,13.515,08893,SR 91,,L LEFT,S SIDE OF ROAD,S SOUTH,03 TOLL ROAD URBAN,06 TURNPIKE/TOLL,01 NON-JUNCTION,03 SHOULDER,01 NOT AT INTERSECTION,01 PAVED,37,"November 11, 2019",12 URBAN PRIN ART EXPR.,48,PAVED WARN,8,VALLEY GUTR,3.5,,0,26,116000,RCI,17.8,,70,2 POSSIBLE INJURY,31 Q/C COMPLETED - LOC VERIFIED,0 NO,01 NOT AT INTERSECTION/RRX/BRIDGE,03 DAWN,01 CLEAR,01 DRY,03 UPHILL,1 STRAIGHT,"TWO-WAY, DIVIDED, POSITIVE MED",,NO CONTROLS,NOT CODED,8,NONE,NOT CODED,NOT CODED,NONE,NOT CODED,NOT CODED,27 GUARDRAIL FACE,77 OTHER (SEE NARRATIVE),01 STRAIGHT AHEAD,NO CONTRIBUTING ACTION,NOT CODED,00 NOT CODED,00 NOT CODED,00 NOT CODED,00 NOT CODED,01 NO,2,0,0,0,1,0,1,2,N,N,N,N,Y,N,N,N,N,N,N,N,N,N,N,N,N,N,N,N,N,N,N,N,N,N,28.506308821,-81.488514085,452194.118486,3153388.133346,L,,ARBM15Q1R2,"June 10, 2023",2928355,-9071260.242924701,3312959.6955341036
2020877810510,2020,877810510,OCPD20OFF003252,COUNTY SHERIFF'S OFFICE,05 FIFTH,ORANGE,"August 20, 2020",2036,FRIDAY,7542 OCOEE,0742,Y,CLARKE RD,SILVER STAR RD,0,,28.5736999,-81.51738,28.573713,-81.5173625,75250000,2.16,06436,SR 438,,I INTERSECTION,M MIDDLE,E EAST,20 URBAN 4-5LN 2WY DIVD RASD,03 STATE,02 INTERSECTION,01 ON ROADWAY,02 FOUR-WAY INTERSECTION,01 PAVED,38,"September 8, 2019",16 URBAN MINOR ART,24,PAVED,4,CURB&GUTTER,2,,0,30,19900,RCI,6.1,,45,1 NO INJURY,31 Q/C COMPLETED - LOC VERIFIED,0 NO,02 AT INTERSECTION,04 DARK-LIGHTED,02 CLOUDY,02 WET,01 LEVEL,1 STRAIGHT,"TWO-WAY, NOT DIVIDED","TWO-WAY, NOT DIVIDED",TRAFFIC CONTROL SIGNAL,TRAFFIC CONTROL SIGNAL,4,NONE,NOT CODED,NOT CODED,NONE,NOT CODED,NOT CODED,14 MOTOR VEHICLE IN TRANSPORT,02 FRONT TO FRONT,03 TURNING LEFT,NO CONTRIBUTING ACTION,NO CONTRIBUTING ACTION,00 NOT CODED,00 NOT CODED,00 NOT CODED,00 NOT CODED,01 NO,0,0,0,0,2,0,2,2,N,N,N,Y,N,N,N,N,N,N,N,N,N,N,N,N,N,N,N,N,N,N,N,N,N,N,28.573624652,-81.517369508,449402.466866,3160857.639238,R,,ARBM15Q1R2,"June 10, 2023",2928375,-9074472.415061584,3321489.806969169
2020882606070,2020,882606070,FHPK20OFF034458,FLORIDA HIGHWAY PATROL,08 TURNPIKE,ORANGE,"August 5, 2020",0716,THURSDAY,7546 ORLANDO,0746,N,SR 91,CONROY WINDERMERE RD,0.75,N,28.4957998,-81.4695801,28.4985409,-81.4762031,75470000,12.589,08833,SR 91,,L LEFT,2 THRU LANE 2,S SOUTH,03 TOLL ROAD URBAN,06 TURNPIKE/TOLL,01 NON-JUNCTION,01 ON ROADWAY,01 NOT AT INTERSECTION,01 PAVED,37,"November 11, 2019",12 URBAN PRIN ART EXPR.,48,PAVED WARN,10,LAWN,12,,0,26,116000,RCI,17.8,0D4500,70,3 NO-INCAPACITATING INJURY,31 Q/C COMPLETED - LOC VERIFIED,0 NO,01 NOT AT INTERSECTION/RRX/BRIDGE,01 DAYLIGHT,02 CLOUDY,01 DRY,01 LEVEL,1 STRAIGHT,"TWO-WAY, DIVIDED, POSITIVE MED","TWO-WAY, DIVIDED, POSITIVE MED",NO CONTROLS,NO CONTROLS,8,NONE,NOT CODED,NOT CODED,NONE,NOT CODED,NOT CODED,14 MOTOR VEHICLE IN TRANSPORT,01 FRONT TO REAR,01 STRAIGHT AHEAD,OPERATED MV IN CARLESS OR NEGL,NO CONTRIBUTING ACTION,00 NOT CODED,00 NOT CODED,00 NOT CODED,00 NOT CODED,01 NO,2,0,0,0,3,0,3,3,N,N,N,N,N,N,N,N,N,N,N,N,N,N,N,N,N,N,N,N,N,N,N,N,N,N,28.498357975,-81.476341246,453381.870576,3152502.508816,L,,ARBM15Q1R2,"June 10, 2023",2928421,-9069905.168160515,3311952.5418182923
2020881927040,2020,881927040,FHPD20OFF064214,FLORIDA HIGHWAY PATROL,05 FIFTH,ORANGE,"September 17, 2020",2210,FRIDAY,7546 ORLANDO,0746,N,SR 50,SR 436,0.019,W,28.5556029,-81.3135735,28.5566059,-81.3115601,75060000,5.149,00077,SR 50,,R RIGHT,1 THRU LANE 1,E EAST,33 SUBURBAN 6+LN 2WY DIVD RASD,03 STATE,01 NON-JUNCTION,01 ON ROADWAY,01 NOT AT INTERSECTION,03 CURB,42,"September 9, 2019",14 URBAN PRIN ART OTHER,36,PAVED,9,,0,,0,21,68500,RCI,2.5,0D45,50,3 NO-INCAPACITATING INJURY,31 Q/C COMPLETED - LOC VERIFIED,0 NO,03 INFLUENCED BY INTERSECTION,04 DARK-LIGHTED,01 CLEAR,01 DRY,03 UPHILL,1 STRAIGHT,"TWO-WAY, DIVIDED, POSITIVE MED","TWO-WAY, DIVIDED, POSITIVE MED",NO CONTROLS,NO CONTROLS,6,NONE,NOT CODED,NOT CODED,NONE,NOT CODED,NOT CODED,14 MOTOR VEHICLE IN TRANSPORT,01 FRONT TO REAR,01 STRAIGHT AHEAD,NO CONTRIBUTING ACTION,NO CONTRIBUTING ACTION,00 NOT CODED,00 NOT CODED,00 NOT CODED,00 NOT CODED,01 NO,2,0,0,0,2,0,2,2,N,N,N,Y,N,N,N,N,N,N,N,N,N,N,N,N,N,N,N,N,Y,N,N,N,N,N,28.556509898,-81.311624055,469519.106322,3158891.954139,R,,ARBM15Q1R2,"June 10, 2023",2928514,-9051568.929285467,3319320.5474331747
2020881417710,2020,881417710,FHPK20OFF028467,FLORIDA HIGHWAY PATROL,08 TURNPIKE,ORANGE,"July 2, 2020",1048,FRIDAY,7552 WINTER GARDEN,0752,N,SR 429,WESTERN WAY,1,S,28.36701,-81.60975,0,0,75473000,1.174,04164,SR 429,,M MEDIAN,M MIDDLE,S SOUTH,03 TOLL ROAD URBAN,03 STATE,18 THROUGH ROADWAY,04 MEDIAN,01 NOT AT INTERSECTION,01 PAVED,36,"February 12, 2020",12 URBAN PRIN ART EXPR.,36,PAVED WARN,8,VALLEY GUTR,3.5,,0,64,31400,RCI,10.3,0D48,70,1 NO INJURY,31 Q/C COMPLETED - LOC VERIFIED,0 NO,01 NOT AT INTERSECTION/RRX/BRIDGE,01 DAYLIGHT,02 CLOUDY,02 WET,01 LEVEL,1 STRAIGHT,"TWO-WAY, DIVIDED, POSITIVE MED",,NO CONTROLS,NOT CODED,5,"RD SURFC (WET, ICY, SNOW, ETC)",NOT CODED,NOT CODED,WEATHER CONDITIONS,NOT CODED,NOT CODED,27 GUARDRAIL FACE,88 UNKNOWN,01 STRAIGHT AHEAD,OPERATED MV IN CARLESS OR NEGL,NOT CODED,00 NOT CODED,00 NOT CODED,00 NOT CODED,00 NOT CODED,01 NO,0,0,0,0,1,0,1,1,N,N,N,N,Y,N,N,N,N,N,N,N,N,N,N,N,N,N,N,N,N,Y,N,Y,N,N,28.363247931,-81.610283604,440197.1714,3137593.578619,R,,ARBM15Q1R2,"June 10, 2023",2928531,-9084815.56716534,3294849.385536053
2020881417720,2020,881417720,FHPK20OFF030502,FLORIDA HIGHWAY PATROL,08 TURNPIKE,ORANGE,"July 14, 2020",1007,WEDNESDAY,"7500 UNINCORPORATED, ORANGE",0700,N,SR 429,WESTERN WAY,0.019,S,28.3741245,-81.6102808,0,0,75473000,2.155,04019,SR 429,,R RIGHT,1 THRU LANE 1,N NORTH,03 TOLL ROAD URBAN,03 STATE,18 THROUGH ROADWAY,01 ON ROADWAY,01 NOT AT INTERSECTION,01 PAVED,36,"February 12, 2020",12 URBAN PRIN ART EXPR.,24,PAVED WARN,8,VALLEY GUTR,3.5,,0,64,31400,RCI,10.3,0D32,70,4 INCAPACITATING INJURY,31 Q/C COMPLETED - LOC VERIFIED,0 NO,01 NOT AT INTERSECTION/RRX/BRIDGE,01 DAYLIGHT,02 CLOUDY,01 DRY,01 LEVEL,1 STRAIGHT,"TWO-WAY, DIVIDED, POSITIVE MED","TWO-WAY, DIVIDED, POSITIVE MED",NO CONTROLS,NO CONTROLS,4,OBSTRUCTION IN ROADWAY,NOT CODED,NOT CODED,NONE,NOT CODED,NOT CODED,05 CARGO/EQUIPMENT LOSS OR SHIFT,77 OTHER (SEE NARRATIVE),77 OTHER (SEE NARRATIVE),OTHER CONTRIBUTING ACTION,OPERATED MV IN CARLESS OR NEGL,00 NOT CODED,00 NOT CODED,00 NOT CODED,00 NOT CODED,01 NO,2,0,2,0,3,0,3,4,N,N,N,N,N,N,N,N,N,N,N,N,N,N,N,N,N,N,N,N,N,N,N,N,N,N,28.377446037,-81.611199748,440115.368126,3139166.964754,R,,ARBM15Q1R2,"June 10, 2023",2928532,-9084917.551935306,3296645.653444784
2020881417730,2020,881417730,FHPK20OFF031730,FLORIDA HIGHWAY PATROL,08 TURNPIKE,ORANGE,"July 21, 2020",0823,WEDNESDAY,"7500 UNINCORPORATED, ORANGE",0700,N,SR 91,CONSULATE DR,0.003,N,28.4340132,-81.4103751,28.4338595,-81.4102982,75470121,0.217,03894,SR 91,,L LEFT,X RAMP,S SOUTH,08 RAMP RURAL,06 TURNPIKE/TOLL,03 INTERSECTION-RELATED,01 ON ROADWAY,02 FOUR-WAY INTERSECTION,01 PAVED,0,"December 31, 2000",,24,PAVED,4,LAWN,8,,0,,10000,RCI,17.8,,,2 POSSIBLE INJURY,31 Q/C COMPLETED - LOC VERIFIED,0 NO,08 EXIT RAMP,01 DAYLIGHT,02 CLOUDY,01 DRY,01 LEVEL,1 STRAIGHT,ONE-WAY TRAFFICWAY,ONE-WAY TRAFFICWAY,TRAFFIC CONTROL SIGNAL,TRAFFIC CONTROL SIGNAL,2,NONE,NOT CODED,NOT CODED,NONE,NOT CODED,NOT CODED,14 MOTOR VEHICLE IN TRANSPORT,03 ANGLE,17 ENTERING TRAFFIC LANE,OTHER CONTRIBUTING ACTION,NO CONTRIBUTING ACTION,00 NOT CODED,00 NOT CODED,00 NOT CODED,00 NOT CODED,01 NO,1,0,0,0,2,0,2,2,N,N,Y,N,N,N,N,N,N,N,Y,N,N,N,N,N,N,N,N,N,N,N,N,N,N,N,28.43385865,-81.410291832,459821.610353,3145333.135916,O,,ARBM15Q1R2,"June 10, 2023",2928533,-9062552.578649199,3303785.051332692