Crash Id,Calendar Year,FDOT Crash Number,Reporting Agency Case Number,Reporting Agency Type,FDOT Managing District,County Name,Crash Date,Crash Time,Day,DHSMV City,Crash Report City Code,In Town,On Roadway Name,Int Roadway Name,Reference Distance (Miles),Reference Direction,Officer Latitude,Officer Longitude,FDOT Latitude,FDOT Longitude,FDOT Roadway,Nearest Inventory MP,Nearest Node From Crash,State Road #,US Highway,Crash Side of Road,Accident Lane Number,Travel Direction Vehicle 1,FDOT Road Category,DHSMV Road System Id,Relation to Junction,Crash Harmful Event Location,Intersection Type,Shoulder Type,FDOT Roadway SKID Test Result,FDOT Roadway SKID Test Date,Functional Class,RCI Surface Width,RCI Shoulder Type First,RCI Shoulder Width First,RCI Shoulder Type Second,RCI Shoulder Width Second,RCI Shoulder Type Third,RCI Shoulder Width Third,RCI Median Width,Avg Daily Traffic,AADT Source,RCI Avg Per Truck Traffic,RCI Horiz Curve Condition,Posted Speed Limit,Highest Injury in Crash,CAR Status Code,Alcohols/Drug Involved,Site Location,Lighting,Weather,Road Surface,Roadway Grade,Roadway Alignment,Traffic Way Vehicle 1,Traffic Way Vehicle 2,Traffic Control Vehicle 1,Traffic Control Vehicle 2,Count of Lanes,Road Condition 1,Road Condition 2,Road Condition 3,Environment Condition 1,Environment Condition 2,Environment Condition 3,Crash Harmful Event,Manner of Collision,Vehicle Movement,Driver Action Vehicle 1,Driver Action Vehicle 2,Location Within Workzone,Type of Workzone,Workers Present in Workzone,Law Enforcement Present in Workzone,School Bus Related,Count of Nonfatal Injuries,Count of Traffic Fatalities,Count of Serious Injuries,Count of Pedestrians,Count of Drivers,Count of Bicyclists,Count of Vehicles,Count of Persons,Wrong Way,Workzone Inv,Commercial Vehicle Inv,Intersection Inv,Lane Departure,Speeding,Agressive Driving,Impaired Driver,Impaired Pedestrian,Impaired Bicyclist,Distracted Driver,Speeding or Aggressive Driving,Pedestrian Related,Bicyclist Related,Pedestrian or Bicyclist Related,Motorcycle Inv,No Belt,No Belt - Ages 1-4,No Belt - Ages 5-12,No Belt - Ages 13-17,Driver - Ages Teen,Driver - Ages 65 plus,Driver - Ages 65-69,Driver - Ages 70-74,Driver - Ages 75-79,Driver - Ages 80 plus,ARBM Latitude,ARBM Longitude,UTM Zone 17N X,UTM Zone 17N Y,ARBM Side of Road,Urban Rural Indicator,GIS Street Source,Extract Date,OBJECTID,x,y
2020881605190,2020,881605190,FHPD20OFF064774,FLORIDA HIGHWAY PATROL,05 FIFTH,ORANGE,"September 19, 2020",0140,SUNDAY,7533 ORLANDO TRANSIT AUTHORITY,0733,N,SR 417,SR 423,0.5,S,28.36934,-81.42985,28.3676783,-81.4315886,75301000,3.07,05357,SR 417,,R RIGHT,S SIDE OF ROAD,N NORTH,03 TOLL ROAD URBAN,06 TURNPIKE/TOLL,01 NON-JUNCTION,03 SHOULDER,01 NOT AT INTERSECTION,01 PAVED,36,"November 12, 2019",12 URBAN PRIN ART EXPR.,24,PAVED,8,VALLEY GUTR,3,,0,65,73500,RCI,5,,70,0 UNKNOWN/NOT CODED,31 Q/C COMPLETED - LOC VERIFIED,0 NO,01 NOT AT INTERSECTION/RRX/BRIDGE,04 DARK-LIGHTED,77 OTHER (SEE NARRATIVE),88 UNKNOWN,01 LEVEL,1 STRAIGHT,"TWO-WAY, DIVIDED, POSITIVE MED",,NO CONTROLS,NOT CODED,4,UNKNOWN,NOT CODED,NOT CODED,UNKNOWN,NOT CODED,NOT CODED,28 GUARDRAIL END,77 OTHER (SEE NARRATIVE),88 UNKNOWN,NOT CODED,NOT CODED,00 NOT CODED,00 NOT CODED,00 NOT CODED,00 NOT CODED,01 NO,0,0,0,0,0,0,1,0,N,N,N,N,Y,N,N,N,N,N,N,N,N,N,N,N,N,N,N,N,N,N,N,N,N,N,28.367531717,-81.431736503,457695.254654,3137992.563774,R,,ARBM15Q1R2,"June 10, 2023",2928960,-9064939.78897613,3295391.322319996
2020881605200,2020,881605200,FHPD20OFF065017,FLORIDA HIGHWAY PATROL,05 FIFTH,ORANGE,"September 20, 2020",1600,MONDAY,7533 ORLANDO TRANSIT AUTHORITY,0733,N,SR 417,SR 423,1.5,S,28.3597299,-81.44239,28.3587243,-81.4446152,75301000,2.05,03148,SR 417,,M MEDIAN,M MIDDLE,S SOUTH,03 TOLL ROAD URBAN,06 TURNPIKE/TOLL,15 CROSSOVER-RELATED,04 MEDIAN,01 NOT AT INTERSECTION,01 PAVED,36,"November 12, 2019",12 URBAN PRIN ART EXPR.,24,PAVED WARN,10,LAWN,12,,0,65,73500,RCI,5,1D00,70,1 NO INJURY,31 Q/C COMPLETED - LOC VERIFIED,0 NO,01 NOT AT INTERSECTION/RRX/BRIDGE,01 DAYLIGHT,01 CLEAR,01 DRY,01 LEVEL,1 STRAIGHT,"TWO-WAY, DIVIDED, POSITIVE MED",,NO CONTROLS,NOT CODED,4,NONE,NOT CODED,NOT CODED,NONE,NOT CODED,NOT CODED,09 OTHER NON-COLLISION,77 OTHER (SEE NARRATIVE),16 LEAVING TRAFFIC LANE,FAILED TO KEEP IN PROPER LANE,NOT CODED,00 NOT CODED,00 NOT CODED,00 NOT CODED,00 NOT CODED,01 NO,0,0,0,0,1,0,1,1,N,N,N,N,Y,N,N,N,N,N,N,N,N,N,N,N,N,N,N,N,N,N,N,N,N,N,28.358642253,-81.444908103,456400.956557,3137012.455078,R,,ARBM15Q1R2,"June 10, 2023",2928961,-9066406.045199946,3294266.752189385
2020882017760,2020,882017760,FHPK20OFF032002,FLORIDA HIGHWAY PATROL,08 TURNPIKE,ORANGE,"July 22, 2020",1601,THURSDAY,7546 ORLANDO,0746,N,SR 528,CR 423,0.095,S,28.4241664,-81.4223818,0,0,75471127,0.095,04116,SR 528,,R RIGHT,X RAMP,N NORTH,08 RAMP RURAL,03 STATE,14 ENTRANCE/EXIT RAMP,03 SHOULDER,01 NOT AT INTERSECTION,01 PAVED,0,"December 31, 2000",,16,PAVED,4,LAWN,4,,0,,7200,RCI,14.7,,,1 NO INJURY,31 Q/C COMPLETED - LOC VERIFIED,0 NO,07 ENTRANCE RAMP,01 DAYLIGHT,02 CLOUDY,01 DRY,03 UPHILL,2 CURVE RIGHT,"TWO-WAY, DIVIDED, POSITIVE MED",,NO CONTROLS,NOT CODED,1,NONE,NOT CODED,NOT CODED,NONE,NOT CODED,NOT CODED,"36 OTHER POST, POLE, OR SUPPORT",77 OTHER (SEE NARRATIVE),15 NEGOTIATING A CURVE,OTHER CONTRIBUTING ACTION,NOT CODED,00 NOT CODED,00 NOT CODED,00 NOT CODED,00 NOT CODED,01 NO,0,0,0,0,1,0,1,1,N,N,N,N,Y,N,N,N,N,N,N,N,N,N,N,N,N,N,N,N,Y,N,N,N,N,N,28.424731243,-81.421660736,458704.74115,3144325.81637,O,,ARBM15Q1R2,"June 10, 2023",2929041,-9063818.159688512,3302629.6583968024
2020882017770,2020,882017770,FHPK20OFF032047,FLORIDA HIGHWAY PATROL,08 TURNPIKE,ORANGE,"July 22, 2020",2021,THURSDAY,7550 WINDERMERE,0750,N,SR 91,SR 408,1,S,28.5209427,-81.5076656,28.525699,-81.5139843,75470000,15.569,08888,SR 91,,R RIGHT,2 THRU LANE 2,N NORTH,03 TOLL ROAD URBAN,06 TURNPIKE/TOLL,01 NON-JUNCTION,01 ON ROADWAY,01 NOT AT INTERSECTION,01 PAVED,37,"November 11, 2019",12 URBAN PRIN ART EXPR.,48,PAVED WARN,10,LAWN,12,,0,26,116000,RCI,17.8,,70,1 NO INJURY,31 Q/C COMPLETED - LOC VERIFIED,0 NO,01 NOT AT INTERSECTION/RRX/BRIDGE,04 DARK-LIGHTED,03 RAIN,02 WET,01 LEVEL,1 STRAIGHT,"TWO-WAY, DIVIDED, POSITIVE MED","TWO-WAY, DIVIDED, POSITIVE MED",NO CONTROLS,NO CONTROLS,8,"RD SURFC (WET, ICY, SNOW, ETC)",NOT CODED,NOT CODED,WEATHER CONDITIONS,NOT CODED,NOT CODED,14 MOTOR VEHICLE IN TRANSPORT,03 ANGLE,01 STRAIGHT AHEAD,OPERATED MV IN CARLESS OR NEGL,NO CONTRIBUTING ACTION,00 NOT CODED,00 NOT CODED,00 NOT CODED,00 NOT CODED,01 NO,0,0,0,0,2,0,2,3,N,N,N,N,Y,N,N,N,N,N,N,N,N,N,N,N,N,N,N,N,N,N,N,N,N,N,28.525712868,-81.513994449,449709.786775,3155548.240325,R,,ARBM15Q1R2,"June 10, 2023",2929042,-9074096.7048795,3315417.9738767296
2020882085690,2020,882085690,FHPK20OFF029641,FLORIDA HIGHWAY PATROL,08 TURNPIKE,ORANGE,"July 9, 2020",0715,FRIDAY,7546 ORLANDO,0746,N,SR 528,MM1,0,,28.422096,-81.4738043,28.421713,-81.4715697,75471114,0,01601,SR 528,,L LEFT,X RAMP,W WEST,08 RAMP RURAL,03 STATE,14 ENTRANCE/EXIT RAMP,01 ON ROADWAY,01 NOT AT INTERSECTION,01 PAVED,0,"December 31, 2000",,16,PAVED,2,LAWN,10,,0,,20000,RCI,14.7,,,1 NO INJURY,31 Q/C COMPLETED - LOC VERIFIED,0 NO,08 EXIT RAMP,01 DAYLIGHT,03 RAIN,02 WET,03 UPHILL,1 STRAIGHT,ONE-WAY TRAFFICWAY,,NO CONTROLS,NOT CODED,1,NONE,NOT CODED,NOT CODED,NONE,NOT CODED,NOT CODED,04 JACKKNIFE,77 OTHER (SEE NARRATIVE),01 STRAIGHT AHEAD,DROVE TOO FAST FOR CONDITIONS,NOT CODED,00 NOT CODED,00 NOT CODED,00 NOT CODED,00 NOT CODED,01 NO,0,0,0,0,1,0,1,2,N,N,Y,N,Y,Y,N,N,N,N,Y,Y,N,N,N,N,N,N,N,N,N,N,N,N,N,N,28.421714058,-81.471574728,453815.0573,3144009.6987,O,,ARBM15Q1R2,"June 10, 2023",2929497,-9069374.561468681,3302247.7496832493
2020881605110,2020,881605110,FHPD20OFF061501,FLORIDA HIGHWAY PATROL,05 FIFTH,ORANGE,"September 7, 2020",1740,TUESDAY,7533 ORLANDO TRANSIT AUTHORITY,0733,N,SR 414,KEENE RD,0.25,S,28.6410745,-81.4987129,28.6360056,-81.492948,75340000,2.743,04542,SR 414,,M MEDIAN,M MIDDLE,W WEST,03 TOLL ROAD URBAN,06 TURNPIKE/TOLL,01 NON-JUNCTION,02 OFF ROADWAY,01 NOT AT INTERSECTION,01 PAVED,39,"March 2, 2020",12 URBAN PRIN ART EXPR.,36,PAVED,8,VALLEY GUTR,2,,0,26,36500,RCI,3.8,2D00,65,1 NO INJURY,31 Q/C COMPLETED - LOC VERIFIED,0 NO,01 NOT AT INTERSECTION/RRX/BRIDGE,01 DAYLIGHT,03 RAIN,02 WET,01 LEVEL,1 STRAIGHT,"TWO-WAY, DIVIDED, POSITIVE MED",,NO CONTROLS,NOT CODED,6,NONE,NOT CODED,NOT CODED,NONE,NOT CODED,NOT CODED,30 CONCRETE TRAFFIC BARRIER,77 OTHER (SEE NARRATIVE),01 STRAIGHT AHEAD,DROVE TOO FAST FOR CONDITIONS,NOT CODED,00 NOT CODED,00 NOT CODED,00 NOT CODED,00 NOT CODED,01 NO,0,0,0,0,1,0,1,1,N,N,N,N,Y,Y,N,N,N,N,N,Y,N,N,N,N,N,N,N,N,N,N,N,N,N,N,28.634264925,-81.484030345,452690.175276,3167562.169854,R,,ARBM15Q1R2,"June 10, 2023",2929626,-9070761.115505299,3329178.6808521263
2020881605120,2020,881605120,FHPD20OFF062441,FLORIDA HIGHWAY PATROL,05 FIFTH,ORANGE,"September 11, 2020",1150,SATURDAY,7533 ORLANDO TRANSIT AUTHORITY,0733,N,SR 417,SR 408,0,,28.54716,-81.2689799,28.5536318,-81.2651416,75300032,0.313,02300,SR 417,,L LEFT,X RAMP,S SOUTH,08 RAMP RURAL,06 TURNPIKE/TOLL,01 NON-JUNCTION,03 SHOULDER,01 NOT AT INTERSECTION,01 PAVED,0,"December 31, 2000",,26,PAVED,5,,0,,0,,29500,RCI,4.1,,,2 POSSIBLE INJURY,31 Q/C COMPLETED - LOC VERIFIED,0 NO,08 EXIT RAMP,01 DAYLIGHT,03 RAIN,02 WET,04 DOWNHILL,2 CURVE RIGHT,ONE-WAY TRAFFICWAY,,TRAFFIC CONTROL SIGNAL,NOT CODED,2,NONE,NOT CODED,NOT CODED,NONE,NOT CODED,NOT CODED,30 CONCRETE TRAFFIC BARRIER,77 OTHER (SEE NARRATIVE),01 STRAIGHT AHEAD,DROVE TOO FAST FOR CONDITIONS,NOT CODED,00 NOT CODED,00 NOT CODED,00 NOT CODED,00 NOT CODED,01 NO,1,0,0,0,1,0,1,2,N,N,N,N,Y,Y,N,N,N,N,Y,Y,N,N,N,N,N,N,N,N,Y,N,N,N,N,N,28.553630833,-81.265149537,474064.233584,3158562.060016,O,,ARBM15Q1R2,"June 10, 2023",2929627,-9046395.40805258,3318955.666674753
2020881605140,2020,881605140,FHPD20OFF064611,FLORIDA HIGHWAY PATROL,05 FIFTH,ORANGE,"September 19, 2020",1050,SUNDAY,7533 ORLANDO TRANSIT AUTHORITY,0733,N,SR 528,SR 15,0.5,E,28.4488899,-81.2560299,28.4489271,-81.255767,75002000,13.484,05624,SR 528,,L LEFT,3 THRU LANE 3,W WEST,03 TOLL ROAD URBAN,06 TURNPIKE/TOLL,01 NON-JUNCTION,01 ON ROADWAY,01 NOT AT INTERSECTION,01 PAVED,36,"March 3, 2020",12 URBAN PRIN ART EXPR.,24,PAVED WARN,10,LAWN,8,,0,48,75500,RCI,2.6,,70,1 NO INJURY,31 Q/C COMPLETED - LOC VERIFIED,0 NO,01 NOT AT INTERSECTION/RRX/BRIDGE,01 DAYLIGHT,03 RAIN,02 WET,01 LEVEL,1 STRAIGHT,"TWO-WAY, DIVIDED, POSITIVE MED","TWO-WAY, DIVIDED, POSITIVE MED",NO CONTROLS,NO CONTROLS,5,NONE,NOT CODED,NOT CODED,NONE,NOT CODED,NOT CODED,14 MOTOR VEHICLE IN TRANSPORT,"04 SIDESWIPE, SAME DIRECTION",01 STRAIGHT AHEAD,DROVE TOO FAST FOR CONDITIONS,NO CONTRIBUTING ACTION,00 NOT CODED,00 NOT CODED,00 NOT CODED,00 NOT CODED,01 NO,0,0,0,0,2,0,2,5,N,N,N,N,Y,Y,N,N,N,N,N,Y,N,N,N,N,N,N,N,N,Y,N,N,N,N,N,28.449136513,-81.255700768,474963.821534,3146983.768093,L,,ARBM15Q1R2,"June 10, 2023",2929628,-9045343.575280616,3305719.223263856
2020881605160,2020,881605160,FHPD20OFF064641,FLORIDA HIGHWAY PATROL,05 FIFTH,ORANGE,"September 19, 2020",1140,SUNDAY,7533 ORLANDO TRANSIT AUTHORITY,0733,N,SR 417,SR 50,0.189,S,28.5694699,-81.26567,28.5655388,-81.2667398,75300000,7.901,02649,SR 417,,M MEDIAN,M MIDDLE,N NORTH,03 TOLL ROAD URBAN,06 TURNPIKE/TOLL,01 NON-JUNCTION,02 OFF ROADWAY,01 NOT AT INTERSECTION,01 PAVED,37,"November 12, 2019",12 URBAN PRIN ART EXPR.,36,PAVED WARN,12,LAWN,12,,0,56,73500,RCI,5,,70,1 NO INJURY,31 Q/C COMPLETED - LOC VERIFIED,0 NO,01 NOT AT INTERSECTION/RRX/BRIDGE,01 DAYLIGHT,03 RAIN,02 WET,01 LEVEL,1 STRAIGHT,"TWO-WAY, DIVIDED, POSITIVE MED",,NO CONTROLS,NOT CODED,6,NONE,NOT CODED,NOT CODED,NONE,NOT CODED,NOT CODED,18 OTHER NON-FIXED OBJECT,77 OTHER (SEE NARRATIVE),01 STRAIGHT AHEAD,DROVE TOO FAST FOR CONDITIONS,NOT CODED,00 NOT CODED,00 NOT CODED,00 NOT CODED,00 NOT CODED,01 NO,0,0,0,0,1,0,1,1,N,N,N,N,Y,Y,N,N,N,N,N,Y,N,N,N,N,N,N,N,N,N,N,N,N,N,N,28.565521263,-81.266723441,473913.212221,3159879.681156,R,,ARBM15Q1R2,"June 10, 2023",2929629,-9046570.614402743,3320462.6758545605
2020881605170,2020,881605170,FHPD20OFF064664,FLORIDA HIGHWAY PATROL,05 FIFTH,ORANGE,"September 19, 2020",1240,SUNDAY,7533 ORLANDO TRANSIT AUTHORITY,0733,N,SR 417,SR 408,0,,28.5478447,-81.2630312,28.5540545,-81.2655935,75300032,0.273,01207,SR 417,,L LEFT,X RAMP,S SOUTH,08 RAMP RURAL,06 TURNPIKE/TOLL,01 NON-JUNCTION,03 SHOULDER,01 NOT AT INTERSECTION,01 PAVED,0,"December 31, 2000",,26,PAVED,5,,0,,0,,29500,RCI,4.1,,,1 NO INJURY,31 Q/C COMPLETED - LOC VERIFIED,0 NO,08 EXIT RAMP,01 DAYLIGHT,03 RAIN,02 WET,01 LEVEL,2 CURVE RIGHT,ONE-WAY TRAFFICWAY,,NO CONTROLS,NOT CODED,2,NONE,NOT CODED,NOT CODED,NONE,NOT CODED,NOT CODED,30 CONCRETE TRAFFIC BARRIER,77 OTHER (SEE NARRATIVE),01 STRAIGHT AHEAD,DROVE TOO FAST FOR CONDITIONS,NOT CODED,00 NOT CODED,00 NOT CODED,00 NOT CODED,00 NOT CODED,01 NO,0,0,0,0,1,0,1,1,N,N,N,N,Y,Y,N,N,N,N,N,Y,N,N,N,N,N,N,N,N,N,N,N,N,N,N,28.554052323,-81.265603793,474019.903574,3158608.852971,O,,ARBM15Q1R2,"June 10, 2023",2929630,-9046445.975568935,3319009.083930269
2020881605180,2020,881605180,FHPD20OFF064720,FLORIDA HIGHWAY PATROL,05 FIFTH,ORANGE,"September 19, 2020",1441,SUNDAY,7542 OCOEE,0742,N,SR 417,SR 408,0,,28.5555699,-81.2665599,28.5572032,-81.2682584,75300032,0,01350,SR 417,,L LEFT,X RAMP,S SOUTH,08 RAMP RURAL,06 TURNPIKE/TOLL,01 NON-JUNCTION,03 SHOULDER,01 NOT AT INTERSECTION,01 PAVED,0,"December 31, 2000",,26,PAVED,5,,0,,0,,29500,RCI,4.1,,,1 NO INJURY,31 Q/C COMPLETED - LOC VERIFIED,0 NO,08 EXIT RAMP,01 DAYLIGHT,03 RAIN,02 WET,01 LEVEL,2 CURVE RIGHT,ONE-WAY TRAFFICWAY,,NO CONTROLS,NOT CODED,2,NONE,NOT CODED,NOT CODED,NONE,NOT CODED,NOT CODED,30 CONCRETE TRAFFIC BARRIER,77 OTHER (SEE NARRATIVE),01 STRAIGHT AHEAD,DROVE TOO FAST FOR CONDITIONS,NOT CODED,00 NOT CODED,00 NOT CODED,00 NOT CODED,00 NOT CODED,01 NO,0,0,0,0,1,0,1,1,N,N,N,N,Y,Y,N,N,N,N,N,Y,N,N,N,N,N,N,N,N,N,N,N,N,N,N,28.557203968,-81.268267281,473760.1543,3158958.5876,O,,ARBM15Q1R2,"June 10, 2023",2929631,-9046742.473822784,3319408.5127405855
2020882642080,2020,882642080,FHPK20OFF042021,FLORIDA HIGHWAY PATROL,08 TURNPIKE,ORANGE,"September 16, 2020",1645,THURSDAY,7547 CONWAY,0747,Y,SR 91,MILE MARKER #259,0,,28.4750603,-81.4479322,28.4752011,-81.4469873,75470144,1.051,08903,SR 91,,L LEFT,X RAMP,S SOUTH,08 RAMP RURAL,06 TURNPIKE/TOLL,14 ENTRANCE/EXIT RAMP,01 ON ROADWAY,01 NOT AT INTERSECTION,01 PAVED,0,"December 31, 2000",,24,PAVED,4,LAWN,12,,0,,16000,RCI,17.8,,,1 NO INJURY,31 Q/C COMPLETED - LOC VERIFIED,0 NO,07 ENTRANCE RAMP,01 DAYLIGHT,03 RAIN,02 WET,04 DOWNHILL,2 CURVE RIGHT,ONE-WAY TRAFFICWAY,,NO CONTROLS,NOT CODED,2,"RD SURFC (WET, ICY, SNOW, ETC)",NOT CODED,NOT CODED,WEATHER CONDITIONS,NOT CODED,NOT CODED,09 OTHER NON-COLLISION,77 OTHER (SEE NARRATIVE),15 NEGOTIATING A CURVE,FAILED TO KEEP IN PROPER LANE,NOT CODED,00 NOT CODED,00 NOT CODED,00 NOT CODED,00 NOT CODED,01 NO,0,0,0,0,1,0,1,1,N,N,N,N,Y,N,N,N,N,N,Y,N,N,N,N,N,N,N,N,N,N,N,N,N,N,N,28.475202519,-81.446992257,456244.6581,3149926.1917,O,,ARBM15Q1R2,"June 10, 2023",2929656,-9066638.052667573,3309019.813990617
2020882791630,2020,882791630,FHPK20OFF036606,FLORIDA HIGHWAY PATROL,08 TURNPIKE,ORANGE,"August 17, 2020",1510,TUESDAY,7546 ORLANDO,0746,N,SR 528,INTERNATIONAL DR,0.114,E,28.420851,-81.4585803,28.4209246,-81.4577902,75471000,0.986,01605,SR 528,,M MEDIAN,M MIDDLE,W WEST,03 TOLL ROAD URBAN,06 TURNPIKE/TOLL,01 NON-JUNCTION,01 ON ROADWAY,01 NOT AT INTERSECTION,01 PAVED,37,"November 12, 2019",12 URBAN PRIN ART EXPR.,36,PAVED WARN,8,VALLEY GUTR,3.5,,0,38,91200,RCI,10.3,,55,2 POSSIBLE INJURY,31 Q/C COMPLETED - LOC VERIFIED,0 NO,01 NOT AT INTERSECTION/RRX/BRIDGE,01 DAYLIGHT,03 RAIN,02 WET,01 LEVEL,1 STRAIGHT,"TWO-WAY, DIVIDED, POSITIVE MED",,NO CONTROLS,NOT CODED,7,NONE,NOT CODED,NOT CODED,NONE,NOT CODED,NOT CODED,09 OTHER NON-COLLISION,77 OTHER (SEE NARRATIVE),01 STRAIGHT AHEAD,NO CONTRIBUTING ACTION,NOT CODED,00 NOT CODED,00 NOT CODED,00 NOT CODED,00 NOT CODED,01 NO,1,0,0,0,1,0,1,1,N,N,N,N,Y,N,N,N,N,N,N,N,N,N,N,N,N,N,N,N,N,N,N,N,N,N,28.420898615,-81.457808314,455162.980661,3143914.156097,R,,ARBM15Q1R2,"June 10, 2023",2929731,-9067842.090783017,3302144.534722387
2020882791640,2020,882791640,FHPK20OFF036664,FLORIDA HIGHWAY PATROL,08 TURNPIKE,ORANGE,"August 17, 2020",2011,TUESDAY,7546 ORLANDO,0746,N,SR 91,OAK RIDGE RD,0.3,N,28.4561662,-81.4260303,28.4758711,-81.4470283,75470000,10.158,08903,SR 91,,L LEFT,2 THRU LANE 2,S SOUTH,03 TOLL ROAD URBAN,06 TURNPIKE/TOLL,01 NON-JUNCTION,01 ON ROADWAY,01 NOT AT INTERSECTION,01 PAVED,37,"November 11, 2019",12 URBAN PRIN ART EXPR.,48,PAVED WARN,12,LAWN,0,,0,26,112000,RCI,17.8,,70,2 POSSIBLE INJURY,31 Q/C COMPLETED - LOC VERIFIED,0 NO,01 NOT AT INTERSECTION/RRX/BRIDGE,02 DUSK,01 CLEAR,01 DRY,01 LEVEL,1 STRAIGHT,"TWO-WAY, DIVIDED, POSITIVE MED",,NO CONTROLS,NOT CODED,8,NONE,NOT CODED,NOT CODED,NONE,NOT CODED,NOT CODED,07 THROWN OR FALLING OBJECT,77 OTHER (SEE NARRATIVE),01 STRAIGHT AHEAD,NO CONTRIBUTING ACTION,NOT CODED,00 NOT CODED,00 NOT CODED,00 NOT CODED,00 NOT CODED,01 NO,1,0,0,0,1,0,1,1,N,N,N,N,Y,N,N,N,N,N,N,N,N,N,N,N,N,N,N,N,N,N,N,N,N,N,28.475701073,-81.447192527,456225.259274,3149981.496836,L,,ARBM15Q1R2,"June 10, 2023",2929732,-9066660.346649146,3309082.951024486
2020882791650,2020,882791650,FHPK20OFF037202,FLORIDA HIGHWAY PATROL,08 TURNPIKE,ORANGE,"August 20, 2020",1927,FRIDAY,7552 WINTER GARDEN,0752,N,SR 429,WESTERN WAY,0.331,N,28.3827836,-81.6139353,0,0,75473000,2.541,04025,SR 429,,M MEDIAN,M MIDDLE,S SOUTH,03 TOLL ROAD URBAN,06 TURNPIKE/TOLL,01 NON-JUNCTION,01 ON ROADWAY,01 NOT AT INTERSECTION,01 PAVED,36,"February 12, 2020",12 URBAN PRIN ART EXPR.,24,PAVED WARN,10,LAWN,12,,0,64,38000,RCI,10.3,,70,2 POSSIBLE INJURY,31 Q/C COMPLETED - LOC VERIFIED,0 NO,01 NOT AT INTERSECTION/RRX/BRIDGE,02 DUSK,01 CLEAR,01 DRY,01 LEVEL,1 STRAIGHT,"TWO-WAY, DIVIDED, POSITIVE MED","TWO-WAY, DIVIDED, POSITIVE MED",NO CONTROLS,NO CONTROLS,4,NONE,NOT CODED,NOT CODED,NONE,NOT CODED,NOT CODED,14 MOTOR VEHICLE IN TRANSPORT,01 FRONT TO REAR,01 STRAIGHT AHEAD,OPERATED MV IN CARLESS OR NEGL,NO CONTRIBUTING ACTION,00 NOT CODED,00 NOT CODED,00 NOT CODED,00 NOT CODED,01 NO,2,0,0,0,2,0,2,2,N,N,N,N,Y,N,N,N,N,N,N,N,N,N,N,N,N,N,N,N,N,N,N,N,N,N,28.38268946,-81.61357444,439885.650617,3139749.038196,R,,ARBM15Q1R2,"June 10, 2023",2929733,-9085181.901534552,3297309.0837501115
2020882791670,2020,882791670,FHPK20OFF037678,FLORIDA HIGHWAY PATROL,08 TURNPIKE,ORANGE,"August 23, 2020",1310,MONDAY,7546 ORLANDO,0746,N,SR 91,HIAWASSEE RD,5,S,28.5037075,-81.4843509,28.4544095,-81.4244148,75470000,8.131,03311,SR 91,,R RIGHT,4 THRU LANE 4,N NORTH,03 TOLL ROAD URBAN,06 TURNPIKE/TOLL,01 NON-JUNCTION,01 ON ROADWAY,01 NOT AT INTERSECTION,01 PAVED,40,"November 11, 2019",12 URBAN PRIN ART EXPR.,48,PAVED WARN,10,LAWN,12,,0,26,112000,RCI,17.8,0D4500,70,2 POSSIBLE INJURY,31 Q/C COMPLETED - LOC VERIFIED,0 NO,01 NOT AT INTERSECTION/RRX/BRIDGE,01 DAYLIGHT,01 CLEAR,01 DRY,01 LEVEL,1 STRAIGHT,"TWO-WAY, DIVIDED, POSITIVE MED","TWO-WAY, DIVIDED, POSITIVE MED",NO CONTROLS,NO CONTROLS,8,NONE,NOT CODED,NOT CODED,NONE,NOT CODED,NOT CODED,14 MOTOR VEHICLE IN TRANSPORT,01 FRONT TO REAR,01 STRAIGHT AHEAD,OPERATED MV IN CARLESS OR NEGL,NO CONTRIBUTING ACTION,00 NOT CODED,00 NOT CODED,00 NOT CODED,00 NOT CODED,01 NO,2,0,0,0,2,0,2,2,N,N,N,N,N,N,N,N,N,N,N,N,N,N,N,N,N,N,N,N,N,N,N,N,N,N,28.454399204,-81.42437491,458450.519996,3147613.483533,R,,ARBM15Q1R2,"June 10, 2023",2929734,-9064120.300276654,3306385.542007288