Crash Id,Calendar Year,FDOT Crash Number,Reporting Agency Case Number,Reporting Agency Type,FDOT Managing District,County Name,Crash Date,Crash Time,Day,DHSMV City,Crash Report City Code,In Town,On Roadway Name,Int Roadway Name,Reference Distance (Miles),Reference Direction,Officer Latitude,Officer Longitude,FDOT Latitude,FDOT Longitude,FDOT Roadway,Nearest Inventory MP,Nearest Node From Crash,State Road #,US Highway,Crash Side of Road,Accident Lane Number,Travel Direction Vehicle 1,FDOT Road Category,DHSMV Road System Id,Relation to Junction,Crash Harmful Event Location,Intersection Type,Shoulder Type,FDOT Roadway SKID Test Result,FDOT Roadway SKID Test Date,Functional Class,RCI Surface Width,RCI Shoulder Type First,RCI Shoulder Width First,RCI Shoulder Type Second,RCI Shoulder Width Second,RCI Shoulder Type Third,RCI Shoulder Width Third,RCI Median Width,Avg Daily Traffic,AADT Source,RCI Avg Per Truck Traffic,RCI Horiz Curve Condition,Posted Speed Limit,Highest Injury in Crash,CAR Status Code,Alcohols/Drug Involved,Site Location,Lighting,Weather,Road Surface,Roadway Grade,Roadway Alignment,Traffic Way Vehicle 1,Traffic Way Vehicle 2,Traffic Control Vehicle 1,Traffic Control Vehicle 2,Count of Lanes,Road Condition 1,Road Condition 2,Road Condition 3,Environment Condition 1,Environment Condition 2,Environment Condition 3,Crash Harmful Event,Manner of Collision,Vehicle Movement,Driver Action Vehicle 1,Driver Action Vehicle 2,Location Within Workzone,Type of Workzone,Workers Present in Workzone,Law Enforcement Present in Workzone,School Bus Related,Count of Nonfatal Injuries,Count of Traffic Fatalities,Count of Serious Injuries,Count of Pedestrians,Count of Drivers,Count of Bicyclists,Count of Vehicles,Count of Persons,Wrong Way,Workzone Inv,Commercial Vehicle Inv,Intersection Inv,Lane Departure,Speeding,Agressive Driving,Impaired Driver,Impaired Pedestrian,Impaired Bicyclist,Distracted Driver,Speeding or Aggressive Driving,Pedestrian Related,Bicyclist Related,Pedestrian or Bicyclist Related,Motorcycle Inv,No Belt,No Belt - Ages 1-4,No Belt - Ages 5-12,No Belt - Ages 13-17,Driver - Ages Teen,Driver - Ages 65 plus,Driver - Ages 65-69,Driver - Ages 70-74,Driver - Ages 75-79,Driver - Ages 80 plus,ARBM Latitude,ARBM Longitude,UTM Zone 17N X,UTM Zone 17N Y,ARBM Side of Road,Urban Rural Indicator,GIS Street Source,Extract Date,OBJECTID,x,y
2020240638990,2020,240638990,2020-00288673,COUNTY SHERIFF'S OFFICE,05 FIFTH,ORANGE,"September 14, 2020",1650,TUESDAY,7546 ORLANDO,0746,Y,WASHINGTON ST W,WESTMORELAND DR N,0,,0,0,28.5438527,-81.3932046,75030000,0.248,00909,SR 526,,R RIGHT,1 THRU LANE 1,N NORTH,12 URBAN 2-3LN 2WY UNDIVD,05 LOCAL,02 INTERSECTION,01 ON ROADWAY,02 FOUR-WAY INTERSECTION,01 PAVED,35,"March 1, 2020",16 URBAN MINOR ART,22,PAVED,2,RAISED CURB,2,,0,,5600,RCI,1,,30,3 NO-INCAPACITATING INJURY,31 Q/C COMPLETED - LOC VERIFIED,0 NO,02 AT INTERSECTION,01 DAYLIGHT,01 CLEAR,01 DRY,01 LEVEL,1 STRAIGHT,"TWO-WAY, DIVIDED, UNPROTECTED","TWO-WAY, DIVIDED, UNPROTECTED",TRAFFIC CONTROL SIGNAL,TRAFFIC CONTROL SIGNAL,2,NONE,NOT CODED,NOT CODED,NONE,NOT CODED,NOT CODED,14 MOTOR VEHICLE IN TRANSPORT,77 OTHER (SEE NARRATIVE),01 STRAIGHT AHEAD,RAN RED LIGHT,NO CONTRIBUTING ACTION,00 NOT CODED,00 NOT CODED,00 NOT CODED,00 NOT CODED,01 NO,1,0,0,0,2,0,2,2,N,N,N,Y,N,N,N,N,N,N,N,N,N,N,N,N,N,N,N,N,N,Y,Y,N,N,N,28.543864656,-81.393201888,461535.074875,3157514.5066,C,,ARBM15Q1R2,"June 10, 2023",2934530,-9060650.134627497,3317718.0150868255
2020240639000,2020,240639000,2020-00220628,COUNTY SHERIFF'S OFFICE,05 FIFTH,ORANGE,"July 15, 2020",1658,THURSDAY,7546 ORLANDO,0746,Y,ORANGE BLOSSOM TRL,WASHINGTON ST,0,,0,0,28.5438578,-81.3972999,75010000,13.546,05539,SR 500,US 17,R RIGHT,1 THRU LANE 1,N NORTH,21 URBAN 4-5LN 2WY DIVD PAVD,05 LOCAL,02 INTERSECTION,01 ON ROADWAY,02 FOUR-WAY INTERSECTION,03 CURB,38,"March 1, 2020",14 URBAN PRIN ART OTHER,24,CURB&GUTTER,2,,0,,0,12,38000,RCI,9.7,,35,2 POSSIBLE INJURY,31 Q/C COMPLETED - LOC VERIFIED,0 NO,02 AT INTERSECTION,01 DAYLIGHT,03 RAIN,02 WET,01 LEVEL,1 STRAIGHT,"TWO-WAY, NOT DIV, W/CONT LTURN","TWO-WAY, NOT DIV, W/CONT LTURN",TRAFFIC CONTROL SIGNAL,TRAFFIC CONTROL SIGNAL,4,NONE,NONE,NONE,NONE,NONE,NONE,14 MOTOR VEHICLE IN TRANSPORT,01 FRONT TO REAR,01 STRAIGHT AHEAD,NO CONTRIBUTING ACTION,NO CONTRIBUTING ACTION,00 NOT CODED,00 NOT CODED,00 NOT CODED,00 NOT CODED,01 NO,1,0,0,0,2,0,2,2,N,N,N,Y,N,N,N,N,N,N,N,N,N,N,N,N,N,N,N,N,N,N,N,N,N,N,28.543874832,-81.397297194,461134.452267,3157516.954575,C,,ARBM15Q1R2,"June 10, 2023",2934531,-9061106.022190439,3317719.3046602192
2020240639010,2020,240639010,2020-00235627,COUNTY SHERIFF'S OFFICE,05 FIFTH,ORANGE,"July 28, 2020",1912,WEDNESDAY,7546 ORLANDO,0746,Y,LUCERNE TER,COLUMBIA ST,0.009,S,0,0,28.527737,-81.380068,75A10525,0.266,,,,R RIGHT,1 THRU LANE 1,N NORTH,,05 LOCAL,01 NON-JUNCTION,01 ON ROADWAY,03 T-INTERSECTION,03 CURB,0,"December 31, 2000",,,,0,,0,,0,,,RCI,0,,,1 NO INJURY,33 Q/C VERIFIED AS OFF-SYSTEM,0 NO,01 NOT AT INTERSECTION/RRX/BRIDGE,02 DUSK,03 RAIN,02 WET,01 LEVEL,1 STRAIGHT,"TWO-WAY, DIVIDED, UNPROTECTED","TWO-WAY, DIVIDED, UNPROTECTED",NO CONTROLS,NO CONTROLS,,NONE,NONE,NONE,NONE,NONE,NONE,14 MOTOR VEHICLE IN TRANSPORT,06 REAR TO SIDE,04 BACKING,IMPROPER BACKING,NO CONTRIBUTING ACTION,00 NOT CODED,00 NOT CODED,00 NOT CODED,00 NOT CODED,01 NO,0,0,0,0,2,0,2,2,N,N,Y,N,N,N,N,N,N,N,N,N,N,N,N,N,N,N,N,N,N,N,N,N,N,N,28.52773702,-81.380065488,462814.490215,3155723.660283,C,U,ARBM15Q1R2,"June 10, 2023",2934532,-9059187.796828942,3315674.43811071
2020240661070,2020,240661070,2020-00273134,COUNTY SHERIFF'S OFFICE,05 FIFTH,ORANGE,"August 31, 2020",0916,TUESDAY,7546 ORLANDO,0746,Y,LAKE UNDERHILL RD,SR 436,0.009,E,0,0,28.5393746,-81.3105488,75003000,6.081,01734,SR 436,,S SIDE RD RIGHT,R RIGHT TURN,W WEST,30 URBAN 6+LN 2WY DIVD RASD,03 STATE,01 NON-JUNCTION,01 ON ROADWAY,01 NOT AT INTERSECTION,03 CURB,38,"March 2, 2020",14 URBAN PRIN ART OTHER,33,CURB&GUTTER,2,,0,,0,16,56000,RCI,5.2,,45,1 NO INJURY,31 Q/C COMPLETED - LOC VERIFIED,0 NO,03 INFLUENCED BY INTERSECTION,01 DAYLIGHT,01 CLEAR,01 DRY,01 LEVEL,1 STRAIGHT,"TWO-WAY, NOT DIVIDED","TWO-WAY, NOT DIVIDED",NO CONTROLS,NO CONTROLS,6,NONE,NOT CODED,NOT CODED,NONE,NOT CODED,NOT CODED,14 MOTOR VEHICLE IN TRANSPORT,02 FRONT TO FRONT,01 STRAIGHT AHEAD,FOLLOWED TOO CLOSELY,NO CONTRIBUTING ACTION,00 NOT CODED,00 NOT CODED,00 NOT CODED,00 NOT CODED,01 NO,0,0,0,0,2,0,2,3,N,N,N,Y,N,N,N,N,N,N,N,N,N,N,N,N,N,N,N,N,N,N,N,N,N,N,28.539366429,-81.310466911,469627.372442,3156992.422842,R,,ARBM15Q1R2,"June 10, 2023",2934540,-9051440.116562871,3317148.001148138
2020240654090,2020,240654090,2020-00269426,COUNTY SHERIFF'S OFFICE,05 FIFTH,ORANGE,"August 27, 2020",2118,FRIDAY,7546 ORLANDO,0746,Y,JOHN YOUNG PKWY,SHADER RD,0.028,S,0,0,28.5852983,-81.4166523,75190000,5.471,06204,SR 423,,L LEFT,1 THRU LANE 1,S SOUTH,23 SUBURBAN 4-5LN 2WY DIVD RASD,05 LOCAL,03 INTERSECTION-RELATED,01 ON ROADWAY,01 NOT AT INTERSECTION,01 PAVED,36,"May 23, 2016",14 URBAN PRIN ART OTHER,24,LAWN,12,,0,,0,42,50500,RCI,6.7,,45,1 NO INJURY,31 Q/C COMPLETED - LOC VERIFIED,0 NO,01 NOT AT INTERSECTION/RRX/BRIDGE,04 DARK-LIGHTED,01 CLEAR,01 DRY,01 LEVEL,1 STRAIGHT,"TWO-WAY, DIVIDED, POSITIVE MED","TWO-WAY, DIVIDED, POSITIVE MED",NO CONTROLS,NO CONTROLS,4,WORK ZONE (CONST/MNT/UTLTY)NTE,NOT CODED,NOT CODED,NONE,NOT CODED,NOT CODED,14 MOTOR VEHICLE IN TRANSPORT,"04 SIDESWIPE, SAME DIRECTION",06 CHANGING LANES,OPERATED MV IN CARLESS OR NEGL,NO CONTRIBUTING ACTION,00 NOT CODED,00 NOT CODED,00 NOT CODED,00 NOT CODED,01 NO,0,0,0,0,2,0,2,2,N,Y,Y,N,N,N,N,N,N,N,N,N,N,N,N,N,N,N,N,N,N,Y,N,Y,N,N,28.585392545,-81.41676653,459245.846744,3162122.996578,L,,ARBM15Q1R2,"June 10, 2023",2934541,-9063273.339655396,3322981.5685407915
2020240654140,2020,240654140,2020-00254641,COUNTY SHERIFF'S OFFICE,05 FIFTH,ORANGE,"August 15, 2020",2324,SUNDAY,7546 ORLANDO,0746,Y,COLONIAL DR,MILLS AVE,0,,0,0,28.5531505,-81.3643884,75060000,1.898,05106,SR 50,US 17,L LEFT,1 THRU LANE 1,S SOUTH,20 URBAN 4-5LN 2WY DIVD RASD,03 STATE,02 INTERSECTION,01 ON ROADWAY,02 FOUR-WAY INTERSECTION,03 CURB,37,"September 9, 2019",14 URBAN PRIN ART OTHER,22,PAVED,6,CURB&GUTTER,2,,0,12,44500,RCI,3.5,,40,3 NO-INCAPACITATING INJURY,31 Q/C COMPLETED - LOC VERIFIED,0 NO,02 AT INTERSECTION,04 DARK-LIGHTED,01 CLEAR,01 DRY,01 LEVEL,1 STRAIGHT,"TWO-WAY, DIVIDED, UNPROTECTED","TWO-WAY, DIVIDED, POSITIVE MED",TRAFFIC CONTROL SIGNAL,TRAFFIC CONTROL SIGNAL,4,NONE,NOT CODED,NOT CODED,NONE,NOT CODED,NOT CODED,14 MOTOR VEHICLE IN TRANSPORT,03 ANGLE,01 STRAIGHT AHEAD,RAN RED LIGHT,NO CONTRIBUTING ACTION,00 NOT CODED,00 NOT CODED,00 NOT CODED,00 NOT CODED,01 NO,1,0,0,0,3,0,3,4,N,N,N,Y,N,N,N,N,N,N,Y,N,N,N,N,N,N,N,N,N,N,N,N,N,N,N,28.55316454,-81.364420323,464353.781137,3158535.901493,C,,ARBM15Q1R2,"June 10, 2023",2934542,-9057446.184691718,3318896.5711932676
2020240654150,2020,240654150,2020-00264818,COUNTY SHERIFF'S OFFICE,05 FIFTH,ORANGE,"August 24, 2020",0121,TUESDAY,7546 ORLANDO,0746,Y,SR 408,SOUTH ST E,0.009,E,0,0,0,0,75008031,0.072,01852,SR 408,,L LEFT,X RAMP,W WEST,08 RAMP RURAL,03 STATE,14 ENTRANCE/EXIT RAMP,03 SHOULDER,03 T-INTERSECTION,02 UNPAVED,0,"December 31, 2000",,36,CURB&GUTTER,2,,0,,0,,8000,RCI,4.1,,,2 POSSIBLE INJURY,31 Q/C COMPLETED - LOC VERIFIED,0 NO,08 EXIT RAMP,04 DARK-LIGHTED,01 CLEAR,01 DRY,01 LEVEL,2 CURVE RIGHT,ONE-WAY TRAFFICWAY,,TRAFFIC CONTROL SIGNAL,NOT CODED,3,NONE,NOT CODED,NOT CODED,NONE,NOT CODED,NOT CODED,34 TRAFFIC SIGN SUPPORT,77 OTHER (SEE NARRATIVE),01 STRAIGHT AHEAD,NOT CODED,NOT CODED,00 NOT CODED,00 NOT CODED,00 NOT CODED,00 NOT CODED,01 NO,2,0,0,0,0,0,1,2,N,N,N,N,Y,N,N,N,N,N,N,N,N,N,N,N,N,N,N,N,N,N,N,N,N,N,28.538734424,-81.341653872,466576.168846,3156930.701521,O,,ARBM15Q1R2,"June 10, 2023",2934543,-9054911.834228719,3317067.9154713526
2020240659510,2020,240659510,2020-00278396,COUNTY SHERIFF'S OFFICE,05 FIFTH,ORANGE,"September 4, 2020",1605,SATURDAY,7546 ORLANDO,0746,Y,I 4,SR 50,0.095,S,0,0,28.552359,-81.3824022,75280000,18.27,00379,SR 400,I 4,L LEFT,3 THRU LANE 3,W WEST,01 INTERSTATE URBAN,01 INTERSTATE,14 ENTRANCE/EXIT RAMP,01 ON ROADWAY,01 NOT AT INTERSECTION,01 PAVED,27,"September 16, 2014",11 URBAN PRIN ART INT.,48,PAVED,10,CURB&GUTTER,2,,0,30,125000,RCI,6.8,2D0000,50,1 NO INJURY,31 Q/C COMPLETED - LOC VERIFIED,0 NO,01 NOT AT INTERSECTION/RRX/BRIDGE,01 DAYLIGHT,01 CLEAR,01 DRY,01 LEVEL,1 STRAIGHT,ONE-WAY TRAFFICWAY,ONE-WAY TRAFFICWAY,NO CONTROLS,NO CONTROLS,9,NONE,NOT CODED,NOT CODED,NONE,NOT CODED,NOT CODED,14 MOTOR VEHICLE IN TRANSPORT,01 FRONT TO REAR,17 ENTERING TRAFFIC LANE,FOLLOWED TOO CLOSELY,NO CONTRIBUTING ACTION,00 NOT CODED,00 NOT CODED,00 NOT CODED,00 NOT CODED,01 NO,0,0,0,0,2,0,2,5,N,N,N,N,N,N,N,N,N,N,N,N,N,N,N,N,N,N,N,N,N,N,N,N,N,N,28.55246783,-81.382619453,462573.350483,3158464.263317,L,,ARBM15Q1R2,"June 10, 2023",2934544,-9059472.103135847,3318808.2748591076
2020240665510,2020,240665510,2020-00284215,COUNTY SHERIFF'S OFFICE,05 FIFTH,ORANGE,"September 9, 2020",1513,THURSDAY,7546 ORLANDO,0746,Y,SR 435,WESTGATE DR,0.095,N,0,0,28.5333678,-81.4589052,75270000,5.779,02509,SR 435,,L LEFT,3 THRU LANE 3,0,33 SUBURBAN 6+LN 2WY DIVD RASD,03 STATE,01 NON-JUNCTION,01 ON ROADWAY,01 NOT AT INTERSECTION,01 PAVED,28,"March 14, 2017",14 URBAN PRIN ART OTHER,36,PAVED,5,LAWN,7,,0,40,59500,RCI,6.1,,50,1 NO INJURY,31 Q/C COMPLETED - LOC VERIFIED,0 NO,01 NOT AT INTERSECTION/RRX/BRIDGE,01 DAYLIGHT,02 CLOUDY,01 DRY,00 NOT CODED,0 NOT CODED,NOT CODED,"TWO-WAY, DIVIDED, POSITIVE MED",NOT CODED,NO CONTROLS,6,NONE,NOT CODED,NOT CODED,NONE,NOT CODED,NOT CODED,14 MOTOR VEHICLE IN TRANSPORT,01 FRONT TO REAR,00 NOT CODED,NOT CODED,NO CONTRIBUTING ACTION,00 NOT CODED,00 NOT CODED,00 NOT CODED,00 NOT CODED,01 NO,0,0,0,0,1,0,2,1,N,N,Y,N,N,N,N,N,N,N,N,N,N,N,N,N,N,N,N,N,N,N,N,N,N,N,28.533435886,-81.459022603,455091.679461,3156382.02923,L,,ARBM15Q1R2,"June 10, 2023",2935088,-9067977.265232414,3316396.5210342747
2020240665530,2020,240665530,2020-00291163,COUNTY SHERIFF'S OFFICE,05 FIFTH,ORANGE,"September 15, 2020",1600,WEDNESDAY,7546 ORLANDO,0746,Y,SR 408,SR 423,0.289,E,0,0,0,0,75008000,3.451,03843,SR 408,,M MEDIAN,M MIDDLE,W WEST,03 TOLL ROAD URBAN,03 STATE,01 NON-JUNCTION,03 SHOULDER,01 NOT AT INTERSECTION,01 PAVED,35,"March 2, 2020",12 URBAN PRIN ART EXPR.,36,PAVED WARN,8,,0,,0,16,106500,RCI,4.5,,65,2 POSSIBLE INJURY,31 Q/C COMPLETED - LOC VERIFIED,0 NO,01 NOT AT INTERSECTION/RRX/BRIDGE,01 DAYLIGHT,02 CLOUDY,01 DRY,01 LEVEL,2 CURVE RIGHT,"TWO-WAY, DIVIDED, POSITIVE MED",,NO CONTROLS,NOT CODED,6,NONE,NOT CODED,NOT CODED,NONE,NOT CODED,NOT CODED,30 CONCRETE TRAFFIC BARRIER,77 OTHER (SEE NARRATIVE),77 OTHER (SEE NARRATIVE),OTHER CONTRIBUTING ACTION,NOT CODED,04 ACTIVITY AREA,03 WORK ON SHOULDER OR MEDIAN,88 UNKNOWN,01 NO,01 NO,1,0,0,0,1,0,1,1,N,Y,N,N,Y,N,N,N,N,N,N,N,N,N,N,N,N,N,N,N,N,N,N,N,N,N,28.539724863,-81.41009688,459880.740707,3157061.413905,R,,ARBM15Q1R2,"June 10, 2023",2935089,-9062530.877209272,3317193.4205785734
2020883051510,2020,883051510,FHPD20OFF046911,FLORIDA HIGHWAY PATROL,05 FIFTH,ORANGE,"July 11, 2020",1510,SUNDAY,7554 WINTER PARK,0754,N,SR 436,BANCHORY RD,0.004,S,28.58989,-81.3071599,28.5903351,-81.3070798,75003000,9.635,00886,SR 436,,R RIGHT,2 THRU LANE 2,N NORTH,33 SUBURBAN 6+LN 2WY DIVD RASD,03 STATE,03 INTERSECTION-RELATED,01 ON ROADWAY,01 NOT AT INTERSECTION,02 UNPAVED,34,"March 2, 2020",14 URBAN PRIN ART OTHER,36,PAVED,8,LAWN,6,,0,23,52000,RCI,4.4,,50,3 NO-INCAPACITATING INJURY,31 Q/C COMPLETED - LOC VERIFIED,0 NO,03 INFLUENCED BY INTERSECTION,01 DAYLIGHT,01 CLEAR,01 DRY,01 LEVEL,1 STRAIGHT,"TWO-WAY, DIVIDED, POSITIVE MED","TWO-WAY, DIVIDED, POSITIVE MED",TRAFFIC CONTROL SIGNAL,TRAFFIC CONTROL SIGNAL,6,NONE,NOT CODED,NOT CODED,NONE,NOT CODED,NOT CODED,14 MOTOR VEHICLE IN TRANSPORT,01 FRONT TO REAR,01 STRAIGHT AHEAD,OPERATED MV IN CARLESS OR NEGL,NO CONTRIBUTING ACTION,00 NOT CODED,00 NOT CODED,00 NOT CODED,00 NOT CODED,01 NO,1,0,0,0,2,0,2,3,N,N,N,Y,N,N,N,N,N,N,N,N,N,N,N,N,N,N,N,N,N,N,N,N,N,N,28.590354461,-81.306977922,469983.16933,3162640.261317,R,,ARBM15Q1R2,"June 10, 2023",2935131,-9051051.724153673,3323610.617904631
2020883051570,2020,883051570,FHPD20OFF054033,FLORIDA HIGHWAY PATROL,05 FIFTH,ORANGE,"August 9, 2020",1520,MONDAY,7546 ORLANDO,0746,N,US 441,JORDAN AVE,0,,28.4593099,-81.3983,28.4597409,-81.3981415,75010000,7.746,00509,SR 500,US 17,L LEFT,D DRIVEWAY,E EAST,30 URBAN 6+LN 2WY DIVD RASD,02 U.S.,04 DRIVEWAY/ALLEY ACCESS RELATED,02 OFF ROADWAY,01 NOT AT INTERSECTION,03 CURB,38,"March 1, 2020",14 URBAN PRIN ART OTHER,43,CURB&GUTTER,2,,0,,0,15,52500,RCI,6.9,,40,1 NO INJURY,31 Q/C COMPLETED - LOC VERIFIED,0 NO,04 DRIVEWAY ACCESS,01 DAYLIGHT,01 CLEAR,01 DRY,01 LEVEL,1 STRAIGHT,"TWO-WAY, NOT DIVIDED",,STOP SIGN,NOT CODED,7,NONE,NOT CODED,NOT CODED,NONE,NOT CODED,NOT CODED,11 PEDALCYCLE,03 ANGLE,05 TURNING RIGHT,FAILED TO YIELD RIGHT-OF-WAY,NOT CODED,00 NOT CODED,00 NOT CODED,00 NOT CODED,00 NOT CODED,01 NO,0,0,0,0,1,1,1,2,N,N,N,N,N,N,N,N,N,N,N,N,N,Y,Y,N,N,N,N,N,N,N,N,N,N,N,28.459752035,-81.398222927,461012.982274,3148197.733745,L,,ARBM15Q1R2,"June 10, 2023",2935132,-9061209.0739796,3307063.308131856
2020240665540,2020,240665540,2020-00284107,COUNTY SHERIFF'S OFFICE,05 FIFTH,ORANGE,"September 9, 2020",1338,THURSDAY,7546 ORLANDO,0746,Y,I 4,SR 408,0.009,N,0,0,28.5311683,-81.3856555,75280000,16.758,00444,SR 400,I 4,L LEFT,3 THRU LANE 3,0,01 INTERSTATE URBAN,01 INTERSTATE,01 NON-JUNCTION,01 ON ROADWAY,01 NOT AT INTERSECTION,01 PAVED,27,"September 16, 2014",11 URBAN PRIN ART INT.,48,PAVED,10,CURB&GUTTER,2,,0,42,148000,RCI,6.8,3D0000,50,2 POSSIBLE INJURY,31 Q/C COMPLETED - LOC VERIFIED,0 NO,06 BRIDGE,01 DAYLIGHT,02 CLOUDY,01 DRY,00 NOT CODED,0 NOT CODED,NOT CODED,"TWO-WAY, DIVIDED, POSITIVE MED",NOT CODED,NO CONTROLS,8,NONE,NOT CODED,NOT CODED,NONE,NOT CODED,NOT CODED,14 MOTOR VEHICLE IN TRANSPORT,01 FRONT TO REAR,00 NOT CODED,NOT CODED,NO CONTRIBUTING ACTION,00 NOT CODED,00 NOT CODED,00 NOT CODED,00 NOT CODED,01 NO,1,0,0,0,1,0,2,1,N,N,N,N,N,N,N,N,N,N,N,N,N,N,N,N,N,N,N,N,N,N,N,N,N,N,28.531187992,-81.385880223,462246.8031,3156107.792709,L,,ARBM15Q1R2,"June 10, 2023",2935642,-9059835.090414105,3316111.6939341826
2020240665550,2020,240665550,2020-00282895,COUNTY SHERIFF'S OFFICE,05 FIFTH,ORANGE,"September 8, 2020",1500,WEDNESDAY,7546 ORLANDO,0746,Y,MILLS AVE,AMELIA ST,0,,0,0,28.5493412,-81.3643998,75030000,2.368,02523,SR 15,,L LEFT,1 THRU LANE 1,S SOUTH,22 URBAN 4-5LN 2WY UNDIVD,05 LOCAL,02 INTERSECTION,01 ON ROADWAY,02 FOUR-WAY INTERSECTION,03 CURB,48,"March 1, 2020",16 URBAN MINOR ART,40,CURB&GUTTER,2,,0,,0,,18500,RCI,2.9,,30,1 NO INJURY,31 Q/C COMPLETED - LOC VERIFIED,0 NO,02 AT INTERSECTION,01 DAYLIGHT,02 CLOUDY,01 DRY,01 LEVEL,1 STRAIGHT,"TWO-WAY, DIVIDED, UNPROTECTED","TWO-WAY, DIVIDED, UNPROTECTED",TRAFFIC CONTROL SIGNAL,TRAFFIC CONTROL SIGNAL,4,NONE,NOT CODED,NOT CODED,NONE,NOT CODED,NOT CODED,14 MOTOR VEHICLE IN TRANSPORT,03 ANGLE,01 STRAIGHT AHEAD,RAN RED LIGHT,NO CONTRIBUTING ACTION,00 NOT CODED,00 NOT CODED,00 NOT CODED,00 NOT CODED,01 NO,0,0,0,0,2,0,2,2,N,N,N,Y,N,N,N,N,N,N,N,N,N,N,N,N,N,N,N,N,N,N,N,N,N,N,28.549336378,-81.364365516,464357.853138,3158111.781124,C,,ARBM15Q1R2,"June 10, 2023",2935643,-9057440.0835889,3318411.423078064
2020240665560,2020,240665560,2020-00289617,COUNTY SHERIFF'S OFFICE,05 FIFTH,ORANGE,"September 14, 2020",1155,TUESDAY,7546 ORLANDO,0746,Y,US 441,ANDERSON ST,0,,0,0,28.5364947,-81.3971912,75010000,13.038,00569,SR 500,US 17,L LEFT,1 THRU LANE 1,S SOUTH,20 URBAN 4-5LN 2WY DIVD RASD,02 U.S.,02 INTERSECTION,01 ON ROADWAY,02 FOUR-WAY INTERSECTION,03 CURB,35,"March 1, 2020",14 URBAN PRIN ART OTHER,24,CURB&GUTTER,2,,0,,0,18,38000,RCI,9.7,,35,2 POSSIBLE INJURY,31 Q/C COMPLETED - LOC VERIFIED,0 NO,02 AT INTERSECTION,01 DAYLIGHT,02 CLOUDY,01 DRY,01 LEVEL,1 STRAIGHT,"TWO-WAY, DIVIDED, POSITIVE MED","TWO-WAY, DIVIDED, POSITIVE MED",NO CONTROLS,NO CONTROLS,4,NONE,NOT CODED,NOT CODED,NONE,NOT CODED,NOT CODED,14 MOTOR VEHICLE IN TRANSPORT,01 FRONT TO REAR,01 STRAIGHT AHEAD,OTHER CONTRIBUTING ACTION,OTHER CONTRIBUTING ACTION,00 NOT CODED,00 NOT CODED,00 NOT CODED,00 NOT CODED,01 NO,1,0,0,0,2,0,2,2,N,N,N,Y,N,N,N,N,N,N,N,N,N,N,N,N,N,N,N,N,N,N,N,N,N,N,28.536496563,-81.397191173,461142.116548,3156699.516057,L,,ARBM15Q1R2,"June 10, 2023",2935644,-9061094.2199929,3316784.3449781844
2020240667760,2020,240667760,2020-00301963,COUNTY SHERIFF'S OFFICE,05 FIFTH,ORANGE,"September 24, 2020",2020,FRIDAY,7546 ORLANDO,0746,Y,CONROY RD,KIRKMAN RD S,0,,0,0,28.4937281,-81.4589506,75270000,3.063,00123,SR 435,,T SIDE RD LEFT,1 THRU LANE 1,0,33 SUBURBAN 6+LN 2WY DIVD RASD,05 LOCAL,01 NON-JUNCTION,01 ON ROADWAY,02 FOUR-WAY INTERSECTION,01 PAVED,28,"March 14, 2017",14 URBAN PRIN ART OTHER,36,PAVED,5,LAWN,7,,0,41,58000,RCI,6.1,,50,1 NO INJURY,31 Q/C COMPLETED - LOC VERIFIED,0 NO,02 AT INTERSECTION,04 DARK-LIGHTED,01 CLEAR,01 DRY,00 NOT CODED,0 NOT CODED,NOT CODED,"TWO-WAY, DIVIDED, POSITIVE MED",NOT CODED,TRAFFIC CONTROL SIGNAL,6,NONE,NOT CODED,NOT CODED,NONE,NOT CODED,NOT CODED,14 MOTOR VEHICLE IN TRANSPORT,01 FRONT TO REAR,00 NOT CODED,NOT CODED,NO CONTRIBUTING ACTION,00 NOT CODED,00 NOT CODED,00 NOT CODED,00 NOT CODED,01 NO,0,0,0,0,1,0,2,2,N,N,N,Y,N,N,N,N,N,N,N,N,N,N,N,N,N,N,N,N,N,N,N,N,N,N,28.493725146,-81.459074489,455069.775943,3151982.6784,L,,ARBM15Q1R2,"June 10, 2023",2935645,-9067983.041068047,3311365.724760355
2020240667920,2020,240667920,2020-00289736,COUNTY SHERIFF'S OFFICE,05 FIFTH,ORANGE,"September 14, 2020",1402,TUESDAY,7546 ORLANDO,0746,Y,CARTER ST,US 441,0.03,W,0,0,28.534782,-81.3971725,75010000,12.92,00567,SR 500,US 17,T SIDE RD LEFT,2 THRU LANE 2,E EAST,20 URBAN 4-5LN 2WY DIVD RASD,03 STATE,14 ENTRANCE/EXIT RAMP,01 ON ROADWAY,01 NOT AT INTERSECTION,01 PAVED,35,"March 1, 2020",14 URBAN PRIN ART OTHER,24,CURB&GUTTER,2,,0,,0,16,38000,RCI,9.7,,35,1 NO INJURY,31 Q/C COMPLETED - LOC VERIFIED,0 NO,03 INFLUENCED BY INTERSECTION,01 DAYLIGHT,01 CLEAR,01 DRY,01 LEVEL,1 STRAIGHT,ONE-WAY TRAFFICWAY,ONE-WAY TRAFFICWAY,YIELD SIGN,NO CONTROLS,4,NONE,NOT CODED,NOT CODED,NONE,NOT CODED,NOT CODED,14 MOTOR VEHICLE IN TRANSPORT,"04 SIDESWIPE, SAME DIRECTION",06 CHANGING LANES,FAILED TO KEEP IN PROPER LANE,NO CONTRIBUTING ACTION,00 NOT CODED,00 NOT CODED,00 NOT CODED,00 NOT CODED,01 NO,0,0,0,0,2,0,2,2,N,N,Y,Y,N,N,N,N,N,N,N,N,N,N,N,N,N,N,N,N,N,N,N,N,N,N,28.534766423,-81.397234607,461137.232432,3156507.85612,L,,ARBM15Q1R2,"June 10, 2023",2935646,-9061099.055055618,3316565.1144960606