Crash Id,Calendar Year,FDOT Crash Number,Reporting Agency Case Number,Reporting Agency Type,FDOT Managing District,County Name,Crash Date,Crash Time,Day,DHSMV City,Crash Report City Code,In Town,On Roadway Name,Int Roadway Name,Reference Distance (Miles),Reference Direction,Officer Latitude,Officer Longitude,FDOT Latitude,FDOT Longitude,FDOT Roadway,Nearest Inventory MP,Nearest Node From Crash,State Road #,US Highway,Crash Side of Road,Accident Lane Number,Travel Direction Vehicle 1,FDOT Road Category,DHSMV Road System Id,Relation to Junction,Crash Harmful Event Location,Intersection Type,Shoulder Type,FDOT Roadway SKID Test Result,FDOT Roadway SKID Test Date,Functional Class,RCI Surface Width,RCI Shoulder Type First,RCI Shoulder Width First,RCI Shoulder Type Second,RCI Shoulder Width Second,RCI Shoulder Type Third,RCI Shoulder Width Third,RCI Median Width,Avg Daily Traffic,AADT Source,RCI Avg Per Truck Traffic,RCI Horiz Curve Condition,Posted Speed Limit,Highest Injury in Crash,CAR Status Code,Alcohols/Drug Involved,Site Location,Lighting,Weather,Road Surface,Roadway Grade,Roadway Alignment,Traffic Way Vehicle 1,Traffic Way Vehicle 2,Traffic Control Vehicle 1,Traffic Control Vehicle 2,Count of Lanes,Road Condition 1,Road Condition 2,Road Condition 3,Environment Condition 1,Environment Condition 2,Environment Condition 3,Crash Harmful Event,Manner of Collision,Vehicle Movement,Driver Action Vehicle 1,Driver Action Vehicle 2,Location Within Workzone,Type of Workzone,Workers Present in Workzone,Law Enforcement Present in Workzone,School Bus Related,Count of Nonfatal Injuries,Count of Traffic Fatalities,Count of Serious Injuries,Count of Pedestrians,Count of Drivers,Count of Bicyclists,Count of Vehicles,Count of Persons,Wrong Way,Workzone Inv,Commercial Vehicle Inv,Intersection Inv,Lane Departure,Speeding,Agressive Driving,Impaired Driver,Impaired Pedestrian,Impaired Bicyclist,Distracted Driver,Speeding or Aggressive Driving,Pedestrian Related,Bicyclist Related,Pedestrian or Bicyclist Related,Motorcycle Inv,No Belt,No Belt - Ages 1-4,No Belt - Ages 5-12,No Belt - Ages 13-17,Driver - Ages Teen,Driver - Ages 65 plus,Driver - Ages 65-69,Driver - Ages 70-74,Driver - Ages 75-79,Driver - Ages 80 plus,ARBM Latitude,ARBM Longitude,UTM Zone 17N X,UTM Zone 17N Y,ARBM Side of Road,Urban Rural Indicator,GIS Street Source,Extract Date,OBJECTID,x,y
2020883153800,2020,883153800,FHPK20OFF041352,FLORIDA HIGHWAY PATROL,08 TURNPIKE,ORANGE,"September 12, 2020",1700,SUNDAY,7546 ORLANDO,0746,N,SR 91,I 4,0,,28.4751896,-81.4454605,28.4752011,-81.4469873,75470144,1.051,08903,SR 91,,R RIGHT,X RAMP,S SOUTH,08 RAMP RURAL,06 TURNPIKE/TOLL,14 ENTRANCE/EXIT RAMP,03 SHOULDER,01 NOT AT INTERSECTION,01 PAVED,0,"December 31, 2000",,24,PAVED,4,LAWN,12,,0,,16000,RCI,17.8,,,1 NO INJURY,31 Q/C COMPLETED - LOC VERIFIED,0 NO,07 ENTRANCE RAMP,01 DAYLIGHT,03 RAIN,02 WET,01 LEVEL,2 CURVE RIGHT,ONE-WAY TRAFFICWAY,,NO CONTROLS,NOT CODED,2,"RD SURFC (WET, ICY, SNOW, ETC)",NOT CODED,NOT CODED,WEATHER CONDITIONS,NOT CODED,NOT CODED,27 GUARDRAIL FACE,77 OTHER (SEE NARRATIVE),15 NEGOTIATING A CURVE,OPERATED MV IN CARLESS OR NEGL,NOT CODED,00 NOT CODED,00 NOT CODED,00 NOT CODED,00 NOT CODED,01 NO,0,0,0,0,1,0,1,1,N,N,N,N,Y,N,N,N,N,N,Y,N,N,N,N,N,N,N,N,N,Y,N,N,N,N,N,28.475202519,-81.446992257,456244.6581,3149926.1917,O,,ARBM15Q1R2,"June 10, 2023",3124118,-9066638.052667573,3309019.813990617
2020883136920,2020,883136920,FHPD20OFF052915,FLORIDA HIGHWAY PATROL,05 FIFTH,ORANGE,"August 5, 2020",0956,THURSDAY,7533 ORLANDO TRANSIT AUTHORITY,0733,N,SR 417,CURRY FORD RD,0.75,S,28.51755,-81.25047,28.4997645,-81.2434538,75300000,2.912,02839,SR 417,,R RIGHT,1 THRU LANE 1,N NORTH,03 TOLL ROAD URBAN,06 TURNPIKE/TOLL,01 NON-JUNCTION,01 ON ROADWAY,01 NOT AT INTERSECTION,01 PAVED,37,"November 12, 2019",12 URBAN PRIN ART EXPR.,36,PAVED WARN,12,,0,,0,40,116500,RCI,5,1D00,70,1 NO INJURY,31 Q/C COMPLETED - LOC VERIFIED,0 NO,01 NOT AT INTERSECTION/RRX/BRIDGE,01 DAYLIGHT,01 CLEAR,01 DRY,01 LEVEL,1 STRAIGHT,"TWO-WAY, DIVIDED, POSITIVE MED","TWO-WAY, DIVIDED, POSITIVE MED",NO CONTROLS,NO CONTROLS,6,OBSTRUCTION IN ROADWAY,NOT CODED,NOT CODED,ALL OTHER (SEE NARRTIVE),NOT CODED,NOT CODED,18 OTHER NON-FIXED OBJECT,03 ANGLE,01 STRAIGHT AHEAD,NO CONTRIBUTING ACTION,NO CONTRIBUTING ACTION,00 NOT CODED,00 NOT CODED,00 NOT CODED,00 NOT CODED,01 NO,0,0,0,0,2,0,2,3,N,N,Y,N,N,N,N,N,N,N,N,N,N,N,N,N,N,N,N,N,Y,N,N,N,N,N,28.499776394,-81.243418127,476177.807193,3152591.329076,R,,ARBM15Q1R2,"June 10, 2023",3124214,-9043976.277622676,3312132.2118964624
2020883136930,2020,883136930,FHPD20OFF053252,FLORIDA HIGHWAY PATROL,05 FIFTH,ORANGE,"August 6, 2020",1551,FRIDAY,7533 ORLANDO TRANSIT AUTHORITY,0733,N,SR 408,SR 435,0.25,E,28.54824,-81.44305,28.5482099,-81.453451,75008000,0.632,01504,SR 408,,R RIGHT,2 THRU LANE 2,E EAST,03 TOLL ROAD URBAN,06 TURNPIKE/TOLL,01 NON-JUNCTION,01 ON ROADWAY,01 NOT AT INTERSECTION,01 PAVED,39,"March 2, 2020",12 URBAN PRIN ART EXPR.,36,PAVED WARN,8,VALLEY GUTR,3,,0,22,100000,RCI,4.5,1D3000,65,1 NO INJURY,31 Q/C COMPLETED - LOC VERIFIED,0 NO,01 NOT AT INTERSECTION/RRX/BRIDGE,01 DAYLIGHT,02 CLOUDY,01 DRY,01 LEVEL,1 STRAIGHT,"TWO-WAY, DIVIDED, POSITIVE MED","TWO-WAY, DIVIDED, POSITIVE MED",NO CONTROLS,NO CONTROLS,6,NONE,NOT CODED,NOT CODED,NONE,NOT CODED,NOT CODED,09 OTHER NON-COLLISION,77 OTHER (SEE NARRATIVE),06 CHANGING LANES,NOT CODED,NO CONTRIBUTING ACTION,00 NOT CODED,00 NOT CODED,00 NOT CODED,00 NOT CODED,01 NO,0,0,0,0,2,0,3,3,N,N,N,N,N,N,N,N,N,N,N,N,N,N,N,N,N,N,N,N,N,N,N,N,N,N,28.548206059,-81.453524902,455635.739884,3158016.308563,R,,ARBM15Q1R2,"June 10, 2023",3124215,-9067365.263903636,3318268.1794424574
2020883136960,2020,883136960,FHPD20OFF054310,FLORIDA HIGHWAY PATROL,05 FIFTH,ORANGE,"August 10, 2020",1652,TUESDAY,7533 ORLANDO TRANSIT AUTHORITY,0733,N,SR 408,SR 417,0.25,W,28.54182,-81.2827599,28.5472978,-81.2623714,75008160,0.847,02003,SR 408,,L LEFT,1 THRU LANE 1,W WEST,03 TOLL ROAD URBAN,06 TURNPIKE/TOLL,01 NON-JUNCTION,01 ON ROADWAY,01 NOT AT INTERSECTION,01 PAVED,35,"March 2, 2020",12 URBAN PRIN ART EXPR.,24,PAVED WARN,10,LAWN,12,,0,30,75500,RCI,4.5,,65,1 NO INJURY,31 Q/C COMPLETED - LOC VERIFIED,0 NO,01 NOT AT INTERSECTION/RRX/BRIDGE,01 DAYLIGHT,03 RAIN,02 WET,01 LEVEL,1 STRAIGHT,"TWO-WAY, DIVIDED, POSITIVE MED","TWO-WAY, DIVIDED, POSITIVE MED",NO CONTROLS,NO CONTROLS,5,NONE,NOT CODED,NOT CODED,NONE,NOT CODED,NOT CODED,14 MOTOR VEHICLE IN TRANSPORT,"04 SIDESWIPE, SAME DIRECTION",06 CHANGING LANES,NOT CODED,NO CONTRIBUTING ACTION,04 ACTIVITY AREA,03 WORK ON SHOULDER OR MEDIAN,01 NO,01 NO,01 NO,0,0,0,0,1,0,2,1,N,Y,N,N,Y,N,N,N,N,N,N,N,N,N,N,N,N,N,N,N,N,N,N,N,N,N,28.547488796,-81.262724112,474299.987723,3157881.093891,L,,ARBM15Q1R2,"June 10, 2023",3124216,-9046125.41093033,3318177.283246382
2020883400790,2020,883400790,FHPD20OFF057652,FLORIDA HIGHWAY PATROL,05 FIFTH,ORANGE,"August 23, 2020",1550,MONDAY,7533 ORLANDO TRANSIT AUTHORITY,0733,N,SR 429,SR 438,0.189,S,28.5712699,-81.55674,28.5747488,-81.5585365,75320003,0.225,04043,SR 429,,R RIGHT,X RAMP,N NORTH,07 RAMP URBAN,06 TURNPIKE/TOLL,14 ENTRANCE/EXIT RAMP,01 ON ROADWAY,01 NOT AT INTERSECTION,01 PAVED,0,"December 31, 2000",,15,PAVED,4,LAWN,12,,0,,2800,RCI,4.1,,,1 NO INJURY,31 Q/C COMPLETED - LOC VERIFIED,0 NO,08 EXIT RAMP,01 DAYLIGHT,01 CLEAR,01 DRY,01 LEVEL,1 STRAIGHT,"TWO-WAY, DIVIDED, POSITIVE MED","TWO-WAY, DIVIDED, POSITIVE MED",NO CONTROLS,NO CONTROLS,1,NONE,NOT CODED,NOT CODED,NONE,NOT CODED,NOT CODED,14 MOTOR VEHICLE IN TRANSPORT,01 FRONT TO REAR,01 STRAIGHT AHEAD,OPERATED MV IN CARLESS OR NEGL,NO CONTRIBUTING ACTION,00 NOT CODED,00 NOT CODED,00 NOT CODED,00 NOT CODED,01 NO,0,0,0,0,2,0,2,3,N,N,Y,N,N,N,N,N,N,N,Y,N,N,N,N,N,N,N,N,N,N,N,N,N,N,N,28.574743496,-81.558559483,445374.694088,3160999.683779,O,,ARBM15Q1R2,"June 10, 2023",3124242,-9079057.66342021,3321631.6302770087
2020883964880,2020,883964880,FHPD20OFF064238,FLORIDA HIGHWAY PATROL,05 FIFTH,ORANGE,"September 18, 2020",0201,SATURDAY,7546 ORLANDO,0746,N,SR 434,CENTRAL FLORIDA BLVD,0.019,N,28.59348,-81.20833,28.5938111,-81.2083125,75037000,1.874,03098,SR 434,,L LEFT,3 THRU LANE 3,S SOUTH,30 URBAN 6+LN 2WY DIVD RASD,03 STATE,01 NON-JUNCTION,01 ON ROADWAY,01 NOT AT INTERSECTION,03 CURB,38,"September 9, 2019",14 URBAN PRIN ART OTHER,33,PAVED,4,CURB&GUTTER,2,,0,28,48000,RCI,2.8,,45,3 NO-INCAPACITATING INJURY,31 Q/C COMPLETED - LOC VERIFIED,0 NO,03 INFLUENCED BY INTERSECTION,04 DARK-LIGHTED,01 CLEAR,01 DRY,01 LEVEL,1 STRAIGHT,"TWO-WAY, DIVIDED, POSITIVE MED","TWO-WAY, DIVIDED, POSITIVE MED",NO CONTROLS,NO CONTROLS,6,NONE,NOT CODED,NOT CODED,NONE,NOT CODED,NOT CODED,14 MOTOR VEHICLE IN TRANSPORT,01 FRONT TO REAR,01 STRAIGHT AHEAD,OPERATED MV IN CARLESS OR NEGL,NO CONTRIBUTING ACTION,00 NOT CODED,00 NOT CODED,00 NOT CODED,00 NOT CODED,01 NO,1,0,0,0,2,0,2,2,N,N,N,Y,N,N,N,N,N,N,N,N,N,N,N,N,N,N,N,N,N,N,N,N,N,N,28.593844009,-81.20841292,479621.726883,3163006.107455,L,,ARBM15Q1R2,"June 10, 2023",3124275,-9040079.51509591,3324053.0251027024
2020883964940,2020,883964940,FHPD20OFF065322,FLORIDA HIGHWAY PATROL,05 FIFTH,ORANGE,"September 22, 2020",0508,WEDNESDAY,7546 ORLANDO,0746,N,SR 528,SR 520,1,W,28.4537499,-80.98035,0,0,75002000,29.108,03323,SR 528,,M MEDIAN,M MIDDLE,W WEST,04 TOLL ROAD RURAL,03 STATE,01 NON-JUNCTION,03 SHOULDER,01 NOT AT INTERSECTION,03 CURB,38,"April 2, 2018",02 RURAL PRIN ART EXPR.,24,PAVED WARN,10,LAWN,12,,0,42,56500,RCI,8.9,,70,1 NO INJURY,31 Q/C COMPLETED - LOC VERIFIED,0 NO,01 NOT AT INTERSECTION/RRX/BRIDGE,05 DARK-NOT LIGHTED,01 CLEAR,01 DRY,01 LEVEL,1 STRAIGHT,"TWO-WAY, DIVIDED, POSITIVE MED",,NO CONTROLS,NOT CODED,4,NONE,NOT CODED,NOT CODED,NONE,NOT CODED,NOT CODED,27 GUARDRAIL FACE,77 OTHER (SEE NARRATIVE),01 STRAIGHT AHEAD,OTHER CONTRIBUTING ACTION,NOT CODED,00 NOT CODED,00 NOT CODED,00 NOT CODED,00 NOT CODED,01 NO,0,0,0,0,1,0,1,1,N,N,N,N,Y,N,N,N,N,N,N,N,N,N,N,N,N,N,N,N,N,N,N,N,N,N,28.452409638,-80.999080426,500090.034423,3147319.759752,R,,ARBM15Q1R2,"June 10, 2023",3124276,-9016776.721134689,3306133.63688464
2020883784580,2020,883784580,FHPD20OFF053045,FLORIDA HIGHWAY PATROL,05 FIFTH,ORANGE,"August 5, 2020",1855,THURSDAY,7546 ORLANDO,0746,N,SR 423,SR 424,0,,28.6036671,-81.4071837,28.6036694,-81.4071276,75190000,7.152,06215,SR 423,,R RIGHT,R RIGHT TURN,N NORTH,30 URBAN 6+LN 2WY DIVD RASD,03 STATE,03 INTERSECTION-RELATED,01 ON ROADWAY,01 NOT AT INTERSECTION,03 CURB,37,"September 8, 2019",14 URBAN PRIN ART OTHER,33,CURB&GUTTER,2,,0,,0,16,30500,RCI,11.4,,45,1 NO INJURY,31 Q/C COMPLETED - LOC VERIFIED,0 NO,02 AT INTERSECTION,01 DAYLIGHT,03 RAIN,02 WET,01 LEVEL,1 STRAIGHT,"TWO-WAY, DIVIDED, POSITIVE MED","TWO-WAY, DIVIDED, POSITIVE MED",NO CONTROLS,NO CONTROLS,6,NONE,NOT CODED,NOT CODED,NONE,NOT CODED,NOT CODED,14 MOTOR VEHICLE IN TRANSPORT,01 FRONT TO REAR,01 STRAIGHT AHEAD,OPERATED MV IN CARLESS OR NEGL,NO CONTRIBUTING ACTION,00 NOT CODED,00 NOT CODED,00 NOT CODED,00 NOT CODED,01 NO,0,0,0,0,2,0,2,2,N,N,N,Y,N,N,N,N,N,N,Y,N,N,N,N,N,N,N,N,N,N,N,N,N,N,N,28.603763578,-81.406942292,460213.452445,3164154.95113,R,,ARBM15Q1R2,"June 10, 2023",3124394,-9062179.710208556,3325310.7129033925
2020883784600,2020,883784600,FHPD20OFF053340,FLORIDA HIGHWAY PATROL,05 FIFTH,ORANGE,"August 6, 2020",1938,FRIDAY,7546 ORLANDO,0746,N,CR 431,SR 50,0.038,S,28.5524,-81.4475199,28.5525093,-81.4474665,75050000,12.825,02143,SR 50,,S SIDE RD RIGHT,1 THRU LANE 1,W WEST,30 URBAN 6+LN 2WY DIVD RASD,04 COUNTY,04 DRIVEWAY/ALLEY ACCESS RELATED,01 ON ROADWAY,01 NOT AT INTERSECTION,03 CURB,44,"April 1, 2018",14 URBAN PRIN ART OTHER,36,PAVED,4,CURB&GUTTER,2,,0,41,42000,RCI,4.6,,45,3 NO-INCAPACITATING INJURY,31 Q/C COMPLETED - LOC VERIFIED,0 NO,04 DRIVEWAY ACCESS,01 DAYLIGHT,02 CLOUDY,02 WET,01 LEVEL,1 STRAIGHT,"TWO-WAY, NOT DIVIDED","TWO-WAY, NOT DIVIDED",NO CONTROLS,NO CONTROLS,6,NONE,NOT CODED,NOT CODED,NONE,NOT CODED,NOT CODED,14 MOTOR VEHICLE IN TRANSPORT,03 ANGLE,03 TURNING LEFT,FAILED TO YIELD RIGHT-OF-WAY,NO CONTRIBUTING ACTION,00 NOT CODED,00 NOT CODED,00 NOT CODED,00 NOT CODED,01 NO,2,0,0,0,2,0,2,2,N,N,N,N,N,N,N,N,N,N,Y,N,N,N,N,N,N,N,N,N,N,N,N,N,N,N,28.552395546,-81.447467464,456230.023623,3158478.218004,R,,ARBM15Q1R2,"June 10, 2023",3124395,-9066690.95283799,3318799.11380149
2020883926290,2020,883926290,FHPD20OFF065810,FLORIDA HIGHWAY PATROL,05 FIFTH,ORANGE,"September 24, 2020",0516,FRIDAY,7546 ORLANDO,0746,N,SR 50,CR 431,0.057,E,28.5526464,-81.4467418,28.5525167,-81.4465288,75050000,12.882,05043,SR 50,,L LEFT,3 THRU LANE 3,W WEST,30 URBAN 6+LN 2WY DIVD RASD,03 STATE,01 NON-JUNCTION,01 ON ROADWAY,01 NOT AT INTERSECTION,03 CURB,44,"April 1, 2018",14 URBAN PRIN ART OTHER,36,PAVED,8,CURB&GUTTER,2,,0,41,42000,RCI,4.6,,45,2 POSSIBLE INJURY,31 Q/C COMPLETED - LOC VERIFIED,0 NO,01 NOT AT INTERSECTION/RRX/BRIDGE,05 DARK-NOT LIGHTED,01 CLEAR,01 DRY,01 LEVEL,1 STRAIGHT,"TWO-WAY, DIVIDED, POSITIVE MED","TWO-WAY, DIVIDED, POSITIVE MED",NO CONTROLS,NO CONTROLS,6,NONE,NOT CODED,NOT CODED,NONE,NOT CODED,NOT CODED,14 MOTOR VEHICLE IN TRANSPORT,01 FRONT TO REAR,14 SLOWING,OTHER CONTRIBUTING ACTION,NO CONTRIBUTING ACTION,00 NOT CODED,00 NOT CODED,00 NOT CODED,00 NOT CODED,01 NO,2,0,0,0,2,0,2,2,N,N,N,N,N,N,N,N,N,N,N,N,N,N,N,N,Y,N,N,N,N,N,N,N,N,N,28.552634656,-81.446543427,456320.509962,3158504.370979,L,,ARBM15Q1R2,"June 10, 2023",3124396,-9066588.08938445,3318829.416933582
2020883926310,2020,883926310,FHPD20OFF065897,FLORIDA HIGHWAY PATROL,05 FIFTH,ORANGE,"September 24, 2020",1218,FRIDAY,7530 APOPKA,0730,N,US 441,SR 429 CONNECTOR RD,0.057,N,28.6969151,-81.5638505,28.6967224,-81.5635625,75020000,15.109,00645,SR 500,US 441,R RIGHT,2 THRU LANE 2,N NORTH,23 SUBURBAN 4-5LN 2WY DIVD RASD,02 U.S.,01 NON-JUNCTION,01 ON ROADWAY,01 NOT AT INTERSECTION,02 UNPAVED,33,"January 22, 2020",14 URBAN PRIN ART OTHER,24,PAVED,4,LAWN,4,,0,38,24000,RCI,3.5,,55,1 NO INJURY,31 Q/C COMPLETED - LOC VERIFIED,0 NO,01 NOT AT INTERSECTION/RRX/BRIDGE,01 DAYLIGHT,01 CLEAR,01 DRY,01 LEVEL,1 STRAIGHT,"TWO-WAY, DIVIDED, POSITIVE MED","TWO-WAY, DIVIDED, POSITIVE MED",NO CONTROLS,NO CONTROLS,4,NONE,NOT CODED,NOT CODED,NONE,NOT CODED,NOT CODED,14 MOTOR VEHICLE IN TRANSPORT,"04 SIDESWIPE, SAME DIRECTION",06 CHANGING LANES,FAILED TO KEEP IN PROPER LANE,NO CONTRIBUTING ACTION,00 NOT CODED,00 NOT CODED,00 NOT CODED,00 NOT CODED,01 NO,0,0,0,0,2,0,2,3,N,N,N,N,Y,N,N,N,N,N,Y,N,N,N,N,N,N,N,N,N,Y,N,N,N,N,N,28.696805256,-81.56355376,444950.007472,3174524.994562,R,,ARBM15Q1R2,"June 10, 2023",3124397,-9079613.62445942,3337113.1274031634
2020883926320,2020,883926320,FHPD20OFF065898,FLORIDA HIGHWAY PATROL,05 FIFTH,ORANGE,"September 24, 2020",1219,FRIDAY,7530 APOPKA,0730,N,US 441,HERMIT SMITH RD,0.019,N,28.6979438,-81.567164,28.6979209,-81.5673974,75020000,15.356,02234,SR 500,US 441,R RIGHT,1 THRU LANE 1,N NORTH,23 SUBURBAN 4-5LN 2WY DIVD RASD,02 U.S.,01 NON-JUNCTION,01 ON ROADWAY,01 NOT AT INTERSECTION,02 UNPAVED,33,"January 22, 2020",14 URBAN PRIN ART OTHER,24,PAVED,4,LAWN,4,,0,38,24000,RCI,3.5,,55,1 NO INJURY,31 Q/C COMPLETED - LOC VERIFIED,0 NO,01 NOT AT INTERSECTION/RRX/BRIDGE,01 DAYLIGHT,01 CLEAR,01 DRY,01 LEVEL,1 STRAIGHT,"TWO-WAY, DIVIDED, POSITIVE MED","TWO-WAY, DIVIDED, POSITIVE MED",NO CONTROLS,NO CONTROLS,4,NONE,NOT CODED,NOT CODED,NONE,NOT CODED,NOT CODED,14 MOTOR VEHICLE IN TRANSPORT,"04 SIDESWIPE, SAME DIRECTION",01 STRAIGHT AHEAD,OPERATED MV IN CARLESS OR NEGL,NO CONTRIBUTING ACTION,00 NOT CODED,00 NOT CODED,00 NOT CODED,00 NOT CODED,01 NO,0,0,0,0,2,0,2,3,N,N,N,N,Y,N,N,N,N,N,Y,N,N,N,N,N,N,N,N,N,Y,N,N,N,N,N,28.698012185,-81.567384525,444576.433643,3174660.482933,R,,ARBM15Q1R2,"June 10, 2023",3124398,-9080040.063395541,3337266.296109801
2020883926330,2020,883926330,FHPD20OFF065900,FLORIDA HIGHWAY PATROL,05 FIFTH,ORANGE,"September 24, 2020",1220,FRIDAY,7530 APOPKA,0730,N,US 441,HERMIT SMITH RD,0.038,S,28.6977769,-81.5665772,28.6976444,-81.5665124,75020000,15.299,02234,SR 500,US 441,R RIGHT,2 THRU LANE 2,N NORTH,23 SUBURBAN 4-5LN 2WY DIVD RASD,02 U.S.,01 NON-JUNCTION,01 ON ROADWAY,01 NOT AT INTERSECTION,02 UNPAVED,33,"January 22, 2020",14 URBAN PRIN ART OTHER,24,PAVED,4,LAWN,4,,0,38,24000,RCI,3.5,,55,1 NO INJURY,31 Q/C COMPLETED - LOC VERIFIED,0 NO,03 INFLUENCED BY INTERSECTION,01 DAYLIGHT,01 CLEAR,01 DRY,01 LEVEL,1 STRAIGHT,"TWO-WAY, DIVIDED, POSITIVE MED","TWO-WAY, DIVIDED, POSITIVE MED",NO CONTROLS,NO CONTROLS,4,NONE,NOT CODED,NOT CODED,NONE,NOT CODED,NOT CODED,14 MOTOR VEHICLE IN TRANSPORT,01 FRONT TO REAR,01 STRAIGHT AHEAD,OPERATED MV IN CARLESS OR NEGL,NO CONTRIBUTING ACTION,00 NOT CODED,00 NOT CODED,00 NOT CODED,00 NOT CODED,01 NO,0,0,0,0,2,0,2,2,N,N,N,Y,N,N,N,N,N,N,Y,N,N,N,N,N,N,N,N,N,Y,N,N,N,N,N,28.697733449,-81.566500712,444662.621602,3174629.191748,R,,ARBM15Q1R2,"June 10, 2023",3124399,-9079941.67776786,3337230.9221923603
2020883926160,2020,883926160,FHPD20OFF061354,FLORIDA HIGHWAY PATROL,05 FIFTH,ORANGE,"September 7, 2020",0938,TUESDAY,7546 ORLANDO,0746,N,ORANGE AVE,HOFFNER AVE,0.006,S,28.4752,-81.3700199,0,0,75040101,0.649,00721,SR 527,,L LEFT,S SIDE OF ROAD,W WEST,40 URBAN ONE WAY,03 STATE,01 NON-JUNCTION,03 SHOULDER,01 NOT AT INTERSECTION,03 CURB,30,"September 9, 2019",14 URBAN PRIN ART OTHER,24,PAVED WARN,14,CURB&GUTTER,2,,0,,23000,RCI,6,9D00,35,3 NO-INCAPACITATING INJURY,31 Q/C COMPLETED - LOC VERIFIED,0 NO,03 INFLUENCED BY INTERSECTION,01 DAYLIGHT,01 CLEAR,01 DRY,01 LEVEL,1 STRAIGHT,"TWO-WAY, NOT DIVIDED",,TRAFFIC CONTROL SIGNAL,NOT CODED,2,NONE,NOT CODED,NOT CODED,NONE,NOT CODED,NOT CODED,33 UTILITY POLE/LIGHT SUPPORT,77 OTHER (SEE NARRATIVE),03 TURNING LEFT,OPERATED MV IN CARLESS OR NEGL,NOT CODED,00 NOT CODED,00 NOT CODED,00 NOT CODED,00 NOT CODED,01 NO,1,0,0,0,1,0,1,1,N,N,N,Y,N,N,N,N,N,N,Y,N,N,N,N,N,N,N,N,N,N,Y,N,N,Y,N,28.475379012,-81.37013218,463768.489211,3149920.1646,O,,ARBM15Q1R2,"June 10, 2023",3124450,-9058082.025526537,3309042.165297806
2020883760740,2020,883760740,FHPD20OFF051013,FLORIDA HIGHWAY PATROL,05 FIFTH,ORANGE,"July 28, 2020",1832,WEDNESDAY,7546 ORLANDO,0746,N,SR 434,DARWIN DR,0.038,S,28.59174,-81.2091,28.5919098,-81.2089614,75037000,1.737,00898,SR 434,,L LEFT,1 THRU LANE 1,N NORTH,30 URBAN 6+LN 2WY DIVD RASD,03 STATE,01 NON-JUNCTION,01 ON ROADWAY,01 NOT AT INTERSECTION,03 CURB,38,"September 9, 2019",14 URBAN PRIN ART OTHER,33,PAVED,4,CURB&GUTTER,2,,0,28,48000,RCI,2.8,3D01,45,2 POSSIBLE INJURY,31 Q/C COMPLETED - LOC VERIFIED,0 NO,01 NOT AT INTERSECTION/RRX/BRIDGE,01 DAYLIGHT,03 RAIN,02 WET,01 LEVEL,1 STRAIGHT,"TWO-WAY, DIVIDED, POSITIVE MED","TWO-WAY, DIVIDED, POSITIVE MED",NO CONTROLS,NO CONTROLS,6,NONE,NOT CODED,NOT CODED,NONE,NOT CODED,NOT CODED,14 MOTOR VEHICLE IN TRANSPORT,03 ANGLE,10 MAKING U-TURN,IMPROPER TURN,NO CONTRIBUTING ACTION,00 NOT CODED,00 NOT CODED,00 NOT CODED,00 NOT CODED,01 NO,3,0,0,0,3,0,3,3,N,N,N,N,N,N,N,N,N,N,Y,N,N,N,N,N,N,N,N,N,N,N,N,N,N,N,28.591935008,-81.209052413,479558.828895,3162794.727509,L,,ARBM15Q1R2,"June 10, 2023",3124458,-9040150.703114063,3323810.9990310734
2020240657220,2020,240657220,2020-00284072,COUNTY SHERIFF'S OFFICE,05 FIFTH,ORANGE,"September 9, 2020",1315,THURSDAY,7546 ORLANDO,0746,Y,SEMORAN BLVD,DANUBE WAY,0,,0,0,28.5357979,-81.3105199,75003000,5.835,00863,SR 436,,R RIGHT,1 THRU LANE 1,0,30 URBAN 6+LN 2WY DIVD RASD,03 STATE,01 NON-JUNCTION,01 ON ROADWAY,03 T-INTERSECTION,01 PAVED,36,"March 2, 2020",14 URBAN PRIN ART OTHER,33,CURB&GUTTER,2,,0,,0,16,56000,RCI,5.2,,45,1 NO INJURY,31 Q/C COMPLETED - LOC VERIFIED,0 NO,02 AT INTERSECTION,01 DAYLIGHT,01 CLEAR,01 DRY,00 NOT CODED,0 NOT CODED,NOT CODED,"TWO-WAY, DIVIDED, POSITIVE MED",NOT CODED,NO CONTROLS,6,NONE,NOT CODED,NOT CODED,NONE,NOT CODED,NOT CODED,14 MOTOR VEHICLE IN TRANSPORT,"04 SIDESWIPE, SAME DIRECTION",00 NOT CODED,NOT CODED,NO CONTRIBUTING ACTION,00 NOT CODED,00 NOT CODED,00 NOT CODED,00 NOT CODED,01 NO,0,0,0,0,1,0,2,3,N,N,N,Y,N,N,N,N,N,N,N,N,N,N,N,N,N,N,N,N,N,N,N,N,N,N,28.535783643,-81.310444064,469628.580163,3156595.499079,R,,ARBM15Q1R2,"June 10, 2023",3124490,-9051437.573092306,3316694.0089620603