Crash Id,Calendar Year,FDOT Crash Number,Reporting Agency Case Number,Reporting Agency Type,FDOT Managing District,County Name,Crash Date,Crash Time,Day,DHSMV City,Crash Report City Code,In Town,On Roadway Name,Int Roadway Name,Reference Distance (Miles),Reference Direction,Officer Latitude,Officer Longitude,FDOT Latitude,FDOT Longitude,FDOT Roadway,Nearest Inventory MP,Nearest Node From Crash,State Road #,US Highway,Crash Side of Road,Accident Lane Number,Travel Direction Vehicle 1,FDOT Road Category,DHSMV Road System Id,Relation to Junction,Crash Harmful Event Location,Intersection Type,Shoulder Type,FDOT Roadway SKID Test Result,FDOT Roadway SKID Test Date,Functional Class,RCI Surface Width,RCI Shoulder Type First,RCI Shoulder Width First,RCI Shoulder Type Second,RCI Shoulder Width Second,RCI Shoulder Type Third,RCI Shoulder Width Third,RCI Median Width,Avg Daily Traffic,AADT Source,RCI Avg Per Truck Traffic,RCI Horiz Curve Condition,Posted Speed Limit,Highest Injury in Crash,CAR Status Code,Alcohols/Drug Involved,Site Location,Lighting,Weather,Road Surface,Roadway Grade,Roadway Alignment,Traffic Way Vehicle 1,Traffic Way Vehicle 2,Traffic Control Vehicle 1,Traffic Control Vehicle 2,Count of Lanes,Road Condition 1,Road Condition 2,Road Condition 3,Environment Condition 1,Environment Condition 2,Environment Condition 3,Crash Harmful Event,Manner of Collision,Vehicle Movement,Driver Action Vehicle 1,Driver Action Vehicle 2,Location Within Workzone,Type of Workzone,Workers Present in Workzone,Law Enforcement Present in Workzone,School Bus Related,Count of Nonfatal Injuries,Count of Traffic Fatalities,Count of Serious Injuries,Count of Pedestrians,Count of Drivers,Count of Bicyclists,Count of Vehicles,Count of Persons,Wrong Way,Workzone Inv,Commercial Vehicle Inv,Intersection Inv,Lane Departure,Speeding,Agressive Driving,Impaired Driver,Impaired Pedestrian,Impaired Bicyclist,Distracted Driver,Speeding or Aggressive Driving,Pedestrian Related,Bicyclist Related,Pedestrian or Bicyclist Related,Motorcycle Inv,No Belt,No Belt - Ages 1-4,No Belt - Ages 5-12,No Belt - Ages 13-17,Driver - Ages Teen,Driver - Ages 65 plus,Driver - Ages 65-69,Driver - Ages 70-74,Driver - Ages 75-79,Driver - Ages 80 plus,ARBM Latitude,ARBM Longitude,UTM Zone 17N X,UTM Zone 17N Y,ARBM Side of Road,Urban Rural Indicator,GIS Street Source,Extract Date,OBJECTID,x,y
2020883786670,2020,883786670,FHPD20OFF061289,FLORIDA HIGHWAY PATROL,05 FIFTH,ORANGE,"September 6, 2020",1950,MONDAY,"7500 UNINCORPORATED, ORANGE",0700,N,US 92,TROPICAL DR,0.019,N,28.4865618,-81.396868,28.4875395,-81.3967734,75010000,9.668,02477,SR 500,US 17,L LEFT,L LEFT TURN,S SOUTH,30 URBAN 6+LN 2WY DIVD RASD,02 U.S.,01 NON-JUNCTION,01 ON ROADWAY,01 NOT AT INTERSECTION,03 CURB,38,"March 1, 2020",14 URBAN PRIN ART OTHER,32,CURB&GUTTER,2,,0,,0,15,58500,RCI,6.2,,40,2 POSSIBLE INJURY,31 Q/C COMPLETED - LOC VERIFIED,0 NO,03 INFLUENCED BY INTERSECTION,04 DARK-LIGHTED,01 CLEAR,01 DRY,01 LEVEL,1 STRAIGHT,"TWO-WAY, DIVIDED, POSITIVE MED","TWO-WAY, DIVIDED, POSITIVE MED",NO CONTROLS,NO CONTROLS,6,NONE,NOT CODED,NOT CODED,NONE,NOT CODED,NOT CODED,14 MOTOR VEHICLE IN TRANSPORT,03 ANGLE,16 LEAVING TRAFFIC LANE,FAILED TO KEEP IN PROPER LANE,NO CONTRIBUTING ACTION,00 NOT CODED,00 NOT CODED,00 NOT CODED,00 NOT CODED,01 NO,1,0,0,0,2,0,2,3,N,N,N,Y,N,N,N,N,N,N,Y,N,N,N,N,N,N,N,N,N,N,N,N,N,N,N,28.487551169,-81.396852804,461157.291817,3151276.996737,L,,ARBM15Q1R2,"June 10, 2023",3124959,-9061056.552726142,3310583.7382884994
2020883786690,2020,883786690,FHPD20OFF061438,FLORIDA HIGHWAY PATROL,05 FIFTH,ORANGE,"September 7, 2020",1458,TUESDAY,"7500 UNINCORPORATED, ORANGE",0700,N,US 92,39TH ST,0.009,N,28.5035934,-81.396804,28.5038669,-81.3968918,75010000,10.792,01939,SR 500,US 17,R RIGHT,2 THRU LANE 2,N NORTH,30 URBAN 6+LN 2WY DIVD RASD,02 U.S.,02 INTERSECTION,01 ON ROADWAY,03 T-INTERSECTION,03 CURB,38,"March 1, 2020",14 URBAN PRIN ART OTHER,32,CURB&GUTTER,2,,0,,0,15,58500,RCI,6.2,,40,1 NO INJURY,31 Q/C COMPLETED - LOC VERIFIED,0 NO,01 NOT AT INTERSECTION/RRX/BRIDGE,01 DAYLIGHT,01 CLEAR,01 DRY,01 LEVEL,1 STRAIGHT,"TWO-WAY, DIVIDED, POSITIVE MED","TWO-WAY, NOT DIVIDED",TRAFFIC CONTROL SIGNAL,TRAFFIC CONTROL SIGNAL,6,NONE,NOT CODED,NOT CODED,NONE,NOT CODED,NOT CODED,14 MOTOR VEHICLE IN TRANSPORT,03 ANGLE,01 STRAIGHT AHEAD,RAN RED LIGHT,NO CONTRIBUTING ACTION,00 NOT CODED,00 NOT CODED,00 NOT CODED,00 NOT CODED,01 NO,0,0,0,0,2,0,2,3,N,N,N,N,N,N,N,N,N,N,Y,N,N,N,N,N,N,N,N,N,N,N,N,N,N,N,28.503881215,-81.396816887,461166.785083,3153086.103057,R,,ARBM15Q1R2,"June 10, 2023",3124960,-9061052.554543613,3312652.1769157243
2020883985170,2020,883985170,FHPD20OFF066028,FLORIDA HIGHWAY PATROL,05 FIFTH,ORANGE,"September 24, 2020",1803,FRIDAY,7546 ORLANDO,0746,N,US 441,ROSEMOND DR,0.009,S,28.605497,-81.421721,28.6052778,-81.4213825,75020000,3.987,04783,SR 500,US 441,L LEFT,2 THRU LANE 2,S SOUTH,23 SUBURBAN 4-5LN 2WY DIVD RASD,02 U.S.,01 NON-JUNCTION,01 ON ROADWAY,01 NOT AT INTERSECTION,03 CURB,40,"January 22, 2020",14 URBAN PRIN ART OTHER,23,PAVED,4,LAWN,6,,0,40,31500,RCI,4.6,1D0000,50,2 POSSIBLE INJURY,31 Q/C COMPLETED - LOC VERIFIED,0 NO,01 NOT AT INTERSECTION/RRX/BRIDGE,01 DAYLIGHT,02 CLOUDY,01 DRY,01 LEVEL,1 STRAIGHT,"TWO-WAY, DIVIDED, POSITIVE MED","TWO-WAY, DIVIDED, POSITIVE MED",NO CONTROLS,NO CONTROLS,4,NONE,NOT CODED,NOT CODED,NONE,NOT CODED,NOT CODED,14 MOTOR VEHICLE IN TRANSPORT,01 FRONT TO REAR,01 STRAIGHT AHEAD,OPERATED MV IN CARLESS OR NEGL,NO CONTRIBUTING ACTION,00 NOT CODED,00 NOT CODED,00 NOT CODED,00 NOT CODED,01 NO,1,0,0,0,2,0,2,3,N,N,N,N,N,N,N,N,N,N,Y,N,N,N,N,N,N,N,N,N,N,N,N,N,N,N,28.605280983,-81.421513218,458789.438498,3164327.990156,L,,ARBM15Q1R2,"June 10, 2023",3124961,-9063801.738715777,3325503.1131228944
2020883962870,2020,883962870,FHPD20OFF066181,FLORIDA HIGHWAY PATROL,05 FIFTH,ORANGE,"September 25, 2020",1350,SATURDAY,7546 ORLANDO,0746,N,SR 535,LBV FACTORY STORES DR,0.004,S,28.3504,-81.4902,28.3500878,-81.4903477,75035001,0.243,03744,SR 535,,R RIGHT,2 THRU LANE 2,N NORTH,23 SUBURBAN 4-5LN 2WY DIVD RASD,03 STATE,01 NON-JUNCTION,01 ON ROADWAY,01 NOT AT INTERSECTION,02 UNPAVED,26,"September 10, 2019",16 URBAN MINOR ART,24,PAVED,5,LAWN,12,,0,65,53000,RCI,7.8,,50,1 NO INJURY,31 Q/C COMPLETED - LOC VERIFIED,0 NO,03 INFLUENCED BY INTERSECTION,01 DAYLIGHT,01 CLEAR,01 DRY,01 LEVEL,1 STRAIGHT,"TWO-WAY, DIVIDED, POSITIVE MED","TWO-WAY, DIVIDED, POSITIVE MED",TRAFFIC CONTROL SIGNAL,TRAFFIC CONTROL SIGNAL,4,NONE,NOT CODED,NOT CODED,NONE,NOT CODED,NOT CODED,14 MOTOR VEHICLE IN TRANSPORT,01 FRONT TO REAR,01 STRAIGHT AHEAD,OPERATED MV IN CARLESS OR NEGL,NO CONTRIBUTING ACTION,00 NOT CODED,00 NOT CODED,00 NOT CODED,00 NOT CODED,01 NO,0,0,0,0,2,0,2,3,N,N,N,Y,N,N,N,N,N,N,Y,N,N,N,N,N,N,N,N,N,Y,N,N,N,N,N,28.350146296,-81.490251297,451953.640311,3136088.471285,R,,ARBM15Q1R2,"June 10, 2023",3124965,-9071453.627958626,3293192.050906256
2020240826250,2020,240826250,OAK20OFF000339,COUNTY SHERIFF'S OFFICE,05 FIFTH,ORANGE,"September 19, 2020",1121,SUNDAY,7541 OAKLAND,0741,N,COLONIAL DR,OAKLAND DR,0,,28.5459549,-81.651053,28.5459114,-81.6513602,75050000,0.36,03040,SR 50,,L LEFT,1 THRU LANE 1,W WEST,30 URBAN 6+LN 2WY DIVD RASD,03 STATE,02 INTERSECTION,01 ON ROADWAY,02 FOUR-WAY INTERSECTION,01 PAVED,41,"April 1, 2018",14 URBAN PRIN ART OTHER,36,PAVED,4,CURB&GUTTER,2,,0,23,57500,RCI,4.6,0D5900,50,2 POSSIBLE INJURY,31 Q/C COMPLETED - LOC VERIFIED,0 NO,02 AT INTERSECTION,01 DAYLIGHT,03 RAIN,02 WET,01 LEVEL,1 STRAIGHT,"TWO-WAY, DIVIDED, POSITIVE MED","TWO-WAY, DIVIDED, POSITIVE MED",TRAFFIC CONTROL SIGNAL,TRAFFIC CONTROL SIGNAL,6,NONE,NOT CODED,NOT CODED,NONE,NOT CODED,NOT CODED,14 MOTOR VEHICLE IN TRANSPORT,01 FRONT TO REAR,01 STRAIGHT AHEAD,DROVE TOO FAST FOR CONDITIONS,NO CONTRIBUTING ACTION,00 NOT CODED,00 NOT CODED,00 NOT CODED,00 NOT CODED,01 NO,1,0,0,0,2,0,2,4,N,N,N,Y,N,Y,N,N,N,N,N,Y,N,N,N,N,N,N,N,N,N,N,N,N,N,N,28.545965219,-81.651591511,436258.928983,3157857.351708,L,,ARBM15Q1R2,"June 10, 2023",3125072,-9089413.944346812,3317984.205352369
2020882964820,2020,882964820,FHPK20OFF037415,FLORIDA HIGHWAY PATROL,08 TURNPIKE,ORANGE,"August 21, 2020",2146,SATURDAY,7546 ORLANDO,0746,N,SR 528,CR 423,0,,28.4211999,-81.42546,28.4210319,-81.4265876,75471125,0,03282,SR 528,,R RIGHT,X RAMP,E EAST,08 RAMP RURAL,06 TURNPIKE/TOLL,14 ENTRANCE/EXIT RAMP,02 OFF ROADWAY,01 NOT AT INTERSECTION,01 PAVED,0,"December 31, 2000",,16,PAVED,2,LAWN,12,,0,,8400,RCI,14.7,,,2 POSSIBLE INJURY,31 Q/C COMPLETED - LOC VERIFIED,0 NO,08 EXIT RAMP,04 DARK-LIGHTED,03 RAIN,02 WET,01 LEVEL,1 STRAIGHT,ONE-WAY TRAFFICWAY,,NO CONTROLS,NOT CODED,1,"RD SURFC (WET, ICY, SNOW, ETC)",NOT CODED,NOT CODED,WEATHER CONDITIONS,NOT CODED,NOT CODED,27 GUARDRAIL FACE,77 OTHER (SEE NARRATIVE),01 STRAIGHT AHEAD,OPERATED MV IN CARLESS OR NEGL,NOT CODED,00 NOT CODED,00 NOT CODED,00 NOT CODED,00 NOT CODED,01 NO,1,0,0,0,1,0,1,1,N,N,N,N,Y,N,N,N,N,N,N,N,N,N,N,N,N,N,N,N,N,N,N,N,N,N,28.421037546,-81.426591799,458220.3634,3143918.3167,O,,ARBM15Q1R2,"June 10, 2023",3125224,-9064367.083237385,3302162.1199543867
2020883113070,2020,883113070,FHPD20OFF050299,FLORIDA HIGHWAY PATROL,05 FIFTH,ORANGE,"July 25, 2020",2140,SUNDAY,7546 ORLANDO,0746,N,I 4,MILE MARKER #71,0,,28.408647,-81.4769001,28.4102858,-81.4751506,75280000,5.53,00479,SR 400,I 4,L LEFT,1 THRU LANE 1,W WEST,01 INTERSTATE URBAN,01 INTERSTATE,01 NON-JUNCTION,01 ON ROADWAY,01 NOT AT INTERSECTION,01 PAVED,35,"March 2, 2020",11 URBAN PRIN ART INT.,48,PAVED WARN,12,,0,,0,64,204000,RCI,8,2D0000,60,4 INCAPACITATING INJURY,31 Q/C COMPLETED - LOC VERIFIED,0 NO,01 NOT AT INTERSECTION/RRX/BRIDGE,04 DARK-LIGHTED,01 CLEAR,01 DRY,01 LEVEL,1 STRAIGHT,"TWO-WAY, DIVIDED, POSITIVE MED","TWO-WAY, DIVIDED, POSITIVE MED",NO CONTROLS,NO CONTROLS,8,NONE,NOT CODED,NOT CODED,NONE,NOT CODED,NOT CODED,14 MOTOR VEHICLE IN TRANSPORT,77 OTHER (SEE NARRATIVE),01 STRAIGHT AHEAD,OTHER CONTRIBUTING ACTION,NOT CODED,00 NOT CODED,00 NOT CODED,00 NOT CODED,00 NOT CODED,01 NO,3,0,2,0,1,0,2,3,N,N,N,N,N,N,N,N,N,N,N,N,N,N,N,N,N,N,N,N,N,N,N,N,N,N,28.410249305,-81.475586098,453417.170973,3142741.1336,L,,ARBM15Q1R2,"June 10, 2023",3125335,-9069821.105208695,3300796.666413839
2020883113080,2020,883113080,FHPD20OFF050309,FLORIDA HIGHWAY PATROL,05 FIFTH,ORANGE,"July 25, 2020",2147,SUNDAY,7546 ORLANDO,0746,N,I 4,MILE MARKER #71,0,,28.4128887,-81.47451,28.4102858,-81.4751506,75280000,5.53,00479,SR 400,I 4,L LEFT,1 THRU LANE 1,W WEST,01 INTERSTATE URBAN,01 INTERSTATE,01 NON-JUNCTION,01 ON ROADWAY,01 NOT AT INTERSECTION,01 PAVED,35,"March 2, 2020",11 URBAN PRIN ART INT.,48,PAVED WARN,12,,0,,0,64,204000,RCI,8,2D0000,60,2 POSSIBLE INJURY,31 Q/C COMPLETED - LOC VERIFIED,0 NO,01 NOT AT INTERSECTION/RRX/BRIDGE,04 DARK-LIGHTED,01 CLEAR,01 DRY,01 LEVEL,1 STRAIGHT,"TWO-WAY, DIVIDED, POSITIVE MED","TWO-WAY, DIVIDED, POSITIVE MED",NO CONTROLS,NO CONTROLS,8,NONE,NOT CODED,NOT CODED,NONE,NOT CODED,NOT CODED,14 MOTOR VEHICLE IN TRANSPORT,01 FRONT TO REAR,01 STRAIGHT AHEAD,OPERATED MV IN CARLESS OR NEGL,NO CONTRIBUTING ACTION,00 NOT CODED,00 NOT CODED,00 NOT CODED,00 NOT CODED,01 NO,2,0,0,0,2,0,2,2,N,N,N,N,Y,N,N,N,N,N,Y,N,N,N,N,N,N,N,N,N,N,N,N,N,N,N,28.410249305,-81.475586098,453417.170973,3142741.1336,L,,ARBM15Q1R2,"June 10, 2023",3125336,-9069821.105208695,3300796.666413839
2020883113090,2020,883113090,FHPD20OFF050325,FLORIDA HIGHWAY PATROL,05 FIFTH,ORANGE,"July 25, 2020",2140,SUNDAY,7546 ORLANDO,0746,N,I 4,MILE MARKER #71,0,,28.4126781,-81.4745706,28.4102858,-81.4751506,75280000,5.53,00479,SR 400,I 4,M MEDIAN,M MIDDLE,W WEST,01 INTERSTATE URBAN,01 INTERSTATE,01 NON-JUNCTION,01 ON ROADWAY,01 NOT AT INTERSECTION,01 PAVED,35,"March 2, 2020",11 URBAN PRIN ART INT.,48,PAVED WARN,12,,0,,0,64,204000,RCI,8,2D0000,60,0 UNKNOWN/NOT CODED,31 Q/C COMPLETED - LOC VERIFIED,0 NO,01 NOT AT INTERSECTION/RRX/BRIDGE,04 DARK-LIGHTED,01 CLEAR,01 DRY,01 LEVEL,1 STRAIGHT,"TWO-WAY, DIVIDED, POSITIVE MED",,NO CONTROLS,NOT CODED,8,NONE,NOT CODED,NOT CODED,NONE,NOT CODED,NOT CODED,27 GUARDRAIL FACE,88 UNKNOWN,88 UNKNOWN,NOT CODED,NOT CODED,00 NOT CODED,00 NOT CODED,00 NOT CODED,00 NOT CODED,01 NO,0,0,0,0,0,0,1,0,N,N,N,N,Y,N,N,N,N,N,N,N,N,N,N,N,N,N,N,N,N,N,N,N,N,N,28.410304468,-81.475166424,453458.302024,3142747.082431,R,,ARBM15Q1R2,"June 10, 2023",3125337,-9069774.38726485,3300803.6478587845
2020883113100,2020,883113100,FHPD20OFF050567,FLORIDA HIGHWAY PATROL,05 FIFTH,ORANGE,"July 27, 2020",0210,TUESDAY,7554 WINTER PARK,0754,N,I 4,SR 423,0.266,S,28.6020314,-81.3863005,0,0,75280000,22.019,00399,SR 400,I 4,L LEFT,S SIDE OF ROAD,W WEST,01 INTERSTATE URBAN,01 INTERSTATE,01 NON-JUNCTION,01 ON ROADWAY,01 NOT AT INTERSECTION,01 PAVED,25,"September 16, 2014",11 URBAN PRIN ART INT.,36,PAVED,10,LAWN,2,,0,16,135500,RCI,6.8,,50,2 POSSIBLE INJURY,31 Q/C COMPLETED - LOC VERIFIED,0 NO,01 NOT AT INTERSECTION/RRX/BRIDGE,04 DARK-LIGHTED,01 CLEAR,01 DRY,01 LEVEL,1 STRAIGHT,"TWO-WAY, DIVIDED, POSITIVE MED",,NO CONTROLS,NOT CODED,7,NONE,NOT CODED,NOT CODED,NONE,NOT CODED,NOT CODED,30 CONCRETE TRAFFIC BARRIER,77 OTHER (SEE NARRATIVE),01 STRAIGHT AHEAD,OPERATED MV IN CARLESS OR NEGL,NOT CODED,04 ACTIVITY AREA,02 LANE SHIFT/CROSSOVER,02 YES,01 NO,01 NO,1,0,0,0,1,0,1,1,N,Y,N,N,Y,N,N,N,N,N,Y,N,N,N,N,N,N,N,N,N,N,N,N,N,N,N,28.601893451,-81.386420776,462219.179067,3163941.116309,L,,ARBM15Q1R2,"June 10, 2023",3125338,-9059895.264711255,3325073.5931405253
2020883792460,2020,883792460,FHPD20OFF058687,FLORIDA HIGHWAY PATROL,05 FIFTH,ORANGE,"August 27, 2020",1547,FRIDAY,7546 ORLANDO,0746,N,SR 551,ALACHUA ST,0.057,S,28.5345054,-81.2856328,28.5345505,-81.2857091,75200000,4.108,00297,SR 551,,L LEFT,2 THRU LANE 2,S SOUTH,20 URBAN 4-5LN 2WY DIVD RASD,03 STATE,01 NON-JUNCTION,01 ON ROADWAY,01 NOT AT INTERSECTION,03 CURB,36,"February 11, 2020",16 URBAN MINOR ART,26,PAVED,4,CURB&GUTTER,2,,0,22,43500,RCI,3.6,,45,2 POSSIBLE INJURY,31 Q/C COMPLETED - LOC VERIFIED,0 NO,01 NOT AT INTERSECTION/RRX/BRIDGE,01 DAYLIGHT,01 CLEAR,01 DRY,01 LEVEL,1 STRAIGHT,"TWO-WAY, DIVIDED, POSITIVE MED","TWO-WAY, DIVIDED, POSITIVE MED",NO CONTROLS,NO CONTROLS,4,NONE,NOT CODED,NOT CODED,NONE,NOT CODED,NOT CODED,14 MOTOR VEHICLE IN TRANSPORT,01 FRONT TO REAR,01 STRAIGHT AHEAD,OTHER CONTRIBUTING ACTION,NO CONTRIBUTING ACTION,00 NOT CODED,00 NOT CODED,00 NOT CODED,00 NOT CODED,01 NO,1,0,0,1,3,0,3,4,N,N,N,N,N,N,N,N,N,N,N,N,Y,N,Y,N,N,N,N,N,N,N,N,N,N,N,28.534268228,-81.28578142,472040.991806,3156421.617367,L,,ARBM15Q1R2,"June 10, 2023",3125368,-9048692.139390845,3316501.9881399204
2020883792510,2020,883792510,FHPD20OFF059172,FLORIDA HIGHWAY PATROL,05 FIFTH,ORANGE,"August 29, 2020",1512,SUNDAY,7546 ORLANDO,0746,N,SR 551,SR 408,0.009,S,28.5398247,-81.2856707,28.540701,-81.2857722,75200000,4.532,02496,SR 551,,L LEFT,2 THRU LANE 2,S SOUTH,20 URBAN 4-5LN 2WY DIVD RASD,03 STATE,01 NON-JUNCTION,01 ON ROADWAY,01 NOT AT INTERSECTION,03 CURB,37,"February 11, 2020",16 URBAN MINOR ART,26,CURB&GUTTER,2,,0,,0,17,39500,RCI,4.4,,45,2 POSSIBLE INJURY,31 Q/C COMPLETED - LOC VERIFIED,0 NO,01 NOT AT INTERSECTION/RRX/BRIDGE,01 DAYLIGHT,02 CLOUDY,02 WET,01 LEVEL,1 STRAIGHT,"TWO-WAY, DIVIDED, POSITIVE MED","TWO-WAY, DIVIDED, POSITIVE MED",NO CONTROLS,NO CONTROLS,4,NONE,NOT CODED,NOT CODED,NONE,NOT CODED,NOT CODED,14 MOTOR VEHICLE IN TRANSPORT,01 FRONT TO REAR,01 STRAIGHT AHEAD,OPERATED MV IN CARLESS OR NEGL,NO CONTRIBUTING ACTION,00 NOT CODED,00 NOT CODED,00 NOT CODED,00 NOT CODED,01 NO,1,0,0,0,2,0,2,3,N,N,N,N,N,N,N,N,N,N,N,N,N,N,N,N,N,N,N,N,N,Y,N,Y,N,N,28.540456605,-81.285876919,472033.282949,3157107.216466,L,,ARBM15Q1R2,"June 10, 2023",3125369,-9048702.770355655,3317286.1459658723
2020883789000,2020,883789000,FHPD20OFF059987,FLORIDA HIGHWAY PATROL,05 FIFTH,ORANGE,"September 1, 2020",1755,WEDNESDAY,7546 ORLANDO,0746,N,SR 50,AVALON PARK BLVD,0.4,E,28.56547,-81.1594,28.5654017,-81.1587859,75060000,14.695,05212,SR 50,,L LEFT,1 THRU LANE 1,E EAST,23 SUBURBAN 4-5LN 2WY DIVD RASD,03 STATE,01 NON-JUNCTION,01 ON ROADWAY,01 NOT AT INTERSECTION,02 UNPAVED,36,"September 9, 2019",14 URBAN PRIN ART OTHER,24,PAVED,4,LAWN,6,,0,22,43000,RCI,5.1,0D4638,55,3 NO-INCAPACITATING INJURY,31 Q/C COMPLETED - LOC VERIFIED,0 NO,01 NOT AT INTERSECTION/RRX/BRIDGE,01 DAYLIGHT,03 RAIN,02 WET,01 LEVEL,1 STRAIGHT,"TWO-WAY, DIVIDED, POSITIVE MED","TWO-WAY, DIVIDED, POSITIVE MED",NO CONTROLS,NO CONTROLS,4,"RD SURFC (WET, ICY, SNOW, ETC)",NOT CODED,NOT CODED,NONE,NOT CODED,NOT CODED,14 MOTOR VEHICLE IN TRANSPORT,03 ANGLE,01 STRAIGHT AHEAD,OPERATED MV IN CARLESS OR NEGL,NO CONTRIBUTING ACTION,00 NOT CODED,00 NOT CODED,00 NOT CODED,00 NOT CODED,01 NO,4,0,0,0,2,0,2,4,N,N,N,N,Y,N,N,N,N,N,Y,N,N,N,N,N,N,N,N,N,N,N,N,N,N,N,28.565464644,-81.158995746,484449.491131,3159854.691643,L,,ARBM15Q1R2,"June 10, 2023",3125378,-9034578.418813072,3320455.4997627037
2020883789030,2020,883789030,FHPD20OFF060243,FLORIDA HIGHWAY PATROL,05 FIFTH,ORANGE,"September 2, 2020",1720,THURSDAY,7554 WINTER PARK,0754,N,SR 426,RANGER BLVD,0.009,W,28.603222,-81.3123527,28.603469,-81.3115562,75090000,2.682,06739,SR 426,,R RIGHT,2 THRU LANE 2,E EAST,20 URBAN 4-5LN 2WY DIVD RASD,03 STATE,01 NON-JUNCTION,01 ON ROADWAY,01 NOT AT INTERSECTION,03 CURB,41,"February 11, 2020",14 URBAN PRIN ART OTHER,26,CURB&GUTTER,2,,0,,0,19,41000,RCI,3.6,,40,1 NO INJURY,31 Q/C COMPLETED - LOC VERIFIED,0 NO,03 INFLUENCED BY INTERSECTION,01 DAYLIGHT,01 CLEAR,01 DRY,01 LEVEL,1 STRAIGHT,"TWO-WAY, DIVIDED, POSITIVE MED","TWO-WAY, DIVIDED, POSITIVE MED",NO CONTROLS,NO CONTROLS,4,NONE,NOT CODED,NOT CODED,NONE,NOT CODED,NOT CODED,14 MOTOR VEHICLE IN TRANSPORT,01 FRONT TO REAR,01 STRAIGHT AHEAD,OPERATED MV IN CARLESS OR NEGL,NO CONTRIBUTING ACTION,00 NOT CODED,00 NOT CODED,00 NOT CODED,00 NOT CODED,01 NO,0,0,0,0,2,0,2,2,N,N,N,Y,N,N,N,N,N,N,Y,N,N,N,N,N,N,N,N,N,N,N,N,N,N,N,28.60341329,-81.311512614,469543.521872,3164088.138253,R,,ARBM15Q1R2,"June 10, 2023",3125379,-9051556.523916615,3325266.29880106
2020883789060,2020,883789060,FHPD20OFF060421,FLORIDA HIGHWAY PATROL,05 FIFTH,ORANGE,"September 3, 2020",1347,FRIDAY,7546 ORLANDO,0746,N,SR 434,COLLEGE PARK TRAIL,0.006,S,28.5794441,-81.2079387,0,0,75037000,0.867,03837,SR 434,,L LEFT,S SIDE OF ROAD,S SOUTH,30 URBAN 6+LN 2WY DIVD RASD,03 STATE,01 NON-JUNCTION,01 ON ROADWAY,01 NOT AT INTERSECTION,03 CURB,38,"September 9, 2019",14 URBAN PRIN ART OTHER,33,PAVED,4,CURB&GUTTER,2,,0,28,48000,RCI,2.8,,45,1 NO INJURY,31 Q/C COMPLETED - LOC VERIFIED,0 NO,01 NOT AT INTERSECTION/RRX/BRIDGE,01 DAYLIGHT,01 CLEAR,01 DRY,01 LEVEL,1 STRAIGHT,"TWO-WAY, DIVIDED, POSITIVE MED",,NO CONTROLS,NOT CODED,6,NONE,NOT CODED,NOT CODED,NONE,NOT CODED,NOT CODED,32 TREE (STANDING),77 OTHER (SEE NARRATIVE),01 STRAIGHT AHEAD,OPERATED MV IN CARLESS OR NEGL,NOT CODED,00 NOT CODED,00 NOT CODED,00 NOT CODED,00 NOT CODED,01 NO,0,0,0,0,1,0,1,1,N,N,N,N,Y,N,N,N,N,N,Y,N,N,N,N,N,N,N,N,N,N,N,N,N,N,N,28.579454736,-81.207848146,479674.182682,3161411.895238,L,,ARBM15Q1R2,"June 10, 2023",3125380,-9040016.644628916,3322228.8397764466
2020883787070,2020,883787070,FHPD20OFF054962,FLORIDA HIGHWAY PATROL,05 FIFTH,ORANGE,"August 13, 2020",1100,FRIDAY,7546 ORLANDO,0746,N,COLONIAL DR W,DORSCHER RD,0.057,W,28.5518927,-81.4846614,28.5520135,-81.4850721,75050000,10.539,05028,SR 50,,R RIGHT,2 THRU LANE 2,E EAST,30 URBAN 6+LN 2WY DIVD RASD,03 STATE,01 NON-JUNCTION,01 ON ROADWAY,01 NOT AT INTERSECTION,03 CURB,44,"April 1, 2018",14 URBAN PRIN ART OTHER,36,PAVED,4,CURB&GUTTER,2,,0,30,46000,RCI,4.6,,45,1 NO INJURY,31 Q/C COMPLETED - LOC VERIFIED,0 NO,01 NOT AT INTERSECTION/RRX/BRIDGE,01 DAYLIGHT,01 CLEAR,01 DRY,01 LEVEL,1 STRAIGHT,"TWO-WAY, DIVIDED, POSITIVE MED","TWO-WAY, DIVIDED, POSITIVE MED",NO CONTROLS,NO CONTROLS,6,NONE,NOT CODED,NOT CODED,NONE,NOT CODED,NOT CODED,14 MOTOR VEHICLE IN TRANSPORT,"04 SIDESWIPE, SAME DIRECTION",01 STRAIGHT AHEAD,OPERATED MV IN CARLESS OR NEGL,NO CONTRIBUTING ACTION,00 NOT CODED,00 NOT CODED,00 NOT CODED,00 NOT CODED,01 NO,0,0,0,0,2,0,2,4,N,N,N,N,Y,N,N,N,N,N,Y,N,N,N,N,N,N,N,N,N,N,N,N,N,N,N,28.551904657,-81.485107319,452547.935273,3158438.156252,R,,ARBM15Q1R2,"June 10, 2023",3125446,-9070881.003466781,3318736.9022328206