Crash Id,Calendar Year,FDOT Crash Number,Reporting Agency Case Number,Reporting Agency Type,FDOT Managing District,County Name,Crash Date,Crash Time,Day,DHSMV City,Crash Report City Code,In Town,On Roadway Name,Int Roadway Name,Reference Distance (Miles),Reference Direction,Officer Latitude,Officer Longitude,FDOT Latitude,FDOT Longitude,FDOT Roadway,Nearest Inventory MP,Nearest Node From Crash,State Road #,US Highway,Crash Side of Road,Accident Lane Number,Travel Direction Vehicle 1,FDOT Road Category,DHSMV Road System Id,Relation to Junction,Crash Harmful Event Location,Intersection Type,Shoulder Type,FDOT Roadway SKID Test Result,FDOT Roadway SKID Test Date,Functional Class,RCI Surface Width,RCI Shoulder Type First,RCI Shoulder Width First,RCI Shoulder Type Second,RCI Shoulder Width Second,RCI Shoulder Type Third,RCI Shoulder Width Third,RCI Median Width,Avg Daily Traffic,AADT Source,RCI Avg Per Truck Traffic,RCI Horiz Curve Condition,Posted Speed Limit,Highest Injury in Crash,CAR Status Code,Alcohols/Drug Involved,Site Location,Lighting,Weather,Road Surface,Roadway Grade,Roadway Alignment,Traffic Way Vehicle 1,Traffic Way Vehicle 2,Traffic Control Vehicle 1,Traffic Control Vehicle 2,Count of Lanes,Road Condition 1,Road Condition 2,Road Condition 3,Environment Condition 1,Environment Condition 2,Environment Condition 3,Crash Harmful Event,Manner of Collision,Vehicle Movement,Driver Action Vehicle 1,Driver Action Vehicle 2,Location Within Workzone,Type of Workzone,Workers Present in Workzone,Law Enforcement Present in Workzone,School Bus Related,Count of Nonfatal Injuries,Count of Traffic Fatalities,Count of Serious Injuries,Count of Pedestrians,Count of Drivers,Count of Bicyclists,Count of Vehicles,Count of Persons,Wrong Way,Workzone Inv,Commercial Vehicle Inv,Intersection Inv,Lane Departure,Speeding,Agressive Driving,Impaired Driver,Impaired Pedestrian,Impaired Bicyclist,Distracted Driver,Speeding or Aggressive Driving,Pedestrian Related,Bicyclist Related,Pedestrian or Bicyclist Related,Motorcycle Inv,No Belt,No Belt - Ages 1-4,No Belt - Ages 5-12,No Belt - Ages 13-17,Driver - Ages Teen,Driver - Ages 65 plus,Driver - Ages 65-69,Driver - Ages 70-74,Driver - Ages 75-79,Driver - Ages 80 plus,ARBM Latitude,ARBM Longitude,UTM Zone 17N X,UTM Zone 17N Y,ARBM Side of Road,Urban Rural Indicator,GIS Street Source,Extract Date,OBJECTID,x,y
2020240636360,2020,240636360,2020-00244743,COUNTY SHERIFF'S OFFICE,05 FIFTH,ORANGE,"August 6, 2020",1040,FRIDAY,7546 ORLANDO,0746,Y,RALEIGH ST,KIRKMAN RD S,0,,0,0,28.5278852,-81.4592608,75270000,5.4,00127,SR 435,,I INTERSECTION,M MIDDLE,E EAST,33 SUBURBAN 6+LN 2WY DIVD RASD,05 LOCAL,02 INTERSECTION,01 ON ROADWAY,02 FOUR-WAY INTERSECTION,01 PAVED,28,"March 14, 2017",14 URBAN PRIN ART OTHER,36,PAVED,5,LAWN,7,,0,40,59500,RCI,6.1,,50,3 NO-INCAPACITATING INJURY,31 Q/C COMPLETED - LOC VERIFIED,0 NO,02 AT INTERSECTION,01 DAYLIGHT,01 CLEAR,01 DRY,01 LEVEL,1 STRAIGHT,"TWO-WAY, DIVIDED, POSITIVE MED","TWO-WAY, DIVIDED, POSITIVE MED",TRAFFIC CONTROL SIGNAL,TRAFFIC CONTROL SIGNAL,6,NONE,NOT CODED,NOT CODED,NONE,NOT CODED,NOT CODED,14 MOTOR VEHICLE IN TRANSPORT,03 ANGLE,01 STRAIGHT AHEAD,OTHER CONTRIBUTING ACTION,NO CONTRIBUTING ACTION,00 NOT CODED,00 NOT CODED,00 NOT CODED,00 NOT CODED,01 NO,2,0,0,0,2,0,2,3,N,N,Y,Y,N,N,N,N,N,N,N,N,N,N,N,N,N,N,N,N,N,N,N,N,N,N,28.528048912,-81.459148495,455077.078402,3155785.276828,R,,ARBM15Q1R2,"June 10, 2023",3126695,-9067991.279469347,3315713.95560346
2020240642690,2020,240642690,2020-00230040,COUNTY SHERIFF'S OFFICE,05 FIFTH,ORANGE,"July 23, 2020",1442,FRIDAY,7546 ORLANDO,0746,Y,US 441,I 4,0.019,S,0,0,28.5094995,-81.3969512,75010000,11.179,00540,SR 500,US 17,R RIGHT,2 THRU LANE 2,N NORTH,20 URBAN 4-5LN 2WY DIVD RASD,02 U.S.,01 NON-JUNCTION,01 ON ROADWAY,01 NOT AT INTERSECTION,01 PAVED,35,"March 1, 2020",14 URBAN PRIN ART OTHER,24,CURB&GUTTER,2,,0,,0,23,58500,RCI,6.2,,35,1 NO INJURY,31 Q/C COMPLETED - LOC VERIFIED,0 NO,03 INFLUENCED BY INTERSECTION,01 DAYLIGHT,01 CLEAR,01 DRY,01 LEVEL,1 STRAIGHT,"TWO-WAY, DIVIDED, POSITIVE MED","TWO-WAY, DIVIDED, POSITIVE MED",NO CONTROLS,NO CONTROLS,4,NONE,NOT CODED,NOT CODED,NONE,NOT CODED,NOT CODED,14 MOTOR VEHICLE IN TRANSPORT,"04 SIDESWIPE, SAME DIRECTION",01 STRAIGHT AHEAD,FAILED TO KEEP IN PROPER LANE,NO CONTRIBUTING ACTION,00 NOT CODED,00 NOT CODED,00 NOT CODED,00 NOT CODED,01 NO,0,0,0,0,2,0,2,2,N,N,Y,Y,N,N,N,N,N,N,N,N,N,N,N,N,N,N,N,N,N,N,N,N,N,N,28.509505634,-81.396905235,461160.199218,3153709.231707,R,,ARBM15Q1R2,"June 10, 2023",3126696,-9061062.389439665,3313364.66561958
2020240642710,2020,240642710,2020-00231153,COUNTY SHERIFF'S OFFICE,05 FIFTH,ORANGE,"July 24, 2020",1556,SATURDAY,7546 ORLANDO,0746,Y,I 4,SR 408,0.189,S,0,0,28.5242456,-81.3861214,75280000,16.278,00446,SR 400,I 4,R RIGHT,3 THRU LANE 3,N NORTH,01 INTERSTATE URBAN,01 INTERSTATE,01 NON-JUNCTION,01 ON ROADWAY,01 NOT AT INTERSECTION,01 PAVED,27,"September 16, 2014",11 URBAN PRIN ART INT.,48,PAVED,10,LAWN,2,,0,18,167000,RCI,6.8,,50,1 NO INJURY,31 Q/C COMPLETED - LOC VERIFIED,0 NO,01 NOT AT INTERSECTION/RRX/BRIDGE,01 DAYLIGHT,02 CLOUDY,01 DRY,01 LEVEL,1 STRAIGHT,"TWO-WAY, DIVIDED, POSITIVE MED","TWO-WAY, DIVIDED, POSITIVE MED",NO CONTROLS,NO CONTROLS,8,NONE,NOT CODED,NOT CODED,NONE,NOT CODED,NOT CODED,14 MOTOR VEHICLE IN TRANSPORT,"04 SIDESWIPE, SAME DIRECTION",77 OTHER (SEE NARRATIVE),OTHER CONTRIBUTING ACTION,OTHER CONTRIBUTING ACTION,00 NOT CODED,00 NOT CODED,00 NOT CODED,00 NOT CODED,01 NO,0,0,0,0,2,0,2,4,N,N,N,N,Y,N,N,N,N,N,N,N,N,N,N,N,N,N,N,N,N,N,N,N,N,N,28.524253692,-81.38612689,462220.197271,3155339.653481,R,,ARBM15Q1R2,"June 10, 2023",3126697,-9059862.5492216,3315233.0971276816
2020240637530,2020,240637530,2020-00233291,COUNTY SHERIFF'S OFFICE,05 FIFTH,ORANGE,"July 26, 2020",1620,MONDAY,7546 ORLANDO,0746,Y,I 4,RIO GRANDE AVE,0.05,S,0,0,28.5093092,-81.4021321,75280000,14.682,01417,SR 400,I 4,R RIGHT,1 THRU LANE 1,E EAST,01 INTERSTATE URBAN,01 INTERSTATE,01 NON-JUNCTION,01 ON ROADWAY,01 NOT AT INTERSECTION,01 PAVED,35,"September 16, 2014",11 URBAN PRIN ART INT.,36,PAVED WARN,10,LAWN,12,,0,54,179000,RCI,5.6,,55,2 POSSIBLE INJURY,31 Q/C COMPLETED - LOC VERIFIED,0 NO,01 NOT AT INTERSECTION/RRX/BRIDGE,01 DAYLIGHT,03 RAIN,02 WET,01 LEVEL,1 STRAIGHT,ONE-WAY TRAFFICWAY,NOT CODED,NO CONTROLS,NOT CODED,6,NONE,NOT CODED,NOT CODED,WEATHER CONDITIONS,NOT CODED,NOT CODED,14 MOTOR VEHICLE IN TRANSPORT,01 FRONT TO REAR,01 STRAIGHT AHEAD,NO CONTRIBUTING ACTION,OTHER CONTRIBUTING ACTION,00 NOT CODED,00 NOT CODED,00 NOT CODED,00 NOT CODED,01 NO,1,0,0,0,2,0,2,2,N,N,N,N,N,N,N,N,N,N,N,N,N,N,N,N,N,N,N,N,N,N,N,N,N,N,28.509324668,-81.402149905,460646.901868,3153690.891659,R,,ARBM15Q1R2,"June 10, 2023",3126724,-9061646.223508395,3313341.7407520795
2020240663060,2020,240663060,2020-00287145,COUNTY SHERIFF'S OFFICE,05 FIFTH,ORANGE,"September 12, 2020",0345,SUNDAY,7546 ORLANDO,0746,Y,LEE VISTA BLVD,SR 436,0.005,W,0,0,28.4690766,-81.3100718,75003000,1.245,02796,SR 436,,M MEDIAN,M MIDDLE,W WEST,30 URBAN 6+LN 2WY DIVD RASD,05 LOCAL,03 INTERSECTION-RELATED,01 ON ROADWAY,02 FOUR-WAY INTERSECTION,01 PAVED,36,"March 2, 2020",14 URBAN PRIN ART OTHER,36,PAVED,4,CURB&GUTTER,2,,0,32,62183,RCI,2.6,,50,1 NO INJURY,31 Q/C COMPLETED - LOC VERIFIED,1 ALC,03 INFLUENCED BY INTERSECTION,04 DARK-LIGHTED,01 CLEAR,02 WET,01 LEVEL,1 STRAIGHT,"TWO-WAY, DIVIDED, UNPROTECTED",,TRAFFIC CONTROL SIGNAL,NOT CODED,6,"RD SURFC (WET, ICY, SNOW, ETC)",NOT CODED,NOT CODED,NONE,NOT CODED,NOT CODED,14 MOTOR VEHICLE IN TRANSPORT,03 ANGLE,06 CHANGING LANES,OPERATED MV IN CARLESS OR NEGL,NOT CODED,00 NOT CODED,00 NOT CODED,00 NOT CODED,00 NOT CODED,01 NO,0,0,0,0,1,0,1,1,N,N,N,Y,N,N,N,N,N,N,Y,N,N,N,N,N,N,N,N,N,Y,N,N,N,N,N,28.468950478,-81.309966914,469656.146511,3149191.322458,R,,ARBM15Q1R2,"June 10, 2023",3126742,-9051384.45683512,3308228.0796090583
2020883944260,2020,883944260,FHPD20OFF066134,FLORIDA HIGHWAY PATROL,05 FIFTH,ORANGE,"September 25, 2020",0745,SATURDAY,7546 ORLANDO,0746,N,US 192,SECRET LAKE DR,0,,28.34709,-81.6126699,28.3469428,-81.6295115,75220000,1.675,02493,SR 530,US 192,L LEFT,3 THRU LANE 3,W WEST,33 SUBURBAN 6+LN 2WY DIVD RASD,02 U.S.,01 NON-JUNCTION,01 ON ROADWAY,02 FOUR-WAY INTERSECTION,03 CURB,39,"April 1, 2018",14 URBAN PRIN ART OTHER,33,PAVED,5,LAWN,12,,0,22,52000,RCI,7.9,,55,1 NO INJURY,31 Q/C COMPLETED - LOC VERIFIED,0 NO,02 AT INTERSECTION,01 DAYLIGHT,01 CLEAR,01 DRY,01 LEVEL,1 STRAIGHT,"TWO-WAY, DIVIDED, POSITIVE MED","TWO-WAY, DIVIDED, POSITIVE MED",TRAFFIC CONTROL SIGNAL,TRAFFIC CONTROL SIGNAL,6,NONE,NOT CODED,NOT CODED,NONE,NOT CODED,NOT CODED,14 MOTOR VEHICLE IN TRANSPORT,03 ANGLE,01 STRAIGHT AHEAD,RAN RED LIGHT,NO CONTRIBUTING ACTION,00 NOT CODED,00 NOT CODED,00 NOT CODED,00 NOT CODED,01 NO,0,0,0,0,2,0,2,2,N,N,N,Y,N,N,N,N,N,N,N,N,N,N,N,N,N,N,N,N,Y,N,N,N,N,N,28.347054709,-81.629515159,438303.23266,3135809.30626,L,,ARBM15Q1R2,"June 10, 2023",3127069,-9086956.41455013,3292800.999683929
2020883944290,2020,883944290,FHPD20OFF066412,FLORIDA HIGHWAY PATROL,05 FIFTH,ORANGE,"September 26, 2020",1225,SUNDAY,7546 ORLANDO,0746,N,US 441,TROPICAL DR,0.019,N,28.48724,-81.3967899,28.4875395,-81.3967734,75010000,9.668,02477,SR 500,US 17,L LEFT,2 THRU LANE 2,S SOUTH,30 URBAN 6+LN 2WY DIVD RASD,02 U.S.,01 NON-JUNCTION,01 ON ROADWAY,01 NOT AT INTERSECTION,03 CURB,38,"March 1, 2020",14 URBAN PRIN ART OTHER,32,CURB&GUTTER,2,,0,,0,15,58500,RCI,6.2,,40,1 NO INJURY,31 Q/C COMPLETED - LOC VERIFIED,0 NO,03 INFLUENCED BY INTERSECTION,01 DAYLIGHT,01 CLEAR,01 DRY,01 LEVEL,1 STRAIGHT,"TWO-WAY, DIVIDED, POSITIVE MED","TWO-WAY, DIVIDED, POSITIVE MED",NO CONTROLS,NO CONTROLS,6,NONE,NOT CODED,NOT CODED,NONE,NOT CODED,NOT CODED,14 MOTOR VEHICLE IN TRANSPORT,03 ANGLE,01 STRAIGHT AHEAD,OTHER CONTRIBUTING ACTION,OTHER CONTRIBUTING ACTION,00 NOT CODED,00 NOT CODED,00 NOT CODED,00 NOT CODED,01 NO,0,0,0,0,2,0,2,3,N,N,N,Y,N,N,N,N,N,N,N,N,N,N,N,N,N,N,N,N,N,N,N,N,N,N,28.487551169,-81.396852804,461157.291817,3151276.996737,L,,ARBM15Q1R2,"June 10, 2023",3127070,-9061056.552726142,3310583.7382884994
2020883784990,2020,883784990,FHPD20OFF057426,FLORIDA HIGHWAY PATROL,05 FIFTH,ORANGE,"August 22, 2020",2009,SUNDAY,7546 ORLANDO,0746,N,CR 435,SR 438,0.1,W,28.5772653,-81.4761456,28.5780069,-81.4372333,75250000,7.173,06019,SR 438,,R RIGHT,1 THRU LANE 1,W WEST,30 URBAN 6+LN 2WY DIVD RASD,04 COUNTY,04 DRIVEWAY/ALLEY ACCESS RELATED,01 ON ROADWAY,01 NOT AT INTERSECTION,03 CURB,38,"September 8, 2019",16 URBAN MINOR ART,24,CURB&GUTTER,2,,0,,0,45,39500,RCI,6.1,,40,1 NO INJURY,31 Q/C COMPLETED - LOC VERIFIED,0 NO,04 DRIVEWAY ACCESS,04 DARK-LIGHTED,01 CLEAR,01 DRY,01 LEVEL,1 STRAIGHT,"TWO-WAY, NOT DIVIDED","TWO-WAY, DIVIDED, POSITIVE MED",NO CONTROLS,NO CONTROLS,5,NONE,NOT CODED,NOT CODED,NONE,NOT CODED,NOT CODED,14 MOTOR VEHICLE IN TRANSPORT,03 ANGLE,03 TURNING LEFT,FAILED TO YIELD RIGHT-OF-WAY,NO CONTRIBUTING ACTION,00 NOT CODED,00 NOT CODED,00 NOT CODED,00 NOT CODED,01 NO,0,0,0,0,3,0,3,3,N,N,N,N,N,N,N,N,N,N,Y,N,N,N,N,N,N,N,N,N,N,N,N,N,N,N,28.577898227,-81.437152226,457249.34901,3161299.836346,R,,ARBM15Q1R2,"June 10, 2023",3127084,-9065542.665481815,3322031.5290915393
2020883785050,2020,883785050,FHPD20OFF057921,FLORIDA HIGHWAY PATROL,05 FIFTH,ORANGE,"August 24, 2020",1724,TUESDAY,7546 ORLANDO,0746,N,SR 438,SANDY LN,0.012,W,28.5777463,-81.4715011,28.5776486,-81.4716008,75250000,5.083,02266,SR 438,,L LEFT,1 THRU LANE 1,W WEST,30 URBAN 6+LN 2WY DIVD RASD,03 STATE,01 NON-JUNCTION,01 ON ROADWAY,01 NOT AT INTERSECTION,03 CURB,38,"September 8, 2019",16 URBAN MINOR ART,36,CURB&GUTTER,2,,0,,0,20,40000,RCI,6.1,,40,1 NO INJURY,31 Q/C COMPLETED - LOC VERIFIED,0 NO,01 NOT AT INTERSECTION/RRX/BRIDGE,01 DAYLIGHT,01 CLEAR,01 DRY,01 LEVEL,1 STRAIGHT,"TWO-WAY, DIVIDED, POSITIVE MED","TWO-WAY, DIVIDED, POSITIVE MED",NO CONTROLS,NO CONTROLS,6,NONE,NOT CODED,NOT CODED,NONE,NOT CODED,NOT CODED,14 MOTOR VEHICLE IN TRANSPORT,01 FRONT TO REAR,01 STRAIGHT AHEAD,OPERATED MV IN CARLESS OR NEGL,NO CONTRIBUTING ACTION,00 NOT CODED,00 NOT CODED,00 NOT CODED,00 NOT CODED,01 NO,0,0,0,0,3,0,3,4,N,N,N,N,Y,N,N,N,N,N,Y,N,N,N,N,N,N,N,N,N,N,N,N,N,N,N,28.577721456,-81.471570868,453883.312,3161293.021233,L,,ARBM15Q1R2,"June 10, 2023",3127085,-9069374.132343965,3322009.1209874973
2020883785090,2020,883785090,FHPD20OFF058749,FLORIDA HIGHWAY PATROL,05 FIFTH,ORANGE,"August 27, 2020",1919,FRIDAY,7546 ORLANDO,0746,N,SR 438,SUMMER GLEN DR,0,,28.5775254,-81.4860655,28.5775917,-81.4860737,75250000,4.205,01232,SR 438,,R RIGHT,2 THRU LANE 2,W WEST,30 URBAN 6+LN 2WY DIVD RASD,03 STATE,02 INTERSECTION,01 ON ROADWAY,02 FOUR-WAY INTERSECTION,03 CURB,36,"September 8, 2019",16 URBAN MINOR ART,36,PAVED,4,CURB&GUTTER,2,,0,22,32000,RCI,4.5,,45,1 NO INJURY,31 Q/C COMPLETED - LOC VERIFIED,0 NO,02 AT INTERSECTION,01 DAYLIGHT,01 CLEAR,01 DRY,01 LEVEL,1 STRAIGHT,"TWO-WAY, DIVIDED, POSITIVE MED","TWO-WAY, DIVIDED, POSITIVE MED",TRAFFIC CONTROL SIGNAL,TRAFFIC CONTROL SIGNAL,6,NONE,NOT CODED,NOT CODED,NONE,NOT CODED,NOT CODED,14 MOTOR VEHICLE IN TRANSPORT,03 ANGLE,03 TURNING LEFT,FAILED TO YIELD RIGHT-OF-WAY,NO CONTRIBUTING ACTION,00 NOT CODED,00 NOT CODED,00 NOT CODED,00 NOT CODED,01 NO,0,0,0,0,2,0,2,3,N,N,N,Y,N,N,N,N,N,N,Y,N,N,N,N,N,N,N,N,N,N,N,N,N,N,N,28.577514651,-81.485997687,452472.347951,3161275.749696,R,,ARBM15Q1R2,"June 10, 2023",3127086,-9070980.118907087,3321982.905670217
2020883785100,2020,883785100,FHPD20OFF058976,FLORIDA HIGHWAY PATROL,05 FIFTH,ORANGE,"August 28, 2020",1809,SATURDAY,7546 ORLANDO,0746,N,SR 50,SR 551,0,,28.5683454,-81.28618,28.5682816,-81.285819,75060000,6.944,05159,SR 50,,L LEFT,R RIGHT TURN,W WEST,30 URBAN 6+LN 2WY DIVD RASD,03 STATE,04 DRIVEWAY/ALLEY ACCESS RELATED,01 ON ROADWAY,01 NOT AT INTERSECTION,03 CURB,42,"September 9, 2019",14 URBAN PRIN ART OTHER,36,PAVED,4,CURB&GUTTER,2,,0,33,57500,RCI,3.6,0D3600,50,1 NO INJURY,31 Q/C COMPLETED - LOC VERIFIED,0 NO,04 DRIVEWAY ACCESS,01 DAYLIGHT,01 CLEAR,01 DRY,01 LEVEL,1 STRAIGHT,"TWO-WAY, DIVIDED, POSITIVE MED","TWO-WAY, DIVIDED, POSITIVE MED",NO CONTROLS,NO CONTROLS,6,NONE,NOT CODED,NOT CODED,NONE,NOT CODED,NOT CODED,14 MOTOR VEHICLE IN TRANSPORT,03 ANGLE,05 TURNING RIGHT,FAILED TO YIELD RIGHT-OF-WAY,NO CONTRIBUTING ACTION,00 NOT CODED,00 NOT CODED,00 NOT CODED,00 NOT CODED,01 NO,0,0,0,0,2,0,2,4,N,N,N,N,N,N,N,N,N,N,Y,N,N,N,N,N,N,N,N,N,Y,N,N,N,N,N,28.568363423,-81.28603651,472025.048051,3160198.906918,L,,ARBM15Q1R2,"June 10, 2023",3127087,-9048720.535922894,3320822.920077748
2020883785140,2020,883785140,FHPD20OFF059404,FLORIDA HIGHWAY PATROL,05 FIFTH,ORANGE,"August 30, 2020",1245,MONDAY,7546 ORLANDO,0746,N,SR 50,DORSCHER RD,0.2,E,28.5521537,-81.4843438,28.5520382,-81.4808438,75050000,10.796,02566,SR 50,,R RIGHT,1 THRU LANE 1,E EAST,30 URBAN 6+LN 2WY DIVD RASD,03 STATE,03 INTERSECTION-RELATED,01 ON ROADWAY,01 NOT AT INTERSECTION,03 CURB,44,"April 1, 2018",14 URBAN PRIN ART OTHER,36,PAVED,4,CURB&GUTTER,2,,0,30,46000,RCI,4.6,,45,3 NO-INCAPACITATING INJURY,31 Q/C COMPLETED - LOC VERIFIED,0 NO,01 NOT AT INTERSECTION/RRX/BRIDGE,01 DAYLIGHT,02 CLOUDY,02 WET,01 LEVEL,1 STRAIGHT,"TWO-WAY, DIVIDED, POSITIVE MED","TWO-WAY, DIVIDED, POSITIVE MED",NO CONTROLS,NO CONTROLS,6,NONE,NOT CODED,NOT CODED,NONE,NOT CODED,NOT CODED,14 MOTOR VEHICLE IN TRANSPORT,"04 SIDESWIPE, SAME DIRECTION",06 CHANGING LANES,FAILED TO KEEP IN PROPER LANE,NO CONTRIBUTING ACTION,00 NOT CODED,00 NOT CODED,00 NOT CODED,00 NOT CODED,01 NO,2,0,0,0,3,0,3,5,N,N,N,N,N,N,N,N,N,N,Y,N,N,N,N,N,N,N,N,N,N,N,N,N,N,N,28.551944657,-81.480876275,452961.829248,3158440.920111,R,,ARBM15Q1R2,"June 10, 2023",3127088,-9070410.005731193,3318741.9714450957
2020883787000,2020,883787000,FHPD20OFF054034,FLORIDA HIGHWAY PATROL,05 FIFTH,ORANGE,"August 9, 2020",1525,MONDAY,7554 WINTER PARK,0754,N,SR 436,UNIVERSITY BLVD,0.095,S,28.600325,-81.3072009,28.5961186,-81.307226,75003000,10.033,02803,SR 436,,R RIGHT,1 THRU LANE 1,N NORTH,30 URBAN 6+LN 2WY DIVD RASD,03 STATE,01 NON-JUNCTION,01 ON ROADWAY,01 NOT AT INTERSECTION,03 CURB,38,"March 2, 2020",14 URBAN PRIN ART OTHER,38,CURB&GUTTER,2,,0,,0,30,52000,RCI,4.4,,50,1 NO INJURY,31 Q/C COMPLETED - LOC VERIFIED,0 NO,01 NOT AT INTERSECTION/RRX/BRIDGE,01 DAYLIGHT,01 CLEAR,01 DRY,01 LEVEL,1 STRAIGHT,"TWO-WAY, DIVIDED, POSITIVE MED","TWO-WAY, DIVIDED, POSITIVE MED",NO CONTROLS,NO CONTROLS,6,NONE,NOT CODED,NOT CODED,NONE,NOT CODED,NOT CODED,14 MOTOR VEHICLE IN TRANSPORT,"04 SIDESWIPE, SAME DIRECTION",06 CHANGING LANES,OPERATED MV IN CARLESS OR NEGL,NO CONTRIBUTING ACTION,00 NOT CODED,00 NOT CODED,00 NOT CODED,00 NOT CODED,01 NO,0,0,0,0,2,0,2,2,N,N,N,N,Y,N,N,N,N,N,N,N,N,N,N,N,N,N,N,N,N,N,N,N,N,N,28.596144641,-81.307126002,469970.335418,3163281.767145,R,,ARBM15Q1R2,"June 10, 2023",3127089,-9051068.208313603,3324344.708059786
2020883943350,2020,883943350,FHPD20OFF061901,FLORIDA HIGHWAY PATROL,05 FIFTH,ORANGE,"September 9, 2020",1302,THURSDAY,7546 ORLANDO,0746,N,SR 50,SR 435,0,,28.5521878,-81.4565599,28.5523849,-81.4564834,75050000,12.277,05040,SR 50,,L LEFT,2 THRU LANE 2,W WEST,30 URBAN 6+LN 2WY DIVD RASD,03 STATE,02 INTERSECTION,01 ON ROADWAY,02 FOUR-WAY INTERSECTION,03 CURB,44,"April 1, 2018",14 URBAN PRIN ART OTHER,36,PAVED,4,CURB&GUTTER,2,,0,28,41500,RCI,3.4,,45,1 NO INJURY,31 Q/C COMPLETED - LOC VERIFIED,0 NO,02 AT INTERSECTION,01 DAYLIGHT,02 CLOUDY,02 WET,01 LEVEL,1 STRAIGHT,"TWO-WAY, DIVIDED, POSITIVE MED","TWO-WAY, DIVIDED, POSITIVE MED",TRAFFIC CONTROL SIGNAL,NO CONTROLS,6,NONE,NOT CODED,NOT CODED,NONE,NOT CODED,NOT CODED,14 MOTOR VEHICLE IN TRANSPORT,03 ANGLE,01 STRAIGHT AHEAD,RAN RED LIGHT,NO CONTRIBUTING ACTION,00 NOT CODED,00 NOT CODED,00 NOT CODED,00 NOT CODED,01 NO,0,0,0,0,2,0,2,2,N,N,N,Y,N,N,N,N,N,N,Y,N,N,N,N,N,N,N,N,N,N,N,N,N,N,N,28.552456597,-81.456502515,455346.256623,3158488.314023,L,,ARBM15Q1R2,"June 10, 2023",3127092,-9067696.730413225,3318806.850958906
2020883761140,2020,883761140,FHPD20OFF056974,FLORIDA HIGHWAY PATROL,05 FIFTH,ORANGE,"August 20, 2020",2301,FRIDAY,7546 ORLANDO,0746,N,SR 50,COX DR,0.038,E,28.5580199,-81.1212199,28.5578,-81.1202633,75060000,17.118,05152,SR 50,,R RIGHT,1 THRU LANE 1,E EAST,23 SUBURBAN 4-5LN 2WY DIVD RASD,03 STATE,01 NON-JUNCTION,01 ON ROADWAY,01 NOT AT INTERSECTION,02 UNPAVED,36,"September 9, 2019",14 URBAN PRIN ART OTHER,24,PAVED,4,LAWN,6,,0,21,29167,RCI,4.1,,45,3 NO-INCAPACITATING INJURY,31 Q/C COMPLETED - LOC VERIFIED,0 NO,01 NOT AT INTERSECTION/RRX/BRIDGE,04 DARK-LIGHTED,03 RAIN,02 WET,01 LEVEL,1 STRAIGHT,"TWO-WAY, DIVIDED, POSITIVE MED","TWO-WAY, DIVIDED, POSITIVE MED",NO CONTROLS,NO CONTROLS,4,NONE,NOT CODED,NOT CODED,NONE,NOT CODED,NOT CODED,14 MOTOR VEHICLE IN TRANSPORT,02 FRONT TO FRONT,01 STRAIGHT AHEAD,WRONG SIDE OF WRONG WAY,NO CONTRIBUTING ACTION,00 NOT CODED,00 NOT CODED,00 NOT CODED,00 NOT CODED,01 NO,2,0,0,0,2,0,2,2,Y,N,N,N,Y,N,N,N,N,N,Y,N,N,N,N,N,N,N,N,N,N,Y,Y,N,N,N,28.557764199,-81.120392281,488224.232532,3158997.200976,R,,ARBM15Q1R2,"June 10, 2023",3127103,-9030281.099433327,3319479.5162174827
2020240670120,2020,240670120,2020-00295330,COUNTY SHERIFF'S OFFICE,05 FIFTH,ORANGE,"September 19, 2020",0715,SUNDAY,7546 ORLANDO,0746,Y,SR 527,EVANS ST,0.02,N,0,0,0,0,75040000,16.659,01267,SR 527,,L LEFT,S SIDE OF ROAD,S SOUTH,22 URBAN 4-5LN 2WY UNDIVD,03 STATE,01 NON-JUNCTION,01 ON ROADWAY,01 NOT AT INTERSECTION,01 PAVED,42,"September 9, 2019",14 URBAN PRIN ART OTHER,44,RAISED CURB,0,,0,,0,,19800,RCI,6.9,,30,1 NO INJURY,31 Q/C COMPLETED - LOC VERIFIED,0 NO,01 NOT AT INTERSECTION/RRX/BRIDGE,01 DAYLIGHT,03 RAIN,02 WET,01 LEVEL,3 CURVE LEFT,"TWO-WAY, NOT DIVIDED",,NO CONTROLS,NOT CODED,4,"RD SURFC (WET, ICY, SNOW, ETC)",NOT CODED,NOT CODED,WEATHER CONDITIONS,NOT CODED,NOT CODED,32 TREE (STANDING),77 OTHER (SEE NARRATIVE),01 STRAIGHT AHEAD,DROVE TOO FAST FOR CONDITIONS,NOT CODED,00 NOT CODED,00 NOT CODED,00 NOT CODED,00 NOT CODED,01 NO,0,0,0,0,1,0,1,1,N,N,N,N,Y,Y,N,N,N,N,N,Y,N,N,N,N,N,N,N,N,N,N,N,N,N,N,28.57828383,-81.373016892,463521.554079,3161321.343303,C,,ARBM15Q1R2,"June 10, 2023",3127227,-9058403.15069372,3322080.4098446527