Crash Id,Calendar Year,FDOT Crash Number,Reporting Agency Case Number,Reporting Agency Type,FDOT Managing District,County Name,Crash Date,Crash Time,Day,DHSMV City,Crash Report City Code,In Town,On Roadway Name,Int Roadway Name,Reference Distance (Miles),Reference Direction,Officer Latitude,Officer Longitude,FDOT Latitude,FDOT Longitude,FDOT Roadway,Nearest Inventory MP,Nearest Node From Crash,State Road #,US Highway,Crash Side of Road,Accident Lane Number,Travel Direction Vehicle 1,FDOT Road Category,DHSMV Road System Id,Relation to Junction,Crash Harmful Event Location,Intersection Type,Shoulder Type,FDOT Roadway SKID Test Result,FDOT Roadway SKID Test Date,Functional Class,RCI Surface Width,RCI Shoulder Type First,RCI Shoulder Width First,RCI Shoulder Type Second,RCI Shoulder Width Second,RCI Shoulder Type Third,RCI Shoulder Width Third,RCI Median Width,Avg Daily Traffic,AADT Source,RCI Avg Per Truck Traffic,RCI Horiz Curve Condition,Posted Speed Limit,Highest Injury in Crash,CAR Status Code,Alcohols/Drug Involved,Site Location,Lighting,Weather,Road Surface,Roadway Grade,Roadway Alignment,Traffic Way Vehicle 1,Traffic Way Vehicle 2,Traffic Control Vehicle 1,Traffic Control Vehicle 2,Count of Lanes,Road Condition 1,Road Condition 2,Road Condition 3,Environment Condition 1,Environment Condition 2,Environment Condition 3,Crash Harmful Event,Manner of Collision,Vehicle Movement,Driver Action Vehicle 1,Driver Action Vehicle 2,Location Within Workzone,Type of Workzone,Workers Present in Workzone,Law Enforcement Present in Workzone,School Bus Related,Count of Nonfatal Injuries,Count of Traffic Fatalities,Count of Serious Injuries,Count of Pedestrians,Count of Drivers,Count of Bicyclists,Count of Vehicles,Count of Persons,Wrong Way,Workzone Inv,Commercial Vehicle Inv,Intersection Inv,Lane Departure,Speeding,Agressive Driving,Impaired Driver,Impaired Pedestrian,Impaired Bicyclist,Distracted Driver,Speeding or Aggressive Driving,Pedestrian Related,Bicyclist Related,Pedestrian or Bicyclist Related,Motorcycle Inv,No Belt,No Belt - Ages 1-4,No Belt - Ages 5-12,No Belt - Ages 13-17,Driver - Ages Teen,Driver - Ages 65 plus,Driver - Ages 65-69,Driver - Ages 70-74,Driver - Ages 75-79,Driver - Ages 80 plus,ARBM Latitude,ARBM Longitude,UTM Zone 17N X,UTM Zone 17N Y,ARBM Side of Road,Urban Rural Indicator,GIS Street Source,Extract Date,OBJECTID,x,y
2020240641980,2020,240641980,2020-00249469,COUNTY SHERIFF'S OFFICE,05 FIFTH,ORANGE,"August 10, 2020",1415,TUESDAY,7546 ORLANDO,0746,Y,VINELAND RD,KIRKMAN RD,0,,0,0,28.4825281,-81.4588402,75270000,2.296,00120,SR 435,,I INTERSECTION,M MIDDLE,S SOUTH,30 URBAN 6+LN 2WY DIVD RASD,03 STATE,02 INTERSECTION,01 ON ROADWAY,01 NOT AT INTERSECTION,01 PAVED,27,"February 11, 2020",14 URBAN PRIN ART OTHER,48,CURB&GUTTER,2,,0,,0,40,48000,RCI,6.1,,50,1 NO INJURY,31 Q/C COMPLETED - LOC VERIFIED,0 NO,02 AT INTERSECTION,01 DAYLIGHT,01 CLEAR,01 DRY,01 LEVEL,1 STRAIGHT,"TWO-WAY, DIVIDED, POSITIVE MED","TWO-WAY, DIVIDED, POSITIVE MED",NO CONTROLS,NO CONTROLS,7,NONE,NOT CODED,NOT CODED,NONE,NOT CODED,NOT CODED,14 MOTOR VEHICLE IN TRANSPORT,02 FRONT TO FRONT,01 STRAIGHT AHEAD,RAN RED LIGHT,NO CONTRIBUTING ACTION,00 NOT CODED,00 NOT CODED,00 NOT CODED,00 NOT CODED,01 NO,0,0,0,0,2,0,2,3,N,N,N,Y,N,N,N,N,N,N,N,N,N,N,N,N,N,N,N,N,Y,N,N,N,N,N,28.482887898,-81.458726871,455099.213169,3150781.944021,R,,ARBM15Q1R2,"June 10, 2023",3128889,-9067944.344264332,3309993.125585253
2020240660510,2020,240660510,2020-00301124,COUNTY SHERIFF'S OFFICE,05 FIFTH,ORANGE,"September 24, 2020",0537,FRIDAY,7546 ORLANDO,0746,Y,SR 400,CONROY RD,0.002,N,0,0,28.4940108,-81.4340269,75280004,0.314,03600,SR 400,I 4,L LEFT,X RAMP,N NORTH,08 RAMP RURAL,03 STATE,14 ENTRANCE/EXIT RAMP,01 ON ROADWAY,02 FOUR-WAY INTERSECTION,01 PAVED,0,"December 31, 2000",,24,PAVED,4,LAWN,4,,0,,13000,RCI,3.8,,,1 NO INJURY,31 Q/C COMPLETED - LOC VERIFIED,0 NO,08 EXIT RAMP,04 DARK-LIGHTED,01 CLEAR,01 DRY,01 LEVEL,1 STRAIGHT,ONE-WAY TRAFFICWAY,ONE-WAY TRAFFICWAY,TRAFFIC CONTROL SIGNAL,TRAFFIC CONTROL SIGNAL,2,NONE,NOT CODED,NOT CODED,NONE,NOT CODED,NOT CODED,14 MOTOR VEHICLE IN TRANSPORT,"04 SIDESWIPE, SAME DIRECTION",06 CHANGING LANES,FAILED TO KEEP IN PROPER LANE,NO CONTRIBUTING ACTION,00 NOT CODED,00 NOT CODED,00 NOT CODED,00 NOT CODED,01 NO,0,0,0,0,2,0,2,2,N,N,Y,N,Y,N,N,N,N,N,N,N,N,N,N,N,N,N,N,N,N,N,N,N,N,N,28.493931448,-81.433875906,457536.103574,3151996.365147,O,,ARBM15Q1R2,"June 10, 2023",3128913,-9065177.946773918,3311391.855525338
2020240653620,2020,240653620,2020-00256223,COUNTY SHERIFF'S OFFICE,05 FIFTH,ORANGE,"August 16, 2020",1401,MONDAY,7546 ORLANDO,0746,Y,US 441,ANDERSON ST,0.019,N,0,0,28.5367693,-81.3971979,75010000,13.057,00569,SR 500,US 17,R RIGHT,1 THRU LANE 1,N NORTH,20 URBAN 4-5LN 2WY DIVD RASD,02 U.S.,01 NON-JUNCTION,01 ON ROADWAY,01 NOT AT INTERSECTION,03 CURB,35,"March 1, 2020",14 URBAN PRIN ART OTHER,24,CURB&GUTTER,2,,0,,0,16,38000,RCI,9.7,,35,1 NO INJURY,31 Q/C COMPLETED - LOC VERIFIED,0 NO,01 NOT AT INTERSECTION/RRX/BRIDGE,01 DAYLIGHT,02 CLOUDY,02 WET,01 LEVEL,1 STRAIGHT,"TWO-WAY, DIVIDED, POSITIVE MED","TWO-WAY, DIVIDED, POSITIVE MED",NO CONTROLS,NO CONTROLS,4,"RD SURFC (WET, ICY, SNOW, ETC)",NOT CODED,NOT CODED,WEATHER CONDITIONS,NOT CODED,NOT CODED,14 MOTOR VEHICLE IN TRANSPORT,01 FRONT TO REAR,01 STRAIGHT AHEAD,FOLLOWED TOO CLOSELY,NO CONTRIBUTING ACTION,00 NOT CODED,00 NOT CODED,00 NOT CODED,00 NOT CODED,01 NO,0,0,0,0,2,0,2,2,N,N,N,N,N,N,N,N,N,N,N,N,N,N,N,N,N,N,N,N,N,N,N,N,N,N,28.536771754,-81.397192822,461142.056126,3156730.003805,C,,ARBM15Q1R2,"June 10, 2023",3128915,-9061094.403605917,3316819.2155192588
2020240635370,2020,240635370,2020-00301743,COUNTY SHERIFF'S OFFICE,05 FIFTH,ORANGE,"September 24, 2020",1609,FRIDAY,7546 ORLANDO,0746,Y,COLONIAL DR,BMX LN,0.019,W,0,0,28.5525599,-81.4410345,75050000,13.216,05047,SR 50,,L LEFT,S SIDE OF ROAD,S SOUTH,30 URBAN 6+LN 2WY DIVD RASD,04 COUNTY,01 NON-JUNCTION,01 ON ROADWAY,01 NOT AT INTERSECTION,01 PAVED,34,"April 1, 2018",14 URBAN PRIN ART OTHER,36,PAVED,8,CURB&GUTTER,2,,0,41,42000,RCI,4.6,,45,3 NO-INCAPACITATING INJURY,31 Q/C COMPLETED - LOC VERIFIED,0 NO,01 NOT AT INTERSECTION/RRX/BRIDGE,01 DAYLIGHT,01 CLEAR,01 DRY,01 LEVEL,1 STRAIGHT,"TWO-WAY, NOT DIVIDED",,STOP SIGN,NOT CODED,6,NONE,NOT CODED,NOT CODED,NONE,NOT CODED,NOT CODED,14 MOTOR VEHICLE IN TRANSPORT,77 OTHER (SEE NARRATIVE),05 TURNING RIGHT,NO CONTRIBUTING ACTION,NOT CODED,00 NOT CODED,00 NOT CODED,00 NOT CODED,00 NOT CODED,01 NO,1,0,0,0,1,1,1,4,N,N,N,N,N,N,N,N,N,N,N,N,N,Y,Y,N,N,N,N,N,N,N,N,N,N,N,28.552682935,-81.441043485,456858.522704,3158507.727844,L,,ARBM15Q1R2,"June 10, 2023",3128943,-9065975.838531649,3318835.5354321525
2020240645760,2020,240645760,2020-00247891,COUNTY SHERIFF'S OFFICE,05 FIFTH,ORANGE,"August 9, 2020",0604,MONDAY,7546 ORLANDO,0746,Y,COLONIAL DR,JOHN YOUNG PKWY,0,,0,0,28.5528075,-81.4138419,75050000,14.869,05061,SR 50,,R RIGHT,1 THRU LANE 1,S SOUTH,30 URBAN 6+LN 2WY DIVD RASD,03 STATE,02 INTERSECTION,01 ON ROADWAY,02 FOUR-WAY INTERSECTION,03 CURB,34,"April 1, 2018",14 URBAN PRIN ART OTHER,36,PAVED,8,CURB&GUTTER,2,,0,41,42000,RCI,4.7,,45,3 NO-INCAPACITATING INJURY,31 Q/C COMPLETED - LOC VERIFIED,0 NO,02 AT INTERSECTION,03 DAWN,01 CLEAR,01 DRY,01 LEVEL,1 STRAIGHT,"TWO-WAY, DIVIDED, UNPROTECTED","TWO-WAY, DIVIDED, UNPROTECTED",TRAFFIC CONTROL SIGNAL,TRAFFIC CONTROL SIGNAL,6,NONE,NOT CODED,NOT CODED,NONE,NOT CODED,NOT CODED,14 MOTOR VEHICLE IN TRANSPORT,03 ANGLE,03 TURNING LEFT,RAN RED LIGHT,NO CONTRIBUTING ACTION,00 NOT CODED,00 NOT CODED,00 NOT CODED,00 NOT CODED,01 NO,3,0,0,0,2,0,2,3,N,N,N,Y,N,N,N,N,N,N,N,N,N,N,N,N,N,N,N,N,N,Y,Y,N,N,N,28.552701083,-81.413809024,459522.544607,3158500.239371,R,,ARBM15Q1R2,"June 10, 2023",3128945,-9062944.111276198,3318837.8356215786
2020240651620,2020,240651620,2020-00251808,COUNTY SHERIFF'S OFFICE,05 FIFTH,ORANGE,"August 12, 2020",1332,THURSDAY,7546 ORLANDO,0746,Y,I 4,AMELIA ST,0.189,S,0,0,28.5465923,-81.3823446,75280000,17.873,00435,SR 400,I 4,R RIGHT,2 THRU LANE 2,E EAST,01 INTERSTATE URBAN,01 INTERSTATE,01 NON-JUNCTION,01 ON ROADWAY,01 NOT AT INTERSECTION,01 PAVED,27,"September 16, 2014",11 URBAN PRIN ART INT.,48,PAVED,10,CURB&GUTTER,2,,0,30,125000,RCI,6.8,,50,1 NO INJURY,31 Q/C COMPLETED - LOC VERIFIED,0 NO,01 NOT AT INTERSECTION/RRX/BRIDGE,01 DAYLIGHT,01 CLEAR,01 DRY,01 LEVEL,1 STRAIGHT,"TWO-WAY, DIVIDED, POSITIVE MED","TWO-WAY, DIVIDED, POSITIVE MED",NO CONTROLS,NO CONTROLS,8,NONE,NOT CODED,NOT CODED,NONE,NOT CODED,NOT CODED,14 MOTOR VEHICLE IN TRANSPORT,01 FRONT TO REAR,01 STRAIGHT AHEAD,FAILED TO KEEP IN PROPER LANE,NO CONTRIBUTING ACTION,00 NOT CODED,00 NOT CODED,00 NOT CODED,00 NOT CODED,01 NO,0,0,0,0,2,0,2,2,N,N,N,N,Y,N,N,N,N,N,N,N,N,N,N,N,N,N,N,N,N,N,N,N,N,N,28.546613926,-81.38233685,462598.925803,3157815.648053,R,,ARBM15Q1R2,"June 10, 2023",3128946,-9059440.643862508,3318066.41391642
2020240651640,2020,240651640,2020-00287242,COUNTY SHERIFF'S OFFICE,05 FIFTH,ORANGE,"September 12, 2020",0805,SUNDAY,7546 ORLANDO,0746,Y,I 4,SR 408,0.028,N,0,0,28.5361759,-81.3827025,75280000,17.147,04833,SR 400,I 4,R RIGHT,2 THRU LANE 2,N NORTH,01 INTERSTATE URBAN,01 INTERSTATE,01 NON-JUNCTION,01 ON ROADWAY,01 NOT AT INTERSECTION,01 PAVED,27,"September 16, 2014",11 URBAN PRIN ART INT.,36,PAVED,10,CURB&GUTTER,2,,0,20,148000,RCI,6.8,,50,1 NO INJURY,31 Q/C COMPLETED - LOC VERIFIED,0 NO,01 NOT AT INTERSECTION/RRX/BRIDGE,01 DAYLIGHT,01 CLEAR,01 DRY,01 LEVEL,1 STRAIGHT,ONE-WAY TRAFFICWAY,ONE-WAY TRAFFICWAY,NO CONTROLS,NO CONTROLS,7,NONE,NOT CODED,NOT CODED,NONE,NOT CODED,NOT CODED,14 MOTOR VEHICLE IN TRANSPORT,"04 SIDESWIPE, SAME DIRECTION",01 STRAIGHT AHEAD,DROVE TOO FAST FOR CONDITIONS,NO CONTRIBUTING ACTION,00 NOT CODED,00 NOT CODED,00 NOT CODED,00 NOT CODED,01 NO,0,0,0,0,2,0,2,2,N,N,Y,N,Y,Y,Y,N,N,N,N,Y,N,N,N,N,N,N,N,N,N,N,N,N,N,N,28.536179463,-81.382694805,462560.220382,3156659.775069,R,,ARBM15Q1R2,"June 10, 2023",3128947,-9059480.491155718,3316744.164243149
2020240651720,2020,240651720,2020-00250618,COUNTY SHERIFF'S OFFICE,05 FIFTH,ORANGE,"August 11, 2020",1336,WEDNESDAY,7546 ORLANDO,0746,Y,US 17,SEMINOLE AVE,0.011,W,0,0,28.5530021,-81.3901286,75060000,0.334,05082,SR 50,US 17,R RIGHT,1 THRU LANE 1,E EAST,20 URBAN 4-5LN 2WY DIVD RASD,02 U.S.,01 NON-JUNCTION,01 ON ROADWAY,01 NOT AT INTERSECTION,03 CURB,37,"September 9, 2019",14 URBAN PRIN ART OTHER,22,PAVED,6,CURB&GUTTER,2,,0,12,36000,RCI,4.8,,40,2 POSSIBLE INJURY,31 Q/C COMPLETED - LOC VERIFIED,0 NO,03 INFLUENCED BY INTERSECTION,01 DAYLIGHT,01 CLEAR,01 DRY,01 LEVEL,1 STRAIGHT,"TWO-WAY, NOT DIVIDED","TWO-WAY, NOT DIVIDED",NO CONTROLS,NO CONTROLS,4,NONE,NOT CODED,NOT CODED,NONE,NOT CODED,NOT CODED,14 MOTOR VEHICLE IN TRANSPORT,01 FRONT TO REAR,01 STRAIGHT AHEAD,OPERATED MV IN CARLESS OR NEGL,NO CONTRIBUTING ACTION,00 NOT CODED,00 NOT CODED,00 NOT CODED,00 NOT CODED,01 NO,2,0,0,0,2,0,2,4,N,N,N,Y,N,N,N,N,N,N,Y,N,N,N,N,N,N,N,N,N,N,N,N,N,N,N,28.553022724,-81.390127648,461839.116071,3158528.104706,C,,ARBM15Q1R2,"June 10, 2023",3128948,-9060307.911764529,3318878.598251874
2020240645480,2020,240645480,2020-00238665,COUNTY SHERIFF'S OFFICE,05 FIFTH,ORANGE,"July 31, 2020",1626,SATURDAY,7546 ORLANDO,0746,Y,SR 408,I 4,0.009,E,0,0,28.5351356,-81.3826384,75008000,5.222,04806,SR 408,,L LEFT,2 THRU LANE 2,W WEST,03 TOLL ROAD URBAN,03 STATE,14 ENTRANCE/EXIT RAMP,01 ON ROADWAY,01 NOT AT INTERSECTION,03 CURB,41,"September 28, 2003",12 URBAN PRIN ART EXPR.,33,PAVED WARN,8,,0,,0,44,159500,RCI,4.5,,55,2 POSSIBLE INJURY,31 Q/C COMPLETED - LOC VERIFIED,0 NO,01 NOT AT INTERSECTION/RRX/BRIDGE,01 DAYLIGHT,01 CLEAR,01 DRY,01 LEVEL,3 CURVE LEFT,"TWO-WAY, DIVIDED, POSITIVE MED","TWO-WAY, DIVIDED, POSITIVE MED",NO CONTROLS,NO CONTROLS,5,NONE,NOT CODED,NOT CODED,NONE,NOT CODED,NOT CODED,14 MOTOR VEHICLE IN TRANSPORT,03 ANGLE,01 STRAIGHT AHEAD,FOLLOWED TOO CLOSELY,NO CONTRIBUTING ACTION,00 NOT CODED,00 NOT CODED,00 NOT CODED,00 NOT CODED,01 NO,1,0,0,0,2,0,2,4,N,N,N,N,N,N,N,N,N,N,N,N,N,N,N,N,N,N,N,N,N,N,N,N,N,N,28.535284658,-81.382657494,462563.554341,3156560.632315,L,,ARBM15Q1R2,"June 10, 2023",3128949,-9059476.3377803,3316630.7810860556
2020240647680,2020,240647680,2020-00282442,COUNTY SHERIFF'S OFFICE,05 FIFTH,ORANGE,"September 8, 2020",0805,WEDNESDAY,7546 ORLANDO,0746,Y,SR 408,ROSALIND AVE EXIT,0.095,W,0,0,28.5370387,-81.3692725,75008000,6.055,01536,SR 408,,L LEFT,2 THRU LANE 2,W WEST,03 TOLL ROAD URBAN,03 STATE,01 NON-JUNCTION,01 ON ROADWAY,01 NOT AT INTERSECTION,01 PAVED,37,"March 2, 2020",12 URBAN PRIN ART EXPR.,48,PAVED WARN,8,VALLEY GUTR,3,,0,40,159500,RCI,4.5,,55,2 POSSIBLE INJURY,31 Q/C COMPLETED - LOC VERIFIED,0 NO,01 NOT AT INTERSECTION/RRX/BRIDGE,01 DAYLIGHT,01 CLEAR,01 DRY,01 LEVEL,1 STRAIGHT,ONE-WAY TRAFFICWAY,ONE-WAY TRAFFICWAY,NO CONTROLS,NO CONTROLS,9,NONE,NONE,NONE,NONE,NONE,NONE,14 MOTOR VEHICLE IN TRANSPORT,01 FRONT TO REAR,01 STRAIGHT AHEAD,FOLLOWED TOO CLOSELY,NO CONTRIBUTING ACTION,00 NOT CODED,00 NOT CODED,00 NOT CODED,00 NOT CODED,01 NO,2,0,0,0,2,0,2,2,N,N,N,N,N,N,N,N,N,N,Y,N,N,N,N,N,N,N,N,N,N,N,N,N,N,N,28.537277413,-81.369303493,463870.703218,3156777.304414,L,,ARBM15Q1R2,"June 10, 2023",3128950,-9057989.776749212,3316883.2897724113
2020240647710,2020,240647710,2020-00298628,COUNTY SHERIFF'S OFFICE,05 FIFTH,ORANGE,"September 22, 2020",0740,WEDNESDAY,7546 ORLANDO,0746,Y,SR 50,COY DR,0.189,E,0,0,0,0,75060000,2.967,05120,SR 50,,R RIGHT,S SIDE OF ROAD,0,30 URBAN 6+LN 2WY DIVD RASD,03 STATE,88 UNKNOWN,01 ON ROADWAY,01 NOT AT INTERSECTION,01 PAVED,34,"September 9, 2019",14 URBAN PRIN ART OTHER,36,CURB&GUTTER,2,,0,,0,20,50500,RCI,3.5,,40,5 FATAL(WITHIN 30 DAYS) INJURY,31 Q/C COMPLETED - LOC VERIFIED,0 NO,01 NOT AT INTERSECTION/RRX/BRIDGE,06 DARK-UNKNOWN LIGHTING,01 CLEAR,01 DRY,00 NOT CODED,0 NOT CODED,NOT CODED,,NOT CODED,NOT CODED,6,NONE,NONE,NONE,NONE,NONE,NONE,14 MOTOR VEHICLE IN TRANSPORT,88 UNKNOWN,00 NOT CODED,NOT CODED,NOT CODED,00 NOT CODED,00 NOT CODED,00 NOT CODED,00 NOT CODED,01 NO,0,1,0,1,0,0,1,1,N,N,N,N,N,N,N,N,N,N,N,N,Y,N,Y,N,N,N,N,N,N,N,N,N,N,N,28.553194395,-81.346855148,466071.961483,3158534.111384,R,,ARBM15Q1R2,"June 10, 2023",3128951,-9055490.83776807,3318900.3548358674
2020241240910,2020,241240910,2020TA009575,COUNTY SHERIFF'S OFFICE,05 FIFTH,ORANGE,"September 28, 2020",0957,TUESDAY,7554 WINTER PARK,0754,Y,OSCEOLA AVE,HENKEL CIR,0.012,W,28.596207,-81.341099,28.5957237,-81.3420988,75090000,0.58,06712,SR 426,,R RIGHT,2 THRU LANE 2,E EAST,21 URBAN 4-5LN 2WY DIVD PAVD,03 STATE,01 NON-JUNCTION,01 ON ROADWAY,01 NOT AT INTERSECTION,03 CURB,41,"February 11, 2020",14 URBAN PRIN ART OTHER,20,CURB&GUTTER,2,,0,,0,12,38500,RCI,1.6,0D0002,30,1 NO INJURY,31 Q/C COMPLETED - LOC VERIFIED,0 NO,03 INFLUENCED BY INTERSECTION,01 DAYLIGHT,01 CLEAR,01 DRY,01 LEVEL,1 STRAIGHT,"TWO-WAY, NOT DIVIDED","TWO-WAY, NOT DIVIDED",NO CONTROLS,NO CONTROLS,4,NONE,NOT CODED,NOT CODED,NONE,NOT CODED,NOT CODED,15 PARKED MOTOR VEHICLE,00 NOT CODED,01 STRAIGHT AHEAD,OTHER CONTRIBUTING ACTION,NOT CODED,00 NOT CODED,00 NOT CODED,00 NOT CODED,00 NOT CODED,01 NO,0,0,0,0,1,0,2,2,N,N,N,Y,N,N,N,N,N,N,Y,N,N,N,N,N,N,N,N,N,N,N,N,N,N,N,28.595733775,-81.342088577,466551.67075,3163245.519136,C,,ARBM15Q1R2,"June 10, 2023",3128986,-9054960.225523422,3324292.6163231735
2020883113060,2020,883113060,FHPD20OFF048973,FLORIDA HIGHWAY PATROL,05 FIFTH,ORANGE,"July 20, 2020",0058,TUESDAY,7546 ORLANDO,0746,N,I 4,SR 482,0,,28.4537699,-81.47418,28.4501404,-81.4741526,75280000,8.282,04275,SR 400,I 4,R RIGHT,3 THRU LANE 3,E EAST,01 INTERSTATE URBAN,01 INTERSTATE,01 NON-JUNCTION,01 ON ROADWAY,01 NOT AT INTERSECTION,01 PAVED,39,"March 2, 2020",11 URBAN PRIN ART INT.,36,PAVED,10,LAWN,12,,0,64,106000,RCI,5.6,,60,2 POSSIBLE INJURY,31 Q/C COMPLETED - LOC VERIFIED,0 NO,01 NOT AT INTERSECTION/RRX/BRIDGE,04 DARK-LIGHTED,01 CLEAR,01 DRY,01 LEVEL,1 STRAIGHT,"TWO-WAY, DIVIDED, POSITIVE MED","TWO-WAY, DIVIDED, POSITIVE MED",NO CONTROLS,NO CONTROLS,7,NONE,NOT CODED,NOT CODED,NONE,NOT CODED,NOT CODED,14 MOTOR VEHICLE IN TRANSPORT,77 OTHER (SEE NARRATIVE),88 UNKNOWN,OTHER CONTRIBUTING ACTION,OTHER CONTRIBUTING ACTION,00 NOT CODED,00 NOT CODED,00 NOT CODED,00 NOT CODED,01 NO,1,0,0,0,2,0,2,2,N,N,Y,N,Y,N,N,N,N,N,N,N,N,N,N,N,N,N,N,N,N,N,N,N,N,N,28.45015813,-81.474166964,453573.594674,3147161.8519,R,,ARBM15Q1R2,"June 10, 2023",3129178,-9069663.127952602,3305848.568790047
2020883113210,2020,883113210,FHPD20OFF061033,FLORIDA HIGHWAY PATROL,05 FIFTH,ORANGE,"September 5, 2020",1840,SUNDAY,7546 ORLANDO,0746,N,I 4,SR 535,0.028,S,28.37471,-81.5069299,0,0,75280000,2.403,00326,SR 400,I 4,R RIGHT,1 THRU LANE 1,E EAST,01 INTERSTATE URBAN,01 INTERSTATE,01 NON-JUNCTION,01 ON ROADWAY,01 NOT AT INTERSECTION,01 PAVED,35,"March 2, 2020",11 URBAN PRIN ART INT.,36,PAVED WARN,10,LAWN,2,,0,64,179500,RCI,7.6,,60,4 INCAPACITATING INJURY,31 Q/C COMPLETED - LOC VERIFIED,0 NO,01 NOT AT INTERSECTION/RRX/BRIDGE,01 DAYLIGHT,03 RAIN,02 WET,01 LEVEL,1 STRAIGHT,"TWO-WAY, DIVIDED, POSITIVE MED","TWO-WAY, DIVIDED, POSITIVE MED",NO CONTROLS,NO CONTROLS,6,NONE,NOT CODED,NOT CODED,NONE,NOT CODED,NOT CODED,14 MOTOR VEHICLE IN TRANSPORT,01 FRONT TO REAR,01 STRAIGHT AHEAD,OPERATED MV IN CARLESS OR NEGL,NO CONTRIBUTING ACTION,00 NOT CODED,00 NOT CODED,00 NOT CODED,00 NOT CODED,01 NO,6,0,2,0,3,0,3,6,N,N,N,N,N,N,N,N,N,N,Y,N,N,N,N,N,N,N,N,N,N,N,N,N,N,N,28.374606376,-81.507021803,450321.439765,3138805.034319,R,,ARBM15Q1R2,"June 10, 2023",3129201,-9073320.512658322,3296286.3759114407
2020883113220,2020,883113220,FHPD20OFF066255,FLORIDA HIGHWAY PATROL,08 TURNPIKE,ORANGE,"September 25, 2020",1840,SATURDAY,7546 ORLANDO,0746,N,I 4,SR 528,0,,28.4244409,-81.4744721,28.423636,-81.4745636,75471200,0,00476,SR 528,,L LEFT,X RAMP,W WEST,08 RAMP RURAL,01 INTERSTATE,14 ENTRANCE/EXIT RAMP,01 ON ROADWAY,01 NOT AT INTERSECTION,01 PAVED,0,"December 31, 2000",,15,PAVED,5,LAWN,12,,0,,22500,RCI,14.7,,,2 POSSIBLE INJURY,31 Q/C COMPLETED - LOC VERIFIED,0 NO,08 EXIT RAMP,02 DUSK,01 CLEAR,01 DRY,01 LEVEL,1 STRAIGHT,ONE-WAY TRAFFICWAY,,NO CONTROLS,NOT CODED,1,NONE,NOT CODED,NOT CODED,NONE,NOT CODED,NOT CODED,32 TREE (STANDING),77 OTHER (SEE NARRATIVE),01 STRAIGHT AHEAD,OTHER CONTRIBUTING ACTION,NOT CODED,00 NOT CODED,00 NOT CODED,00 NOT CODED,00 NOT CODED,01 NO,1,0,0,0,1,0,1,1,N,N,N,N,Y,N,N,N,N,N,N,N,N,N,N,N,N,N,N,N,N,N,N,N,N,N,28.423636989,-81.474556596,453523.8562,3144223.8765,O,,ARBM15Q1R2,"June 10, 2023",3129202,-9069706.50159018,3302491.148698773
2020883985750,2020,883985750,FHPD20OFF065453,FLORIDA HIGHWAY PATROL,05 FIFTH,ORANGE,"September 22, 2020",1453,WEDNESDAY,7546 ORLANDO,0746,N,US 441,LAQUINTA DR,0.095,S,28.44069,-81.40353,28.4393637,-81.40391,75010000,6.3,03476,SR 500,US 17,L LEFT,3 THRU LANE 3,S SOUTH,30 URBAN 6+LN 2WY DIVD RASD,02 U.S.,01 NON-JUNCTION,01 ON ROADWAY,01 NOT AT INTERSECTION,01 PAVED,38,"March 1, 2020",14 URBAN PRIN ART OTHER,30,CURB&GUTTER,2,,0,,0,15,67000,RCI,6.9,0D3000,45,2 POSSIBLE INJURY,31 Q/C COMPLETED - LOC VERIFIED,0 NO,01 NOT AT INTERSECTION/RRX/BRIDGE,01 DAYLIGHT,01 CLEAR,01 DRY,01 LEVEL,1 STRAIGHT,"TWO-WAY, DIVIDED, POSITIVE MED","TWO-WAY, DIVIDED, POSITIVE MED",NO CONTROLS,NO CONTROLS,6,NONE,NOT CODED,NOT CODED,NONE,NOT CODED,NOT CODED,14 MOTOR VEHICLE IN TRANSPORT,"04 SIDESWIPE, SAME DIRECTION",06 CHANGING LANES,FAILED TO KEEP IN PROPER LANE,NO CONTRIBUTING ACTION,00 NOT CODED,00 NOT CODED,00 NOT CODED,00 NOT CODED,01 NO,1,0,0,0,2,0,2,2,N,N,Y,N,Y,N,N,N,N,N,Y,N,N,N,N,N,N,N,N,N,N,Y,Y,N,N,N,28.439365714,-81.40396663,460443.068454,3145941.133118,L,,ARBM15Q1R2,"June 10, 2023",3129294,-9061848.460209833,3304482.21121014
2020883761080,2020,883761080,FHPD20OFF056134,FLORIDA HIGHWAY PATROL,05 FIFTH,ORANGE,"August 18, 2020",0242,WEDNESDAY,7546 ORLANDO,0746,N,SR 482,GREENBRIAR PKWY,0.001,E,28.4500899,-81.44614,28.4499249,-81.4512084,75002000,1.542,03235,SR 482,,R RIGHT,2 THRU LANE 2,S SOUTH,20 URBAN 4-5LN 2WY DIVD RASD,03 STATE,01 NON-JUNCTION,01 ON ROADWAY,01 NOT AT INTERSECTION,03 CURB,34,"May 19, 2015",16 URBAN MINOR ART,24,PAVED,5,CURB&GUTTER,2,,0,90,59000,RCI,5.3,,55,2 POSSIBLE INJURY,31 Q/C COMPLETED - LOC VERIFIED,0 NO,01 NOT AT INTERSECTION/RRX/BRIDGE,05 DARK-NOT LIGHTED,01 CLEAR,01 DRY,01 LEVEL,1 STRAIGHT,"TWO-WAY, DIVIDED, POSITIVE MED","TWO-WAY, DIVIDED, POSITIVE MED",STOP SIGN,NO CONTROLS,4,NONE,NOT CODED,NOT CODED,NONE,NOT CODED,NOT CODED,14 MOTOR VEHICLE IN TRANSPORT,"04 SIDESWIPE, SAME DIRECTION",03 TURNING LEFT,RAN STOP SIGN,NO CONTRIBUTING ACTION,00 NOT CODED,00 NOT CODED,00 NOT CODED,00 NOT CODED,01 NO,2,0,0,0,2,0,2,2,N,N,N,N,Y,N,N,N,N,N,Y,N,N,N,N,N,N,N,N,N,N,N,N,N,N,N,28.44994089,-81.451213444,455820.944445,3147129.138814,R,,ARBM15Q1R2,"June 10, 2023",3129310,-9067107.95317779,3305821.0641553737