Crash Id,Calendar Year,FDOT Crash Number,Reporting Agency Case Number,Reporting Agency Type,FDOT Managing District,County Name,Crash Date,Crash Time,Day,DHSMV City,Crash Report City Code,In Town,On Roadway Name,Int Roadway Name,Reference Distance (Miles),Reference Direction,Officer Latitude,Officer Longitude,FDOT Latitude,FDOT Longitude,FDOT Roadway,Nearest Inventory MP,Nearest Node From Crash,State Road #,US Highway,Crash Side of Road,Accident Lane Number,Travel Direction Vehicle 1,FDOT Road Category,DHSMV Road System Id,Relation to Junction,Crash Harmful Event Location,Intersection Type,Shoulder Type,FDOT Roadway SKID Test Result,FDOT Roadway SKID Test Date,Functional Class,RCI Surface Width,RCI Shoulder Type First,RCI Shoulder Width First,RCI Shoulder Type Second,RCI Shoulder Width Second,RCI Shoulder Type Third,RCI Shoulder Width Third,RCI Median Width,Avg Daily Traffic,AADT Source,RCI Avg Per Truck Traffic,RCI Horiz Curve Condition,Posted Speed Limit,Highest Injury in Crash,CAR Status Code,Alcohols/Drug Involved,Site Location,Lighting,Weather,Road Surface,Roadway Grade,Roadway Alignment,Traffic Way Vehicle 1,Traffic Way Vehicle 2,Traffic Control Vehicle 1,Traffic Control Vehicle 2,Count of Lanes,Road Condition 1,Road Condition 2,Road Condition 3,Environment Condition 1,Environment Condition 2,Environment Condition 3,Crash Harmful Event,Manner of Collision,Vehicle Movement,Driver Action Vehicle 1,Driver Action Vehicle 2,Location Within Workzone,Type of Workzone,Workers Present in Workzone,Law Enforcement Present in Workzone,School Bus Related,Count of Nonfatal Injuries,Count of Traffic Fatalities,Count of Serious Injuries,Count of Pedestrians,Count of Drivers,Count of Bicyclists,Count of Vehicles,Count of Persons,Wrong Way,Workzone Inv,Commercial Vehicle Inv,Intersection Inv,Lane Departure,Speeding,Agressive Driving,Impaired Driver,Impaired Pedestrian,Impaired Bicyclist,Distracted Driver,Speeding or Aggressive Driving,Pedestrian Related,Bicyclist Related,Pedestrian or Bicyclist Related,Motorcycle Inv,No Belt,No Belt - Ages 1-4,No Belt - Ages 5-12,No Belt - Ages 13-17,Driver - Ages Teen,Driver - Ages 65 plus,Driver - Ages 65-69,Driver - Ages 70-74,Driver - Ages 75-79,Driver - Ages 80 plus,ARBM Latitude,ARBM Longitude,UTM Zone 17N X,UTM Zone 17N Y,ARBM Side of Road,Urban Rural Indicator,GIS Street Source,Extract Date,OBJECTID,x,y
2020892019220,2020,892019220,2020TA008444,COUNTY SHERIFF'S OFFICE,05 FIFTH,ORANGE,"August 27, 2020",1649,FRIDAY,7540 MAITLAND,0740,Y,SR 414,MAITLAND SUMMIT BLVD,0,,0,0,28.6364099,-81.4030911,75011001,39.255,03246,SR 414,,R RIGHT,2 THRU LANE 2,S SOUTH,33 SUBURBAN 6+LN 2WY DIVD RASD,03 STATE,02 INTERSECTION,01 ON ROADWAY,02 FOUR-WAY INTERSECTION,01 PAVED,29,"May 18, 2015",14 URBAN PRIN ART OTHER,36,PAVED,8,LAWN,2,,0,46,53500,RCI,6,,55,2 POSSIBLE INJURY,31 Q/C COMPLETED - LOC VERIFIED,0 NO,02 AT INTERSECTION,01 DAYLIGHT,01 CLEAR,01 DRY,01 LEVEL,1 STRAIGHT,"TWO-WAY, NOT DIV, W/CONT LTURN","TWO-WAY, DIVIDED, POSITIVE MED",TRAFFIC CONTROL SIGNAL,TRAFFIC CONTROL SIGNAL,5,"TRAF DEV INOPER, MISSING, OBSC",NOT CODED,NOT CODED,NONE,NOT CODED,NOT CODED,14 MOTOR VEHICLE IN TRANSPORT,03 ANGLE,01 STRAIGHT AHEAD,NO CONTRIBUTING ACTION,NO CONTRIBUTING ACTION,01 BEFORE THE FIRST WARNING SIGN,04 INTERMITTENT OR MOVING WORK,01 NO,01 NO,01 NO,2,0,0,0,2,0,2,4,N,Y,N,Y,N,N,N,N,N,N,N,N,N,N,N,N,N,N,N,N,N,N,N,N,N,N,28.636237091,-81.403125005,460598.794865,3167751.320825,R,,ARBM15Q1R2,"June 10, 2023",3140178,-9061754.771719918,3329428.816000491
2020892019230,2020,892019230,2020TA008488,COUNTY SHERIFF'S OFFICE,05 FIFTH,ORANGE,"August 29, 2020",1540,SUNDAY,7540 MAITLAND,0740,Y,SR 414,MAITLAND CONCOURSE,0,,0,0,28.6364675,-81.3657567,75011000,1.742,01472,SR 414,,R RIGHT,1 THRU LANE 1,E EAST,20 URBAN 4-5LN 2WY DIVD RASD,03 STATE,02 INTERSECTION,01 ON ROADWAY,02 FOUR-WAY INTERSECTION,01 PAVED,38,"April 2, 2018",14 URBAN PRIN ART OTHER,24,CURB&GUTTER,2,,0,,0,32,60000,RCI,5.6,,45,1 NO INJURY,31 Q/C COMPLETED - LOC VERIFIED,0 NO,02 AT INTERSECTION,01 DAYLIGHT,03 RAIN,02 WET,01 LEVEL,1 STRAIGHT,"TWO-WAY, DIVIDED, POSITIVE MED","TWO-WAY, DIVIDED, POSITIVE MED",TRAFFIC CONTROL SIGNAL,TRAFFIC CONTROL SIGNAL,4,NONE,NOT CODED,NOT CODED,WEATHER CONDITIONS,NOT CODED,NOT CODED,14 MOTOR VEHICLE IN TRANSPORT,77 OTHER (SEE NARRATIVE),13 STOPPED IN TRAFFIC,NO CONTRIBUTING ACTION,NO CONTRIBUTING ACTION,04 ACTIVITY AREA,03 WORK ON SHOULDER OR MEDIAN,01 NO,01 NO,01 NO,0,0,0,0,2,0,2,2,N,Y,N,Y,N,N,N,N,N,N,N,N,N,N,N,N,N,N,N,N,N,N,N,N,N,N,28.63641649,-81.365636749,464262.964621,3167759.41511,R,,ARBM15Q1R2,"June 10, 2023",3140179,-9057581.59699146,3329451.570061313
2020892019250,2020,892019250,2020TA008827,COUNTY SHERIFF'S OFFICE,05 FIFTH,ORANGE,"September 7, 2020",1617,TUESDAY,7540 MAITLAND,0740,Y,US 17,HORATIO AVE,0,,0,0,28.6278313,-81.3635213,75030000,7.78,01001,SR 15,US 17,L LEFT,1 THRU LANE 1,S SOUTH,30 URBAN 6+LN 2WY DIVD RASD,02 U.S.,02 INTERSECTION,01 ON ROADWAY,02 FOUR-WAY INTERSECTION,01 PAVED,41,"March 1, 2020",14 URBAN PRIN ART OTHER,31,CURB&GUTTER,2,,0,,0,21,33000,RCI,3.6,,40,1 NO INJURY,31 Q/C COMPLETED - LOC VERIFIED,0 NO,02 AT INTERSECTION,04 DARK-LIGHTED,03 RAIN,02 WET,01 LEVEL,1 STRAIGHT,"TWO-WAY, DIVIDED, POSITIVE MED","TWO-WAY, DIVIDED, POSITIVE MED",TRAFFIC CONTROL SIGNAL,TRAFFIC CONTROL SIGNAL,6,NONE,NOT CODED,NOT CODED,NONE,NOT CODED,NOT CODED,14 MOTOR VEHICLE IN TRANSPORT,01 FRONT TO REAR,01 STRAIGHT AHEAD,OPERATED MV IN CARLESS OR NEGL,NO CONTRIBUTING ACTION,00 NOT CODED,00 NOT CODED,00 NOT CODED,00 NOT CODED,01 NO,0,0,0,0,2,0,2,3,N,N,N,Y,N,N,N,N,N,N,Y,N,N,N,N,N,N,N,N,N,N,Y,Y,N,N,N,28.627867381,-81.363606893,464458.482323,3166811.683301,L,,ARBM15Q1R2,"June 10, 2023",3140180,-9057355.63434488,3328367.296182476
2020892017470,2020,892017470,2020TA009592,COUNTY SHERIFF'S OFFICE,05 FIFTH,ORANGE,"September 28, 2020",1545,TUESDAY,7540 MAITLAND,0740,Y,SR 414,I 4,0.038,W,0,0,28.6308806,-81.3886606,75011000,0.249,02609,SR 414,,R RIGHT,L LEFT TURN,E EAST,33 SUBURBAN 6+LN 2WY DIVD RASD,03 STATE,01 NON-JUNCTION,01 ON ROADWAY,01 NOT AT INTERSECTION,03 CURB,38,"April 2, 2018",14 URBAN PRIN ART OTHER,36,PAVED,8,VALLEY GUTR,2,,0,32,44000,RCI,6,,45,1 NO INJURY,31 Q/C COMPLETED - LOC VERIFIED,0 NO,03 INFLUENCED BY INTERSECTION,01 DAYLIGHT,03 RAIN,02 WET,01 LEVEL,1 STRAIGHT,"TWO-WAY, DIVIDED, POSITIVE MED","TWO-WAY, DIVIDED, POSITIVE MED",NO CONTROLS,NO CONTROLS,6,"RD SURFC (WET, ICY, SNOW, ETC)",NOT CODED,NOT CODED,WEATHER CONDITIONS,NOT CODED,NOT CODED,14 MOTOR VEHICLE IN TRANSPORT,01 FRONT TO REAR,01 STRAIGHT AHEAD,FOLLOWED TOO CLOSELY,NO CONTRIBUTING ACTION,00 NOT CODED,00 NOT CODED,00 NOT CODED,00 NOT CODED,01 NO,0,0,0,0,2,0,2,2,N,N,N,Y,N,N,N,N,N,N,N,N,N,N,N,N,N,N,N,N,N,N,N,N,N,N,28.630782736,-81.388641486,462012.453558,3167142.362575,R,,ARBM15Q1R2,"June 10, 2023",3140225,-9060142.47318109,3328737.037303067
2020898255300,2020,898255300,2020-00208673,COUNTY SHERIFF'S OFFICE,05 FIFTH,ORANGE,"July 2, 2020",1700,FRIDAY,7546 ORLANDO,0746,Y,KIRKMAN RD S,CONROY RD,0,,0,0,28.4937281,-81.4589506,75270000,3.063,00123,SR 435,,R RIGHT,3 THRU LANE 3,N NORTH,33 SUBURBAN 6+LN 2WY DIVD RASD,05 LOCAL,02 INTERSECTION,01 ON ROADWAY,02 FOUR-WAY INTERSECTION,01 PAVED,28,"March 14, 2017",14 URBAN PRIN ART OTHER,36,PAVED,5,LAWN,7,,0,41,58000,RCI,6.1,,50,2 POSSIBLE INJURY,31 Q/C COMPLETED - LOC VERIFIED,0 NO,02 AT INTERSECTION,01 DAYLIGHT,02 CLOUDY,01 DRY,04 DOWNHILL,1 STRAIGHT,"TWO-WAY, DIVIDED, POSITIVE MED","TWO-WAY, DIVIDED, POSITIVE MED",NO CONTROLS,NO CONTROLS,6,NONE,NOT CODED,NOT CODED,NONE,NOT CODED,NOT CODED,14 MOTOR VEHICLE IN TRANSPORT,01 FRONT TO REAR,01 STRAIGHT AHEAD,OPERATED MV IN CARLESS OR NEGL,NO CONTRIBUTING ACTION,00 NOT CODED,00 NOT CODED,00 NOT CODED,00 NOT CODED,01 NO,1,0,0,0,2,0,2,6,N,N,N,Y,N,N,N,N,N,N,N,N,N,N,N,N,N,N,N,N,Y,N,N,N,N,N,28.494047206,-81.458837355,455093.121124,3152018.269208,R,,ARBM15Q1R2,"June 10, 2023",3149708,-9067956.64342915,3311406.5177069604
2020898256110,2020,898256110,2020-00211551,COUNTY SHERIFF'S OFFICE,05 FIFTH,ORANGE,"July 5, 2020",2016,MONDAY,7546 ORLANDO,0746,Y,SR 424,PAR ST,0.019,N,0,0,0,0,75260000,2.318,05930,SR 424,,R RIGHT,S SIDE OF ROAD,N NORTH,20 URBAN 4-5LN 2WY DIVD RASD,03 STATE,01 NON-JUNCTION,01 ON ROADWAY,02 FOUR-WAY INTERSECTION,03 CURB,40,"September 8, 2019",16 URBAN MINOR ART,24,PAVED,2,CURB&GUTTER,2,,0,19,24500,RCI,4.7,,40,1 NO INJURY,31 Q/C COMPLETED - LOC VERIFIED,0 NO,01 NOT AT INTERSECTION/RRX/BRIDGE,04 DARK-LIGHTED,03 RAIN,02 WET,01 LEVEL,3 CURVE LEFT,"TWO-WAY, NOT DIV, W/CONT LTURN",,NO CONTROLS,NOT CODED,4,"RD SURFC (WET, ICY, SNOW, ETC)",NOT CODED,NOT CODED,WEATHER CONDITIONS,NOT CODED,NOT CODED,14 MOTOR VEHICLE IN TRANSPORT,77 OTHER (SEE NARRATIVE),03 TURNING LEFT,DROVE TOO FAST FOR CONDITIONS,NOT CODED,00 NOT CODED,00 NOT CODED,00 NOT CODED,00 NOT CODED,01 NO,0,0,0,0,1,0,1,1,N,N,N,N,Y,Y,N,N,N,N,N,Y,N,N,N,N,N,N,N,N,N,N,N,N,N,N,28.58212679,-81.389682601,461893.135971,3161752.278371,C,,ARBM15Q1R2,"June 10, 2023",3149715,-9060258.369493593,3322567.5672418224
2020898259180,2020,898259180,2020-00238789,COUNTY SHERIFF'S OFFICE,05 FIFTH,ORANGE,"July 31, 2020",1856,SATURDAY,7546 ORLANDO,0746,Y,I 4,SOUTH ST,0.038,S,0,0,28.5381233,-81.381972,75280000,17.288,00371,SR 400,I 4,L LEFT,3 THRU LANE 3,W WEST,01 INTERSTATE URBAN,01 INTERSTATE,01 NON-JUNCTION,01 ON ROADWAY,01 NOT AT INTERSECTION,01 PAVED,27,"September 16, 2014",11 URBAN PRIN ART INT.,48,PAVED,10,LAWN,2,,0,90,148000,RCI,6.8,2D3000,50,1 NO INJURY,31 Q/C COMPLETED - LOC VERIFIED,0 NO,01 NOT AT INTERSECTION/RRX/BRIDGE,04 DARK-LIGHTED,01 CLEAR,01 DRY,01 LEVEL,1 STRAIGHT,"TWO-WAY, DIVIDED, POSITIVE MED","TWO-WAY, DIVIDED, POSITIVE MED",NO CONTROLS,NO CONTROLS,8,NONE,NOT CODED,NOT CODED,NONE,NOT CODED,NOT CODED,14 MOTOR VEHICLE IN TRANSPORT,"04 SIDESWIPE, SAME DIRECTION",01 STRAIGHT AHEAD,FAILED TO YIELD RIGHT-OF-WAY,FAILED TO YIELD RIGHT-OF-WAY,00 NOT CODED,00 NOT CODED,00 NOT CODED,00 NOT CODED,01 NO,0,0,0,0,2,0,2,6,N,N,Y,N,Y,N,N,N,N,N,N,N,N,N,N,N,N,N,N,N,N,Y,Y,N,N,N,28.538204751,-81.382536562,462576.417352,3156884.097626,L,,ARBM15Q1R2,"June 10, 2023",3149741,-9059462.875637012,3317000.7973953397
2020898262120,2020,898262120,2020-00220810,COUNTY SHERIFF'S OFFICE,05 FIFTH,ORANGE,"July 14, 2020",2014,WEDNESDAY,7546 ORLANDO,0746,Y,SR 408,I 4,0,,0,0,28.5354798,-81.3827604,75008042,0,04806,SR 408,,L LEFT,X RAMP,W WEST,08 RAMP RURAL,03 STATE,01 NON-JUNCTION,01 ON ROADWAY,77 OTHER (SEE NARRATIVE),01 PAVED,0,"December 31, 2000",,16,PAVED,8,,0,,0,,11000,RCI,4.1,,,1 NO INJURY,31 Q/C COMPLETED - LOC VERIFIED,0 NO,08 EXIT RAMP,04 DARK-LIGHTED,01 CLEAR,01 DRY,03 UPHILL,2 CURVE RIGHT,ONE-WAY TRAFFICWAY,ONE-WAY TRAFFICWAY,NO CONTROLS,NO CONTROLS,1,NONE,NOT CODED,NOT CODED,NONE,NOT CODED,NOT CODED,14 MOTOR VEHICLE IN TRANSPORT,"04 SIDESWIPE, SAME DIRECTION",06 CHANGING LANES,OPERATED MV IN CARLESS OR NEGL,NO CONTRIBUTING ACTION,00 NOT CODED,00 NOT CODED,00 NOT CODED,00 NOT CODED,01 NO,0,0,0,0,2,0,2,2,N,N,N,N,Y,N,N,N,N,N,Y,N,N,N,N,N,N,N,N,N,N,N,N,N,N,N,28.535466667,-81.382765158,462553.0855,3156580.8298,O,,ARBM15Q1R2,"June 10, 2023",3149743,-9059488.3228813,3316653.8438444794
2020898262130,2020,898262130,2020-00217716,COUNTY SHERIFF'S OFFICE,05 FIFTH,ORANGE,"July 11, 2020",2315,SUNDAY,7546 ORLANDO,0746,Y,SR 400,SR 438,0,,0,0,28.5711416,-81.3763212,75280075,0,03625,SR 400,I 4,L LEFT,X RAMP,W WEST,08 RAMP RURAL,03 STATE,02 INTERSECTION,01 ON ROADWAY,03 T-INTERSECTION,01 PAVED,0,"December 31, 2000",,14,PAVED,6,LAWN,8,,0,,8900,RCI,3.8,,,2 POSSIBLE INJURY,31 Q/C COMPLETED - LOC VERIFIED,0 NO,07 ENTRANCE RAMP,01 DAYLIGHT,01 CLEAR,01 DRY,01 LEVEL,1 STRAIGHT,"TWO-WAY, DIVIDED, UNPROTECTED","TWO-WAY, DIVIDED, UNPROTECTED",TRAFFIC CONTROL SIGNAL,TRAFFIC CONTROL SIGNAL,1,NONE,NOT CODED,NOT CODED,NONE,NOT CODED,NOT CODED,14 MOTOR VEHICLE IN TRANSPORT,02 FRONT TO FRONT,03 TURNING LEFT,NO CONTRIBUTING ACTION,NO CONTRIBUTING ACTION,00 NOT CODED,00 NOT CODED,00 NOT CODED,00 NOT CODED,01 NO,5,0,0,0,2,0,2,5,N,N,N,N,N,N,N,N,N,N,N,N,N,N,N,N,N,N,N,N,N,N,N,N,N,N,28.571148923,-81.376189418,463208.8184,3160531.8676,O,,ARBM15Q1R2,"June 10, 2023",3149744,-9058756.314777203,3321175.99199459
2020898479250,2020,898479250,2020TA007734,COUNTY SHERIFF'S OFFICE,05 FIFTH,ORANGE,"August 9, 2020",0925,MONDAY,7554 WINTER PARK,0754,Y,ALOMA AVE,CORTLAND AVE,0.029,E,28.600259,-81.337412,28.60028,-81.3374731,75090000,1.08,06719,SR 426,,R RIGHT,2 THRU LANE 2,E EAST,22 URBAN 4-5LN 2WY UNDIVD,03 STATE,01 NON-JUNCTION,01 ON ROADWAY,01 NOT AT INTERSECTION,03 CURB,41,"February 11, 2020",14 URBAN PRIN ART OTHER,44,CURB&GUTTER,2,,0,,0,,38500,RCI,1.6,,30,1 NO INJURY,31 Q/C COMPLETED - LOC VERIFIED,0 NO,01 NOT AT INTERSECTION/RRX/BRIDGE,01 DAYLIGHT,01 CLEAR,01 DRY,01 LEVEL,1 STRAIGHT,"TWO-WAY, NOT DIVIDED","TWO-WAY, NOT DIVIDED",NO CONTROLS,NO CONTROLS,4,NONE,NOT CODED,NOT CODED,NONE,NOT CODED,NOT CODED,14 MOTOR VEHICLE IN TRANSPORT,"04 SIDESWIPE, SAME DIRECTION",01 STRAIGHT AHEAD,OPERATED MV IN CARLESS OR NEGL,NO CONTRIBUTING ACTION,00 NOT CODED,00 NOT CODED,00 NOT CODED,00 NOT CODED,01 NO,0,0,0,0,2,0,2,2,N,N,Y,N,Y,N,N,N,N,N,N,N,N,N,N,N,N,N,N,N,N,N,N,N,N,N,28.60028234,-81.337440368,467007.581288,3163748.145875,C,,ARBM15Q1R2,"June 10, 2023",3149799,-9054442.789030887,3324869.3182911337
2020898257350,2020,898257350,2020-00255381,COUNTY SHERIFF'S OFFICE,05 FIFTH,ORANGE,"August 15, 2020",1930,SUNDAY,7546 ORLANDO,0746,Y,ROSALIND AVE,ROBINSON ST,0,,0,0,28.5456771,-81.3760719,75030000,1.414,00932,SR 526,,S SIDE RD RIGHT,3 THRU LANE 3,0,22 URBAN 4-5LN 2WY UNDIVD,05 LOCAL,01 NON-JUNCTION,01 ON ROADWAY,01 NOT AT INTERSECTION,01 PAVED,35,"March 1, 2020",16 URBAN MINOR ART,44,RAISED CURB,2,,0,,0,,18500,RCI,2.9,,30,1 NO INJURY,31 Q/C COMPLETED - LOC VERIFIED,0 NO,02 AT INTERSECTION,01 DAYLIGHT,01 CLEAR,01 DRY,00 NOT CODED,0 NOT CODED,NOT CODED,"TWO-WAY, NOT DIVIDED",NOT CODED,NO CONTROLS,4,NONE,NOT CODED,NOT CODED,NONE,NOT CODED,NOT CODED,14 MOTOR VEHICLE IN TRANSPORT,01 FRONT TO REAR,00 NOT CODED,NOT CODED,NO CONTRIBUTING ACTION,00 NOT CODED,00 NOT CODED,00 NOT CODED,00 NOT CODED,01 NO,0,0,0,0,1,0,2,2,N,N,N,Y,N,N,N,N,N,N,N,N,N,N,N,N,N,N,N,N,N,N,N,N,N,N,28.545671547,-81.376073672,463211.281759,3157709.308494,C,,ARBM15Q1R2,"June 10, 2023",3149809,-9058743.42979207,3317946.990700043
2020898252250,2020,898252250,2020-00229286,COUNTY SHERIFF'S OFFICE,05 FIFTH,ORANGE,"July 22, 2020",1735,THURSDAY,7546 ORLANDO,0746,Y,COLONIAL DR W,FAIRVILLA RD,0.057,E,0,0,28.5526197,-81.4333688,75050000,13.682,05052,SR 50,,L LEFT,2 THRU LANE 2,0,30 URBAN 6+LN 2WY DIVD RASD,03 STATE,01 NON-JUNCTION,01 ON ROADWAY,01 NOT AT INTERSECTION,01 PAVED,34,"April 1, 2018",14 URBAN PRIN ART OTHER,36,PAVED,8,CURB&GUTTER,2,,0,41,42000,RCI,4.6,,45,1 NO INJURY,31 Q/C COMPLETED - LOC VERIFIED,0 NO,01 NOT AT INTERSECTION/RRX/BRIDGE,01 DAYLIGHT,01 CLEAR,01 DRY,00 NOT CODED,0 NOT CODED,NOT CODED,"TWO-WAY, DIVIDED, POSITIVE MED",NOT CODED,TRAFFIC CONTROL SIGNAL,6,NONE,NONE,NONE,NONE,NONE,NONE,14 MOTOR VEHICLE IN TRANSPORT,01 FRONT TO REAR,00 NOT CODED,NOT CODED,NO CONTRIBUTING ACTION,00 NOT CODED,00 NOT CODED,00 NOT CODED,00 NOT CODED,01 NO,0,0,0,0,1,0,2,1,N,N,N,N,N,N,N,N,N,N,N,N,N,N,N,N,N,N,N,N,N,N,N,N,N,N,28.55273564,-81.433371358,457609.014931,3158510.829641,L,,ARBM15Q1R2,"June 10, 2023",3149871,-9065121.780990351,3318842.214951362
2020898252320,2020,898252320,2020-00245853,COUNTY SHERIFF'S OFFICE,05 FIFTH,ORANGE,"August 7, 2020",0859,SATURDAY,7546 ORLANDO,0746,Y,I 4,JOHN YOUNG PKWY,0.273,S,0,0,0,0,75280000,13.391,04264,SR 400,I 4,R RIGHT,S SIDE OF ROAD,W WEST,01 INTERSTATE URBAN,01 INTERSTATE,01 NON-JUNCTION,88 UNKNOWN,01 NOT AT INTERSECTION,01 PAVED,35,"September 16, 2014",11 URBAN PRIN ART INT.,36,PAVED WARN,12,LAWN,12,,0,142,127500,RCI,5.6,,55,0 UNKNOWN/NOT CODED,31 Q/C COMPLETED - LOC VERIFIED,0 NO,01 NOT AT INTERSECTION/RRX/BRIDGE,88 UNKNOWN,77 OTHER (SEE NARRATIVE),88 UNKNOWN,01 LEVEL,1 STRAIGHT,"TWO-WAY, DIVIDED, POSITIVE MED",,NO CONTROLS,NOT CODED,6,WORK ZONE (CONST/MNT/UTLTY)NTE,OTHER (SEE NARRATIVE),NOT CODED,UNKNOWN,NOT CODED,NOT CODED,14 MOTOR VEHICLE IN TRANSPORT,"04 SIDESWIPE, SAME DIRECTION",01 STRAIGHT AHEAD,NOT CODED,NOT CODED,00 NOT CODED,00 NOT CODED,00 NOT CODED,00 NOT CODED,01 NO,0,0,0,0,0,0,1,0,N,Y,N,N,Y,N,N,N,N,N,N,N,N,N,N,N,N,N,N,N,N,N,N,N,N,N,28.505782938,-81.422168388,458686.558585,3153305.247308,R,,ARBM15Q1R2,"June 10, 2023",3149873,-9063874.671481308,3312893.0785656013
2020898253910,2020,898253910,2020-00260749,COUNTY SHERIFF'S OFFICE,05 FIFTH,ORANGE,"August 20, 2020",0830,FRIDAY,7546 ORLANDO,0746,Y,SR 408,ROSALIND AVE,0.25,S,0,0,28.5360858,-81.3804024,75008041,0.348,04363,SR 400,,L LEFT,X RAMP,W WEST,08 RAMP RURAL,03 STATE,14 ENTRANCE/EXIT RAMP,03 SHOULDER,01 NOT AT INTERSECTION,01 PAVED,0,"December 31, 2000",,14,PAVED,8,,0,,0,,14000,RCI,4.1,,,1 NO INJURY,31 Q/C COMPLETED - LOC VERIFIED,0 NO,08 EXIT RAMP,01 DAYLIGHT,02 CLOUDY,02 WET,01 LEVEL,1 STRAIGHT,"TWO-WAY, DIVIDED, POSITIVE MED",,NO CONTROLS,NOT CODED,1,NONE,NOT CODED,NOT CODED,NONE,NOT CODED,NOT CODED,14 MOTOR VEHICLE IN TRANSPORT,01 FRONT TO REAR,14 SLOWING,DROVE TOO FAST FOR CONDITIONS,NOT CODED,00 NOT CODED,00 NOT CODED,00 NOT CODED,00 NOT CODED,01 NO,0,0,0,0,1,0,1,1,N,N,N,N,N,Y,N,N,N,N,N,Y,N,N,N,N,N,N,N,N,N,N,N,N,N,N,28.536076738,-81.380420451,462782.690543,3156647.686775,O,,ARBM15Q1R2,"June 10, 2023",3149905,-9059227.311253855,3316731.1476160735
2020898239870,2020,898239870,2020-00238316,COUNTY SHERIFF'S OFFICE,05 FIFTH,ORANGE,"July 31, 2020",0726,SATURDAY,7546 ORLANDO,0746,Y,SR 435,CARRIER DR,0,,0,0,28.4569319,-81.4586133,75270000,0.543,00115,SR 435,,R RIGHT,3 THRU LANE 3,E EAST,33 SUBURBAN 6+LN 2WY DIVD RASD,03 STATE,02 INTERSECTION,01 ON ROADWAY,02 FOUR-WAY INTERSECTION,01 PAVED,30,"February 11, 2020",14 URBAN PRIN ART OTHER,36,PAVED,4,LAWN,4,,0,56,30500,RCI,6.1,,45,3 NO-INCAPACITATING INJURY,31 Q/C COMPLETED - LOC VERIFIED,0 NO,02 AT INTERSECTION,01 DAYLIGHT,01 CLEAR,01 DRY,01 LEVEL,1 STRAIGHT,"TWO-WAY, DIVIDED, POSITIVE MED","TWO-WAY, DIVIDED, POSITIVE MED",TRAFFIC CONTROL SIGNAL,TRAFFIC CONTROL SIGNAL,6,NONE,NOT CODED,NOT CODED,NONE,NOT CODED,NOT CODED,14 MOTOR VEHICLE IN TRANSPORT,03 ANGLE,01 STRAIGHT AHEAD,NO CONTRIBUTING ACTION,NO CONTRIBUTING ACTION,00 NOT CODED,00 NOT CODED,00 NOT CODED,00 NOT CODED,01 NO,2,0,0,0,2,0,2,2,N,N,N,Y,N,N,N,N,N,N,N,N,N,N,N,N,N,N,N,N,N,N,N,N,N,N,28.457386708,-81.458487195,455111.896156,3147956.71298,R,,ARBM15Q1R2,"June 10, 2023",3150285,-9067917.663580721,3306763.810251227
2020898254840,2020,898254840,2020-00265587,COUNTY SHERIFF'S OFFICE,05 FIFTH,ORANGE,"August 24, 2020",1635,TUESDAY,7546 ORLANDO,0746,Y,ORANGE AVE S,CRYSTAL LAKE ST W,0.019,N,0,0,28.5156826,-81.3763561,75040000,12.178,00748,SR 527,,L LEFT,2 THRU LANE 2,S SOUTH,21 URBAN 4-5LN 2WY DIVD PAVD,04 COUNTY,01 NON-JUNCTION,01 ON ROADWAY,01 NOT AT INTERSECTION,03 CURB,40,"October 27, 2020",14 URBAN PRIN ART OTHER,21,CURB W RESF,2,CURB&GUTTER,2,,0,10,32500,RCI,7.6,,40,3 NO-INCAPACITATING INJURY,31 Q/C COMPLETED - LOC VERIFIED,0 NO,03 INFLUENCED BY INTERSECTION,01 DAYLIGHT,01 CLEAR,01 DRY,01 LEVEL,1 STRAIGHT,"TWO-WAY, NOT DIVIDED","TWO-WAY, NOT DIVIDED",NO CONTROLS,NO CONTROLS,4,NONE,NOT CODED,NOT CODED,NONE,NOT CODED,NOT CODED,14 MOTOR VEHICLE IN TRANSPORT,01 FRONT TO REAR,01 STRAIGHT AHEAD,OPERATED MV IN CARLESS OR NEGL,NO CONTRIBUTING ACTION,00 NOT CODED,00 NOT CODED,00 NOT CODED,00 NOT CODED,01 NO,1,0,0,0,2,0,2,4,N,N,N,Y,N,N,N,N,N,N,Y,N,N,N,N,N,N,N,N,N,N,N,N,N,N,N,28.515690139,-81.376366742,463172.191258,3154387.906977,C,,ARBM15Q1R2,"June 10, 2023",3150295,-9058776.05410155,3314148.148866629