Crash Id,Calendar Year,FDOT Crash Number,Reporting Agency Case Number,Reporting Agency Type,FDOT Managing District,County Name,Crash Date,Crash Time,Day,DHSMV City,Crash Report City Code,In Town,On Roadway Name,Int Roadway Name,Reference Distance (Miles),Reference Direction,Officer Latitude,Officer Longitude,FDOT Latitude,FDOT Longitude,FDOT Roadway,Nearest Inventory MP,Nearest Node From Crash,State Road #,US Highway,Crash Side of Road,Accident Lane Number,Travel Direction Vehicle 1,FDOT Road Category,DHSMV Road System Id,Relation to Junction,Crash Harmful Event Location,Intersection Type,Shoulder Type,FDOT Roadway SKID Test Result,FDOT Roadway SKID Test Date,Functional Class,RCI Surface Width,RCI Shoulder Type First,RCI Shoulder Width First,RCI Shoulder Type Second,RCI Shoulder Width Second,RCI Shoulder Type Third,RCI Shoulder Width Third,RCI Median Width,Avg Daily Traffic,AADT Source,RCI Avg Per Truck Traffic,RCI Horiz Curve Condition,Posted Speed Limit,Highest Injury in Crash,CAR Status Code,Alcohols/Drug Involved,Site Location,Lighting,Weather,Road Surface,Roadway Grade,Roadway Alignment,Traffic Way Vehicle 1,Traffic Way Vehicle 2,Traffic Control Vehicle 1,Traffic Control Vehicle 2,Count of Lanes,Road Condition 1,Road Condition 2,Road Condition 3,Environment Condition 1,Environment Condition 2,Environment Condition 3,Crash Harmful Event,Manner of Collision,Vehicle Movement,Driver Action Vehicle 1,Driver Action Vehicle 2,Location Within Workzone,Type of Workzone,Workers Present in Workzone,Law Enforcement Present in Workzone,School Bus Related,Count of Nonfatal Injuries,Count of Traffic Fatalities,Count of Serious Injuries,Count of Pedestrians,Count of Drivers,Count of Bicyclists,Count of Vehicles,Count of Persons,Wrong Way,Workzone Inv,Commercial Vehicle Inv,Intersection Inv,Lane Departure,Speeding,Agressive Driving,Impaired Driver,Impaired Pedestrian,Impaired Bicyclist,Distracted Driver,Speeding or Aggressive Driving,Pedestrian Related,Bicyclist Related,Pedestrian or Bicyclist Related,Motorcycle Inv,No Belt,No Belt - Ages 1-4,No Belt - Ages 5-12,No Belt - Ages 13-17,Driver - Ages Teen,Driver - Ages 65 plus,Driver - Ages 65-69,Driver - Ages 70-74,Driver - Ages 75-79,Driver - Ages 80 plus,ARBM Latitude,ARBM Longitude,UTM Zone 17N X,UTM Zone 17N Y,ARBM Side of Road,Urban Rural Indicator,GIS Street Source,Extract Date,OBJECTID,x,y
2020898267200,2020,898267200,2020-00206085,COUNTY SHERIFF'S OFFICE,05 FIFTH,ORANGE,"June 30, 2020",0731,WEDNESDAY,7546 ORLANDO,0746,Y,ANDERSON ST,LAKE UNDERHILL RD,0.019,W,0,0,28.5379907,-81.3419449,75080101,2.171,02549,SR 15,,R RIGHT,1 THRU LANE 1,E EAST,40 URBAN ONE WAY,05 LOCAL,01 NON-JUNCTION,02 OFF ROADWAY,01 NOT AT INTERSECTION,03 CURB,35,"January 30, 2018",16 URBAN MINOR ART,12,CURB&GUTTER,2,,0,,0,,17000,RCI,10.1,8D12,30,1 NO INJURY,31 Q/C COMPLETED - LOC VERIFIED,0 NO,03 INFLUENCED BY INTERSECTION,01 DAYLIGHT,02 CLOUDY,01 DRY,01 LEVEL,1 STRAIGHT,ONE-WAY TRAFFICWAY,ONE-WAY TRAFFICWAY,NO CONTROLS,NO CONTROLS,1,NONE,NOT CODED,NOT CODED,NONE,NOT CODED,NOT CODED,14 MOTOR VEHICLE IN TRANSPORT,77 OTHER (SEE NARRATIVE),01 STRAIGHT AHEAD,OPERATED MV IN CARLESS OR NEGL,NO CONTRIBUTING ACTION,00 NOT CODED,00 NOT CODED,00 NOT CODED,00 NOT CODED,01 NO,0,0,0,0,2,0,2,2,N,N,N,Y,N,N,N,N,N,N,N,N,N,N,N,N,N,N,N,N,N,Y,N,Y,N,N,28.537984656,-81.341951642,466546.8012,3156847.721639,O,,ARBM15Q1R2,"June 10, 2023",3152687,-9054944.981702344,3316972.9080902743
2020898267210,2020,898267210,2020-00220377,COUNTY SHERIFF'S OFFICE,05 FIFTH,ORANGE,"July 14, 2020",1238,WEDNESDAY,7546 ORLANDO,0746,Y,LAKE UNDERHILL RD,SR 15,0.011,W,0,0,28.537493,-81.3312494,75080000,16.763,02631,SR 15,,T SIDE RD LEFT,1 THRU LANE 1,W WEST,20 URBAN 4-5LN 2WY DIVD RASD,05 LOCAL,01 NON-JUNCTION,01 ON ROADWAY,01 NOT AT INTERSECTION,02 UNPAVED,38,"April 1, 2018",16 URBAN MINOR ART,26,CURB&GUTTER,2,,0,,0,15,28500,RCI,10.1,,35,1 NO INJURY,31 Q/C COMPLETED - LOC VERIFIED,0 NO,03 INFLUENCED BY INTERSECTION,01 DAYLIGHT,02 CLOUDY,01 DRY,01 LEVEL,1 STRAIGHT,"TWO-WAY, NOT DIVIDED","TWO-WAY, NOT DIVIDED",TRAFFIC CONTROL SIGNAL,TRAFFIC CONTROL SIGNAL,4,NONE,NOT CODED,NOT CODED,NONE,NOT CODED,NOT CODED,14 MOTOR VEHICLE IN TRANSPORT,03 ANGLE,06 CHANGING LANES,NOT CODED,NO CONTRIBUTING ACTION,00 NOT CODED,00 NOT CODED,00 NOT CODED,00 NOT CODED,01 NO,0,0,0,0,1,0,2,1,N,N,N,Y,N,N,N,N,N,N,N,N,N,N,N,N,N,N,N,N,N,N,N,N,N,N,28.537484371,-81.331210179,467597.494111,3156789.348444,C,,ARBM15Q1R2,"June 10, 2023",3152688,-9053749.247233026,3316909.5144791654
2020898241210,2020,898241210,2020-00208895,COUNTY SHERIFF'S OFFICE,05 FIFTH,ORANGE,"July 2, 2020",2129,FRIDAY,7546 ORLANDO,0746,Y,BUMBY AVE,SR 50,0,,0,0,28.5531847,-81.3519739,75060000,2.653,05116,SR 50,,I INTERSECTION,M MIDDLE,N NORTH,20 URBAN 4-5LN 2WY DIVD RASD,05 LOCAL,01 NON-JUNCTION,01 ON ROADWAY,02 FOUR-WAY INTERSECTION,01 PAVED,34,"September 9, 2019",14 URBAN PRIN ART OTHER,22,CURB&GUTTER,2,,0,,0,12,44500,RCI,3.5,,40,2 POSSIBLE INJURY,31 Q/C COMPLETED - LOC VERIFIED,0 NO,02 AT INTERSECTION,04 DARK-LIGHTED,02 CLOUDY,01 DRY,01 LEVEL,1 STRAIGHT,"TWO-WAY, DIVIDED, UNPROTECTED","TWO-WAY, DIVIDED, UNPROTECTED",TRAFFIC CONTROL SIGNAL,TRAFFIC CONTROL SIGNAL,4,NONE,NOT CODED,NOT CODED,NONE,NOT CODED,NOT CODED,14 MOTOR VEHICLE IN TRANSPORT,77 OTHER (SEE NARRATIVE),03 TURNING LEFT,OPERATED MV IN CARLESS OR NEGL,NO CONTRIBUTING ACTION,00 NOT CODED,00 NOT CODED,00 NOT CODED,00 NOT CODED,01 NO,1,0,0,0,2,0,2,2,N,N,N,Y,N,N,N,N,N,N,N,N,N,N,N,N,N,N,N,N,N,N,N,N,N,N,28.553105201,-81.352019084,465566.812695,3158525.702584,R,,ARBM15Q1R2,"June 10, 2023",3153037,-9056065.684596298,3318889.051048033
2020898246960,2020,898246960,2020-00206484,COUNTY SHERIFF'S OFFICE,05 FIFTH,ORANGE,"June 30, 2020",1419,WEDNESDAY,7546 ORLANDO,0746,Y,HUGHEY AVE N,SR 526,0,,0,0,28.5438628,-81.382884,75030101,0.183,00919,SR 526,,L LEFT,1 THRU LANE 1,E EAST,40 URBAN ONE WAY,03 STATE,02 INTERSECTION,01 ON ROADWAY,02 FOUR-WAY INTERSECTION,03 CURB,0,"December 31, 2000",17 URBAN MAJOR COLLECTOR,36,CURB&GUTTER,2,,0,,0,,5900,RCI,6.9,,30,1 NO INJURY,31 Q/C COMPLETED - LOC VERIFIED,0 NO,02 AT INTERSECTION,01 DAYLIGHT,02 CLOUDY,01 DRY,01 LEVEL,1 STRAIGHT,"TWO-WAY, DIVIDED, POSITIVE MED",ONE-WAY TRAFFICWAY,TRAFFIC CONTROL SIGNAL,TRAFFIC CONTROL SIGNAL,3,NONE,NOT CODED,NOT CODED,NONE,NOT CODED,NOT CODED,14 MOTOR VEHICLE IN TRANSPORT,03 ANGLE,10 MAKING U-TURN,RAN RED LIGHT,NO CONTRIBUTING ACTION,00 NOT CODED,00 NOT CODED,00 NOT CODED,00 NOT CODED,01 NO,0,0,0,0,2,0,2,2,N,N,N,Y,N,N,N,N,N,N,N,N,N,N,N,N,N,N,N,N,N,N,N,N,N,N,28.543854656,-81.38289689,462543.1647,3157510.1362,O,,ARBM15Q1R2,"June 10, 2023",3153079,-9059502.987298267,3317716.747808793
2020898247000,2020,898247000,2020-00222145,COUNTY SHERIFF'S OFFICE,05 FIFTH,ORANGE,"July 15, 2020",2245,THURSDAY,7546 ORLANDO,0746,Y,US 441,NEW HAMPSHIRE ST W,0.038,N,0,0,28.5677588,-81.4029348,75020000,1.144,00589,SR 500,US 441,L LEFT,1 THRU LANE 1,S SOUTH,20 URBAN 4-5LN 2WY DIVD RASD,02 U.S.,01 NON-JUNCTION,01 ON ROADWAY,01 NOT AT INTERSECTION,03 CURB,30,"January 22, 2020",14 URBAN PRIN ART OTHER,23,PAVED,6,CURB&GUTTER,2,,0,15,35500,RCI,4.6,,40,3 NO-INCAPACITATING INJURY,31 Q/C COMPLETED - LOC VERIFIED,0 NO,03 INFLUENCED BY INTERSECTION,04 DARK-LIGHTED,01 CLEAR,01 DRY,01 LEVEL,1 STRAIGHT,"TWO-WAY, DIVIDED, POSITIVE MED","TWO-WAY, DIVIDED, POSITIVE MED",NO CONTROLS,NO CONTROLS,4,NONE,NOT CODED,NOT CODED,NONE,NOT CODED,NOT CODED,14 MOTOR VEHICLE IN TRANSPORT,02 FRONT TO FRONT,10 MAKING U-TURN,FAILED TO YIELD RIGHT-OF-WAY,NO CONTRIBUTING ACTION,00 NOT CODED,00 NOT CODED,00 NOT CODED,00 NOT CODED,01 NO,4,0,0,0,2,0,2,4,N,N,N,Y,N,N,N,N,N,N,N,N,N,N,N,N,N,N,N,N,N,N,N,N,N,N,28.567758186,-81.403025907,460582.933533,3160164.757431,L,,ARBM15Q1R2,"June 10, 2023",3153080,-9061743.739912435,3320746.2049221266
2020898259140,2020,898259140,2020-00204866,COUNTY SHERIFF'S OFFICE,05 FIFTH,ORANGE,"June 30, 2020",0322,WEDNESDAY,7546 ORLANDO,0746,Y,I 4,KIRKMAN RD S,0,,0,0,28.4727182,-81.4560356,75280000,10.316,00467,SR 400,I 4,L LEFT,2 THRU LANE 2,W WEST,01 INTERSTATE URBAN,01 INTERSTATE,01 NON-JUNCTION,01 ON ROADWAY,01 NOT AT INTERSECTION,01 PAVED,31,"September 16, 2014",11 URBAN PRIN ART INT.,36,PAVED,10,LAWN,12,,0,165,177000,RCI,7.3,2D0000,55,3 NO-INCAPACITATING INJURY,31 Q/C COMPLETED - LOC VERIFIED,0 NO,01 NOT AT INTERSECTION/RRX/BRIDGE,04 DARK-LIGHTED,01 CLEAR,01 DRY,01 LEVEL,1 STRAIGHT,"TWO-WAY, DIVIDED, POSITIVE MED","TWO-WAY, DIVIDED, POSITIVE MED",NO CONTROLS,NO CONTROLS,6,NONE,NOT CODED,NOT CODED,NONE,NOT CODED,NOT CODED,14 MOTOR VEHICLE IN TRANSPORT,01 FRONT TO REAR,01 STRAIGHT AHEAD,OTHER CONTRIBUTING ACTION,NO CONTRIBUTING ACTION,00 NOT CODED,00 NOT CODED,00 NOT CODED,00 NOT CODED,01 NO,1,0,0,0,2,0,2,2,N,N,Y,N,N,N,N,N,N,N,N,N,N,N,N,N,N,N,N,N,N,Y,N,Y,N,N,28.47309345,-81.456492341,455313.812099,3149696.034913,L,,ARBM15Q1R2,"June 10, 2023",3153146,-9067695.597534496,3308752.7241424727
2020898259600,2020,898259600,2020-00214915,COUNTY SHERIFF'S OFFICE,05 FIFTH,ORANGE,"July 9, 2020",0224,FRIDAY,7546 ORLANDO,0746,Y,CURRY FORD RD,SEMORAN BLVD,0,,0,0,28.5235646,-81.3104705,75012000,1.262,00854,SR 552,,R RIGHT,2 THRU LANE 2,E EAST,20 URBAN 4-5LN 2WY DIVD RASD,04 COUNTY,01 NON-JUNCTION,01 ON ROADWAY,02 FOUR-WAY INTERSECTION,03 CURB,41,"July 28, 2014",16 URBAN MINOR ART,22,CURB&GUTTER,2,,0,,0,26,31500,RCI,3.8,,40,1 NO INJURY,31 Q/C COMPLETED - LOC VERIFIED,0 NO,02 AT INTERSECTION,04 DARK-LIGHTED,01 CLEAR,01 DRY,01 LEVEL,1 STRAIGHT,"TWO-WAY, DIVIDED, POSITIVE MED","TWO-WAY, DIVIDED, POSITIVE MED",TRAFFIC CONTROL SIGNAL,TRAFFIC CONTROL SIGNAL,4,NONE,NOT CODED,NOT CODED,NONE,NOT CODED,NOT CODED,14 MOTOR VEHICLE IN TRANSPORT,03 ANGLE,01 STRAIGHT AHEAD,OPERATED MV IN CARLESS OR NEGL,NO CONTRIBUTING ACTION,00 NOT CODED,00 NOT CODED,00 NOT CODED,00 NOT CODED,01 NO,0,0,0,0,2,0,2,3,N,N,N,Y,N,N,N,N,N,N,N,N,N,N,N,N,N,N,N,N,N,N,N,N,N,N,28.523464736,-81.310439989,469625.447089,3155230.752806,R,,ARBM15Q1R2,"June 10, 2023",3153208,-9051437.119466174,3315133.13794559
2020898479320,2020,898479320,2020TA007688,COUNTY SHERIFF'S OFFICE,05 FIFTH,ORANGE,"August 8, 2020",1043,SUNDAY,7554 WINTER PARK,0754,Y,FAIRBANKS AVE W,BROADVIEW AVE,0.016,W,28.593098,-81.365667,28.593095,-81.3656758,75006000,1.052,03562,SR 426,,R RIGHT,L LEFT TURN,E EAST,20 URBAN 4-5LN 2WY DIVD RASD,03 STATE,01 NON-JUNCTION,01 ON ROADWAY,01 NOT AT INTERSECTION,03 CURB,42,"September 8, 2019",14 URBAN PRIN ART OTHER,24,CURB&GUTTER,2,,0,,0,14,42000,RCI,3,,35,3 NO-INCAPACITATING INJURY,31 Q/C COMPLETED - LOC VERIFIED,0 NO,03 INFLUENCED BY INTERSECTION,01 DAYLIGHT,01 CLEAR,01 DRY,01 LEVEL,1 STRAIGHT,"TWO-WAY, DIVIDED, POSITIVE MED","TWO-WAY, DIVIDED, POSITIVE MED",TRAFFIC CONTROL SIGNAL,TRAFFIC CONTROL SIGNAL,4,NONE,NOT CODED,NOT CODED,NONE,NOT CODED,NOT CODED,14 MOTOR VEHICLE IN TRANSPORT,01 FRONT TO REAR,01 STRAIGHT AHEAD,OTHER CONTRIBUTING ACTION,NO CONTRIBUTING ACTION,00 NOT CODED,00 NOT CODED,00 NOT CODED,00 NOT CODED,01 NO,4,0,0,0,4,0,4,5,N,N,N,Y,N,N,N,N,N,N,N,N,N,N,N,N,N,N,N,N,N,Y,N,N,N,Y,28.593094643,-81.36578356,464233.940933,3162959.990375,C,,ARBM15Q1R2,"June 10, 2023",3153695,-9057597.939712523,3323958.0183419394
2020898479330,2020,898479330,2020TA007816,COUNTY SHERIFF'S OFFICE,05 FIFTH,ORANGE,"August 11, 2020",1223,WEDNESDAY,7554 WINTER PARK,0754,Y,ALOMA AVE,ST ANDREWS BLVD,0.033,E,28.601293,-81.320541,0,0,75090000,2.112,02044,SR 426,,R RIGHT,2 THRU LANE 2,E EAST,20 URBAN 4-5LN 2WY DIVD RASD,03 STATE,01 NON-JUNCTION,01 ON ROADWAY,01 NOT AT INTERSECTION,03 CURB,41,"February 11, 2020",14 URBAN PRIN ART OTHER,26,CURB&GUTTER,2,,0,,0,19,41000,RCI,3.6,,35,1 NO INJURY,31 Q/C COMPLETED - LOC VERIFIED,0 NO,01 NOT AT INTERSECTION/RRX/BRIDGE,01 DAYLIGHT,01 CLEAR,01 DRY,01 LEVEL,1 STRAIGHT,"TWO-WAY, DIVIDED, POSITIVE MED","TWO-WAY, DIVIDED, POSITIVE MED",NO CONTROLS,NO CONTROLS,4,NONE,NOT CODED,NOT CODED,NONE,NOT CODED,NOT CODED,14 MOTOR VEHICLE IN TRANSPORT,01 FRONT TO REAR,01 STRAIGHT AHEAD,FOLLOWED TOO CLOSELY,NO CONTRIBUTING ACTION,00 NOT CODED,00 NOT CODED,00 NOT CODED,00 NOT CODED,01 NO,0,0,0,0,2,0,2,2,N,N,N,N,N,N,N,N,N,N,N,N,N,N,N,N,N,N,N,N,Y,N,N,N,N,N,28.601299465,-81.320582496,468656.130531,3163856.298124,R,,ARBM15Q1R2,"June 10, 2023",3153696,-9052566.17882999,3324998.2806429104
2020898478580,2020,898478580,2020TA006746,COUNTY SHERIFF'S OFFICE,05 FIFTH,ORANGE,"July 10, 2020",2115,SATURDAY,7554 WINTER PARK,0754,Y,LEE RD,ORLANDO AVE,0.002,W,28.605895,-81.365418,0,0,75190000,9.862,06247,SR 423,,R RIGHT,2 THRU LANE 2,E EAST,10 URBAN 2-3LN 2WY DIVD RASD,02 U.S.,02 INTERSECTION,01 ON ROADWAY,02 FOUR-WAY INTERSECTION,03 CURB,40,"September 8, 2019",14 URBAN PRIN ART OTHER,11,PAVED WARN,11,CURB&GUTTER,2,,0,26,39500,RCI,3.2,,35,4 INCAPACITATING INJURY,31 Q/C COMPLETED - LOC VERIFIED,0 NO,02 AT INTERSECTION,04 DARK-LIGHTED,03 RAIN,02 WET,01 LEVEL,1 STRAIGHT,"TWO-WAY, DIVIDED, POSITIVE MED","TWO-WAY, DIVIDED, POSITIVE MED",TRAFFIC CONTROL SIGNAL,TRAFFIC CONTROL SIGNAL,3,"RD SURFC (WET, ICY, SNOW, ETC)",NOT CODED,NOT CODED,WEATHER CONDITIONS,NOT CODED,NOT CODED,14 MOTOR VEHICLE IN TRANSPORT,01 FRONT TO REAR,01 STRAIGHT AHEAD,OPERATED MV IN CARLESS OR NEGL,NO CONTRIBUTING ACTION,00 NOT CODED,00 NOT CODED,00 NOT CODED,00 NOT CODED,01 NO,1,0,1,0,3,0,3,5,N,N,N,Y,N,N,N,N,N,N,N,N,N,N,N,N,Y,N,N,N,N,Y,N,N,N,Y,28.605894641,-81.36511977,464303.172099,3164377.853808,R,,ARBM15Q1R2,"June 10, 2023",3153733,-9057524.046931554,3325580.923084241
2020898265640,2020,898265640,2020-00281309,COUNTY SHERIFF'S OFFICE,05 FIFTH,ORANGE,"September 7, 2020",0949,TUESDAY,7546 ORLANDO,0746,Y,KIRKMAN RD,COURTNEY PL,0.066,S,0,0,28.4970877,-81.4589566,75270000,3.293,03068,SR 435,,L LEFT,3 THRU LANE 3,S SOUTH,33 SUBURBAN 6+LN 2WY DIVD RASD,03 STATE,01 NON-JUNCTION,01 ON ROADWAY,01 NOT AT INTERSECTION,02 UNPAVED,28,"March 14, 2017",14 URBAN PRIN ART OTHER,36,PAVED,5,LAWN,7,,0,37,58000,RCI,6.1,,50,3 NO-INCAPACITATING INJURY,31 Q/C COMPLETED - LOC VERIFIED,0 NO,01 NOT AT INTERSECTION/RRX/BRIDGE,01 DAYLIGHT,01 CLEAR,01 DRY,01 LEVEL,1 STRAIGHT,"TWO-WAY, DIVIDED, UNPROTECTED","TWO-WAY, DIVIDED, UNPROTECTED",NO CONTROLS,NO CONTROLS,6,NONE,NOT CODED,NOT CODED,NONE,NOT CODED,NOT CODED,14 MOTOR VEHICLE IN TRANSPORT,01 FRONT TO REAR,01 STRAIGHT AHEAD,OPERATED MV IN CARLESS OR NEGL,NO CONTRIBUTING ACTION,00 NOT CODED,00 NOT CODED,00 NOT CODED,00 NOT CODED,01 NO,1,0,0,0,2,0,2,2,N,N,N,N,N,N,N,N,N,N,N,N,N,N,N,N,N,N,N,N,N,N,N,N,N,N,28.497091134,-81.45909687,455069.010995,3152355.588111,L,,ARBM15Q1R2,"June 10, 2023",3153782,-9067985.5324897,3311792.074973797
2020898265710,2020,898265710,2020-00234726,COUNTY SHERIFF'S OFFICE,05 FIFTH,ORANGE,"July 27, 2020",2350,TUESDAY,7546 ORLANDO,0746,Y,COLONIAL DR,HUGHEY AVE,0,,0,0,28.5530397,-81.3831266,75060000,0.759,00076,SR 50,US 17,R RIGHT,2 THRU LANE 2,E EAST,20 URBAN 4-5LN 2WY DIVD RASD,03 STATE,01 NON-JUNCTION,01 ON ROADWAY,02 FOUR-WAY INTERSECTION,03 CURB,33,"September 9, 2019",14 URBAN PRIN ART OTHER,22,PAVED,6,CURB&GUTTER,2,,0,12,36000,RCI,4.8,,40,1 NO INJURY,31 Q/C COMPLETED - LOC VERIFIED,0 NO,02 AT INTERSECTION,04 DARK-LIGHTED,01 CLEAR,01 DRY,01 LEVEL,1 STRAIGHT,"TWO-WAY, DIVIDED, UNPROTECTED",ONE-WAY TRAFFICWAY,TRAFFIC CONTROL SIGNAL,NO CONTROLS,4,NONE,NOT CODED,NOT CODED,NONE,NOT CODED,NOT CODED,14 MOTOR VEHICLE IN TRANSPORT,03 ANGLE,01 STRAIGHT AHEAD,RAN RED LIGHT,NO CONTRIBUTING ACTION,00 NOT CODED,00 NOT CODED,00 NOT CODED,00 NOT CODED,01 NO,0,0,0,0,2,0,2,3,N,N,N,Y,N,N,N,N,N,N,N,N,N,N,N,N,N,N,N,N,Y,N,N,N,N,N,28.553034654,-81.383141602,462522.475778,3158527.22223,C,,ARBM15Q1R2,"June 10, 2023",3153783,-9059530.228513058,3318880.1101391157
2020898240650,2020,898240650,2020-00211107,COUNTY SHERIFF'S OFFICE,05 FIFTH,ORANGE,"July 6, 2020",1120,TUESDAY,7546 ORLANDO,0746,Y,KIRKMAN RD S,ARNOLD PALMER DR,0.011,N,0,0,28.5104875,-81.4590482,75270000,4.21,03070,SR 435,,L LEFT,2 THRU LANE 2,S SOUTH,33 SUBURBAN 6+LN 2WY DIVD RASD,03 STATE,01 NON-JUNCTION,01 ON ROADWAY,01 NOT AT INTERSECTION,02 UNPAVED,28,"March 14, 2017",14 URBAN PRIN ART OTHER,36,PAVED,5,LAWN,7,,0,40,58000,RCI,6.1,,50,1 NO INJURY,31 Q/C COMPLETED - LOC VERIFIED,0 NO,03 INFLUENCED BY INTERSECTION,01 DAYLIGHT,01 CLEAR,01 DRY,01 LEVEL,1 STRAIGHT,"TWO-WAY, DIVIDED, POSITIVE MED","TWO-WAY, DIVIDED, POSITIVE MED",TRAFFIC CONTROL SIGNAL,NO CONTROLS,6,NONE,NOT CODED,NOT CODED,NONE,NOT CODED,NOT CODED,14 MOTOR VEHICLE IN TRANSPORT,01 FRONT TO REAR,14 SLOWING,OTHER CONTRIBUTING ACTION,NO CONTRIBUTING ACTION,03 TRANSITION AREA,03 WORK ON SHOULDER OR MEDIAN,01 NO,01 NO,01 NO,0,0,0,0,3,0,3,5,N,Y,N,Y,N,N,N,N,N,N,N,N,N,N,N,N,N,N,N,N,N,N,N,N,N,N,28.510512229,-81.459177083,455066.847184,3153842.477468,L,,ARBM15Q1R2,"June 10, 2023",3154155,-9067994.461820913,3313492.1827876302
2020898268410,2020,898268410,2020-00241052,COUNTY SHERIFF'S OFFICE,05 FIFTH,ORANGE,"August 2, 2020",2121,MONDAY,7546 ORLANDO,0746,Y,KIRKMAN RD,MAJOR BLVD,0,,0,0,28.4775475,-81.4587991,75270000,1.955,00119,SR 435,,R RIGHT,4 THRU LANE 4,N NORTH,33 SUBURBAN 6+LN 2WY DIVD RASD,03 STATE,14 ENTRANCE/EXIT RAMP,01 ON ROADWAY,02 FOUR-WAY INTERSECTION,01 PAVED,36,"March 3, 2020",14 URBAN PRIN ART OTHER,36,PAVED,5,LAWN,6,,0,40,48000,RCI,6.1,,50,2 POSSIBLE INJURY,31 Q/C COMPLETED - LOC VERIFIED,0 NO,02 AT INTERSECTION,04 DARK-LIGHTED,01 CLEAR,01 DRY,01 LEVEL,1 STRAIGHT,"TWO-WAY, DIVIDED, POSITIVE MED","TWO-WAY, DIVIDED, POSITIVE MED",TRAFFIC CONTROL SIGNAL,TRAFFIC CONTROL SIGNAL,6,NONE,NOT CODED,NOT CODED,NONE,NOT CODED,NOT CODED,14 MOTOR VEHICLE IN TRANSPORT,01 FRONT TO REAR,05 TURNING RIGHT,FAILED TO YIELD RIGHT-OF-WAY,NO CONTRIBUTING ACTION,00 NOT CODED,00 NOT CODED,00 NOT CODED,00 NOT CODED,01 NO,1,0,0,0,2,0,2,8,N,N,N,Y,N,N,N,N,N,N,N,N,N,N,N,N,N,N,N,N,N,N,N,N,N,N,28.477927038,-81.458675719,455102.121934,3150232.336679,R,,ARBM15Q1R2,"June 10, 2023",3154192,-9067938.650163123,3309364.8514153427
2020898268450,2020,898268450,2020-00223204,COUNTY SHERIFF'S OFFICE,05 FIFTH,ORANGE,"July 16, 2020",2202,FRIDAY,7546 ORLANDO,0746,Y,KIRKMAN RD,MAJOR BLVD,0.028,S,0,0,28.4771382,-81.4587909,75270000,1.927,00119,SR 435,,L LEFT,S SIDE OF ROAD,S SOUTH,33 SUBURBAN 6+LN 2WY DIVD RASD,05 LOCAL,01 NON-JUNCTION,01 ON ROADWAY,01 NOT AT INTERSECTION,03 CURB,36,"March 3, 2020",14 URBAN PRIN ART OTHER,36,PAVED,5,LAWN,6,,0,40,48000,RCI,6.1,,50,1 NO INJURY,31 Q/C COMPLETED - LOC VERIFIED,1 ALC,01 NOT AT INTERSECTION/RRX/BRIDGE,04 DARK-LIGHTED,01 CLEAR,01 DRY,01 LEVEL,1 STRAIGHT,"TWO-WAY, DIVIDED, UNPROTECTED",,NO CONTROLS,NOT CODED,6,NONE,NOT CODED,NOT CODED,NONE,NOT CODED,NOT CODED,01 OVERTURN/ROLLOVER,77 OTHER (SEE NARRATIVE),01 STRAIGHT AHEAD,OPERATED MV IN CARLESS OR NEGL,NOT CODED,00 NOT CODED,00 NOT CODED,00 NOT CODED,00 NOT CODED,01 NO,0,0,0,0,1,0,1,1,N,N,N,N,Y,N,N,N,N,N,N,N,N,N,N,N,N,N,N,N,N,N,N,N,N,N,28.477099891,-81.458922957,455077.570552,3150140.793813,L,,ARBM15Q1R2,"June 10, 2023",3154193,-9067966.172496393,3309260.0992679694
2020898254000,2020,898254000,2020-00215440,COUNTY SHERIFF'S OFFICE,05 FIFTH,ORANGE,"July 9, 2020",1541,FRIDAY,7546 ORLANDO,0746,Y,LEEVISTA BLVD,NARCOOSSEE RD,0.019,E,0,0,28.4659225,-81.2758171,75080000,9.017,02037,SR 15,,S SIDE RD RIGHT,1 THRU LANE 1,E EAST,20 URBAN 4-5LN 2WY DIVD RASD,05 LOCAL,01 NON-JUNCTION,01 ON ROADWAY,77 OTHER (SEE NARRATIVE),03 CURB,43,"January 9, 2019",16 URBAN MINOR ART,22,PAVED,4,CURB&GUTTER,2,CURB&GUTTER,2,41,22500,RCI,7.8,,45,2 POSSIBLE INJURY,31 Q/C COMPLETED - LOC VERIFIED,0 NO,01 NOT AT INTERSECTION/RRX/BRIDGE,01 DAYLIGHT,01 CLEAR,01 DRY,01 LEVEL,1 STRAIGHT,"TWO-WAY, DIVIDED, POSITIVE MED","TWO-WAY, DIVIDED, POSITIVE MED",NO CONTROLS,NO CONTROLS,4,NONE,NOT CODED,NOT CODED,NONE,NOT CODED,NOT CODED,14 MOTOR VEHICLE IN TRANSPORT,"04 SIDESWIPE, SAME DIRECTION",77 OTHER (SEE NARRATIVE),OPERATED MV IN CARLESS OR NEGL,NO CONTRIBUTING ACTION,00 NOT CODED,00 NOT CODED,00 NOT CODED,00 NOT CODED,01 NO,1,0,0,0,2,0,2,2,N,N,N,N,Y,N,N,N,N,N,N,N,N,N,N,Y,N,N,N,N,Y,N,N,N,N,N,28.465939672,-81.27576359,473003.69131,3148849.616693,R,,ARBM15Q1R2,"June 10, 2023",3154388,-9047576.959129237,3307846.819213402
2020898241840,2020,898241840,2020-00241677,COUNTY SHERIFF'S OFFICE,05 FIFTH,ORANGE,"August 3, 2020",1140,TUESDAY,7546 ORLANDO,0746,Y,US 441,WINTER ROSE DR,0,,0,0,28.6087375,-81.4258446,75020000,4.349,01313,SR 500,US 441,R RIGHT,2 THRU LANE 2,N NORTH,23 SUBURBAN 4-5LN 2WY DIVD RASD,02 U.S.,01 NON-JUNCTION,01 ON ROADWAY,01 NOT AT INTERSECTION,03 CURB,40,"January 22, 2020",14 URBAN PRIN ART OTHER,23,PAVED,4,LAWN,6,,0,40,31500,RCI,4.6,,50,1 NO INJURY,31 Q/C COMPLETED - LOC VERIFIED,0 NO,02 AT INTERSECTION,01 DAYLIGHT,01 CLEAR,01 DRY,01 LEVEL,1 STRAIGHT,"TWO-WAY, DIVIDED, POSITIVE MED","TWO-WAY, DIVIDED, POSITIVE MED",TRAFFIC CONTROL SIGNAL,TRAFFIC CONTROL SIGNAL,4,NONE,NOT CODED,NOT CODED,NONE,NOT CODED,NOT CODED,14 MOTOR VEHICLE IN TRANSPORT,01 FRONT TO REAR,01 STRAIGHT AHEAD,OPERATED MV IN CARLESS OR NEGL,NO CONTRIBUTING ACTION,00 NOT CODED,00 NOT CODED,00 NOT CODED,00 NOT CODED,01 NO,0,0,0,0,2,0,2,2,N,N,N,Y,N,N,N,N,N,N,Y,N,N,N,N,N,N,N,N,N,N,N,N,N,N,N,28.608789877,-81.425757991,458375.813927,3164718.197936,R,,ARBM15Q1R2,"June 10, 2023",3154390,-9064274.26487018,3325948.0357718933